name	Literature_Model_Input	Literature_Model_v8_Output	Mouse_Microarray_v8_Input	Mouse_Microarray_v8_Output	Rat_Microarray_v8_Input	Rat_Microarray_v8_Output	Rat_RNA_Seq_v8_Input	Rat_RNA_Seq_v8_Output
'1A25DHVITD3te'	0	0	0	0	0	0	1	0
'2HBO'	0	0	0	0	0	0	0	1
'2MB2COAc'	0	0	0	0	0	0	0	1
'2OBUTt'	0	0	0	0	0	0	0	1
'2OXOADOXm'	0	0	0	0	0	0	1	0
'3DSPHR'	0	0	0	0	0	1	0	0
'3HBCDm'	0	0	0	0	0	0	0	1
'3HBCOAHLm'	0	0	0	0	0	0	0	1
'3HBCOARc'	0	0	0	0	0	0	0	1
'4AABUTNt'	0	0	0	1	0	0	0	0
'A_MANASEly'	0	0	0	0	0	0	1	0
'ACACT10m'	0	0	0	0	0	0	0	1
'ACACT4p'	0	0	0	1	0	1	0	0
'ACACT5p'	0	0	0	1	0	1	0	0
'ACACT6p'	0	0	0	1	0	1	0	0
'ACACT7p'	0	0	0	1	0	1	0	0
'ACACT8p'	0	0	0	1	0	1	0	0
'ACACT9p'	0	0	0	1	0	0	0	0
'ACOAD10m'	0	0	0	0	1	0	0	1
'ACOAD1fm'	0	0	0	0	1	0	0	0
'ACOAD8m'	0	0	0	0	0	0	0	1
'ACOAD9m'	0	0	0	0	1	0	0	1
'ACOAO7p'	0	0	0	1	0	0	0	1
'ACOX22x'	0	0	0	1	0	0	0	1
'ADNCYC'	1	0	0	0	1	0	0	0
'ADRNCPT1'	0	0	0	0	0	0	1	0
'ADSL1'	0	0	0	0	1	0	0	0
'ADSL2'	0	0	0	0	1	0	0	0
'ADSS'	0	0	0	0	0	1	0	0
'AGTix'	0	0	0	1	0	0	0	0
'AHC'	0	0	0	0	1	0	0	0
'AICART'	0	0	0	0	0	1	0	0
'AICARte'	0	0	0	0	0	1	0	0
'AIRCr'	0	0	0	0	0	1	0	0
'AKGDm'	0	0	0	0	0	0	1	0
'AMPDA'	0	0	0	0	0	1	0	0
'APRTO2'	0	0	0	1	0	0	0	0
'ARACHCOAtx'	0	0	0	1	0	0	0	0
'ARACHCPT1'	0	0	0	0	0	0	1	0
'ARACHCPT2'	0	0	0	0	0	0	0	1
'ARTPLM3m'	0	0	0	0	0	0	0	1
'ASPDt6'	0	0	0	0	0	0	1	0
'ASPDTDe'	0	0	0	0	0	0	0	1
'ASPt6'	0	0	0	0	0	0	1	0
'ASPte'	0	0	0	0	0	0	0	1
'ATPH1e'	0	0	0	0	0	0	1	0
'ATPH2e'	0	0	0	0	0	0	1	0
'ATPS4mi'	0	0	0	1	0	0	0	0
'BCRNe'	0	0	0	0	0	0	0	1
'BETALDHxm'	0	0	0	0	0	1	0	1
'BHMT'	0	0	0	0	0	1	0	1
'BPNT'	1	0	0	0	0	0	0	0
'C02356t'	0	0	0	0	0	0	0	1
'C100CPT1'	0	0	0	0	0	0	1	0
'C101CPT1'	0	0	0	0	0	0	1	0
'C101CRNe'	0	0	0	0	0	0	0	1
'C102CPT1'	0	0	0	0	0	0	1	0
'C10CRNe'	0	0	0	0	0	0	0	1
'C10DCc'	0	0	0	0	0	0	1	0
'C10OHc'	0	0	0	0	0	0	1	0
'C120CPT1'	0	0	0	0	0	0	1	0
'C121CPT1'	0	0	0	0	0	0	1	0
'C12DCACOT'	0	0	0	0	0	0	0	1
'C12DCACT'	0	0	0	0	0	0	0	1
'C12DCTD'	0	0	0	0	0	0	0	1
'C12OHc'	0	0	0	0	0	0	1	0
'C140CPT1'	0	0	0	0	0	0	1	0
'C141ACBP'	0	0	0	0	0	0	0	1
'C141CPT1'	0	0	0	0	0	0	1	0
'C141OHc'	0	0	0	0	0	0	1	0
'C141OHe'	0	0	0	0	0	0	0	1
'C142ACBP'	0	0	0	0	0	0	0	1
'C142CPT1'	0	0	0	0	0	0	1	0
'C142OHc'	0	0	0	0	0	0	1	0
'C142OHe'	0	0	0	0	0	0	0	1
'C14OHc'	0	0	0	0	0	0	1	0
'C14STRr'	0	0	0	1	0	0	0	0
'C160CPT1'	0	0	0	0	0	0	1	0
'C160CPT2'	0	0	0	0	0	1	0	1
'C161CPT1'	0	0	0	0	0	0	1	0
'C161CPT12'	0	0	0	1	0	1	1	0
'C161CPT22'	0	0	0	0	0	1	0	1
'C161OHc'	0	0	0	0	0	0	1	0
'C162ACBP'	0	0	0	0	0	0	0	1
'C162OHc'	0	0	0	0	0	0	1	0
'C162OHe'	0	0	0	0	0	0	0	1
'C16DCc'	0	0	0	0	0	0	1	0
'C16OHc'	0	0	0	0	0	0	1	0
'C180CPT1'	0	0	0	0	0	1	1	0
'C180CPT2'	0	0	0	0	0	1	0	1
'C181CPT1'	0	0	0	0	0	0	1	0
'C181OHc'	0	0	0	0	0	0	1	0
'C182OHc'	0	0	0	0	0	0	1	0
'C18OHc'	0	0	0	0	0	0	1	0
'C204CPT1'	0	0	0	0	0	0	1	0
'C204CPT2'	0	0	0	0	0	1	0	0
'C226CPT1'	0	0	0	0	0	1	1	0
'C226CPT2'	0	0	0	0	0	1	0	1
'C30CPT1'	0	0	0	0	0	0	1	0
'C3DCe'	0	0	0	0	0	0	0	1
'C3STDH1Pr'	0	0	0	1	0	0	0	0
'C3STDH1r'	0	0	0	1	0	0	0	0
'C3STKR2r'	0	0	0	1	0	0	0	0
'C40CPT1'	0	0	0	0	0	0	1	0
'C4OHc'	0	0	0	0	0	0	1	0
'C4STMO2Pr'	0	0	0	1	0	0	0	0
'C4STMO2r'	0	0	0	1	0	0	0	0
'C4tcx'	0	0	0	0	0	1	0	0
'C4x'	0	0	0	0	0	1	0	0
'C50CPT1'	0	0	0	0	0	0	1	0
'C51CPT1'	0	0	0	0	0	0	1	0
'C5DCe'	0	0	0	0	0	0	0	1
'C60CPT1'	0	0	0	0	0	0	1	0
'C6COAt'	0	0	0	0	0	0	0	1
'C6CRNtcx'	0	0	0	0	0	0	0	1
'C6DCc'	0	0	0	0	0	0	1	0
'C80CPT1'	0	0	0	1	0	1	1	0
'C81CPT1'	0	0	0	0	0	0	1	0
'C81CRNe'	0	0	0	0	0	0	0	1
'C8DCc'	0	0	0	0	0	0	1	0
'CAATPS'	0	0	0	0	0	0	1	0
'CAPROICc'	0	0	0	0	0	1	0	0
'CHLPCTD'	0	0	0	0	0	1	0	0
'CHLtm'	0	0	0	0	0	1	0	1
'CHOLD2m'	0	0	0	0	0	1	1	0
'CHOLPtr'	0	0	0	0	0	1	0	0
'CLOXAtex2'	0	0	0	1	0	0	0	0
'CLPNDCPT1'	0	0	0	0	0	1	1	0
'CLPNDCPT2'	0	0	0	0	0	1	0	1
'CO2ter'	0	0	0	1	0	0	0	0
'CRMte'	0	1	0	0	0	0	0	0
'CRVSM1hr'	0	0	0	0	1	0	0	0
'CRVSM23hr'	0	0	0	0	1	0	0	0
'CSm'	0	0	0	0	0	0	1	0
'CSNAT2m'	0	0	0	0	0	0	0	1
'CYOOm3i'	0	0	0	1	0	0	0	0
'CYOR_u10mi'	0	0	0	1	0	0	1	0
'DADNt4'	0	0	0	0	0	1	0	0
'DCIm'	0	0	0	0	0	1	0	0
'DCSPTN1COAtx'	0	0	0	0	0	1	0	0
'DCSPTN1CPT1'	0	0	0	0	0	1	1	0
'DCSPTN1CPT2'	0	0	0	0	0	1	0	0
'DDCAte'	0	0	0	0	0	1	0	1
'DDCRNe'	0	0	0	0	0	0	0	1
'DDECCRNe'	0	0	0	0	0	0	0	1
'DDECE1CRNe'	0	0	0	0	0	0	0	1
'DECCRNe'	0	0	0	0	0	0	0	1
'DECDICRNe'	0	0	0	0	0	0	0	1
'DESAT14_9'	0	0	0	1	0	0	0	1
'DESAT18_10'	0	0	0	0	0	0	0	1
'DESAT18_4'	0	0	0	1	0	1	0	0
'DESAT18_6'	0	0	0	0	0	1	0	0
'DESAT18_7'	0	0	0	1	0	1	0	0
'DESAT18_8'	0	0	0	1	0	1	0	0
'DESAT18_9'	0	0	0	0	0	1	0	1
'DESAT20_1'	0	0	0	0	0	0	0	1
'DGSNt'	0	0	0	0	0	1	0	0
'DHCR71r'	0	0	0	1	0	0	0	0
'DINt'	0	0	0	0	0	1	0	0
'DLNLCGCPT1'	0	0	0	0	0	1	1	0
'DLNLCGCPT2'	0	0	0	0	0	1	0	1
'DM_for[c]'	0	0	0	1	0	0	0	0
'DMATT'	0	0	0	1	0	0	0	0
'DMGLYtr'	0	0	0	0	0	1	0	1
'DOCOSACTDr'	0	0	0	0	0	0	0	1
'DPMVDc'	0	0	0	1	0	0	0	0
'DPMVDx'	0	0	0	1	0	0	0	0
'DSMSTEROLte'	0	0	0	1	0	0	0	0
'DSMSTEROLtr'	0	0	0	1	0	0	0	0
'EBP1r'	0	0	0	1	0	0	0	0
'ECOAH12m'	0	0	0	0	0	0	0	1
'ECOAH1m'	0	0	0	0	0	1	0	0
'ECOAH1x'	0	0	0	0	0	1	0	1
'ECOAH9m'	0	0	0	0	0	0	0	1
'EICOSTETCPT1'	0	0	0	0	0	1	1	0
'EICOSTETCPT2'	0	0	0	0	0	1	0	1
'ELAIDCPT1'	0	0	0	0	0	1	1	0
'ELAIDCPT2'	0	0	0	0	0	1	0	1
'ETF'	0	0	0	1	0	0	0	0
'ETFQO'	0	0	0	1	0	0	0	0
'EX_2hb[e]'	0	0	0	0	0	0	0	1
'EX_2obut[e]'	0	0	0	0	0	0	0	1
'EX_3bcrn[e]'	0	0	0	0	0	0	0	1
'EX_3ddcrn[e]'	0	0	0	0	0	0	0	1
'EX_3deccrn[e]'	0	0	0	0	0	0	0	1
'EX_3hdececrn[e]'	0	0	0	0	0	0	0	1
'EX_3hexdcrn[e]'	0	0	0	0	0	0	0	1
'EX_3ivcrn[e]'	0	0	0	0	0	0	0	1
'EX_3octdec2crn[e]'	0	0	0	0	0	0	0	1
'EX_3octdeccrn[e]'	0	0	0	0	0	0	0	1
'EX_3octdece1crn[e]'	0	0	0	0	0	0	0	1
'EX_3tdcrn[e]'	0	0	0	0	0	0	0	1
'EX_3tetd7ecoacrn[e]'	0	0	0	0	0	0	0	1
'EX_3thexddcoacrn[e]'	0	0	0	0	0	0	0	1
'EX_3ttetddcoacrn[e]'	0	0	0	0	0	0	0	1
'EX_4aabutn[e]'	0	0	0	1	0	0	0	0
'EX_ach[e]'	0	0	0	0	0	1	0	0
'EX_ade[e]'	0	0	0	0	0	1	0	0
'EX_adn[e]'	0	0	0	0	0	1	0	0
'EX_aicar[e]'	0	0	0	0	0	1	0	0
'EX_amp[e]'	0	0	0	0	0	1	0	0
'EX_arach[e]'	0	0	0	0	0	1	0	0
'EX_asp_L[e]'	0	0	0	0	0	0	0	1
'EX_C02356[e]'	0	0	0	0	0	0	0	1
'EX_c101crn[e]'	0	0	0	0	0	0	0	1
'EX_c10crn[e]'	0	0	0	0	0	0	0	1
'EX_c3dc[e]'	0	0	0	0	0	0	0	1
'EX_c51crn[e]'	0	0	0	0	0	0	0	1
'EX_c5dc[e]'	0	0	0	0	0	0	0	1
'EX_c81crn[e]'	0	0	0	0	0	0	0	1
'EX_caproic[e]'	0	0	0	0	0	1	0	0
'EX_chol[e]'	0	0	0	0	0	1	0	0
'EX_cholp[e]'	0	0	0	0	0	1	0	0
'EX_crvnc[e]'	0	0	0	0	0	1	0	0
'EX_dad_2[e]'	0	0	0	0	0	1	0	0
'EX_ddca[e]'	0	0	0	0	0	1	0	1
'EX_ddece1crn[e]'	0	0	0	0	0	0	0	1
'EX_ddecrn[e]'	0	0	0	0	0	0	0	1
'EX_decdicrn[e]'	0	0	0	0	0	0	0	1
'EX_dgsn[e]'	0	0	0	0	0	1	0	0
'EX_din[e]'	0	0	0	0	0	1	0	0
'EX_dmgly[e]'	0	0	0	0	0	1	0	1
'EX_dsmsterol[e]'	0	0	0	1	0	0	0	0
'EX_for[e]'	0	0	0	1	0	0	0	0
'EX_glyb[e]'	0	0	0	0	0	1	0	1
'EX_gsn[e]'	0	0	0	0	0	1	0	0
'EX_gua[e]'	0	0	0	0	0	1	0	0
'EX_hdca[e]'	0	0	0	0	0	1	0	0
'EX_hxa[e]'	0	0	0	0	0	1	0	0
'EX_hxan[e]'	0	0	0	0	0	1	0	0
'EX_imp[e]'	0	0	0	0	0	1	0	0
'EX_ins[e]'	0	0	0	0	0	1	0	0
'EX_ivcrn[e]'	0	0	0	0	0	0	0	1
'EX_lneldc[e]'	0	0	0	1	0	1	0	0
'EX_lthstrl[e]'	0	0	0	1	0	0	0	0
'EX_M00017[e]'	0	0	0	1	0	1	0	0
'EX_M00341[e]'	0	0	0	0	0	1	0	0
'EX_M01197[e]'	0	0	0	0	0	1	0	1
'EX_M01582[e]'	0	0	0	1	0	1	0	0
'EX_M02457[e]'	0	0	0	1	0	1	0	0
'EX_M02745[e]'	0	0	0	0	0	1	0	1
'EX_o2s[e]'	0	0	0	1	0	0	0	0
'EX_ocdca[e]'	0	0	0	0	0	1	0	0
'EX_ocdcea[e]'	0	0	0	0	0	1	0	0
'EX_orn[e]'	0	0	0	1	0	0	0	0
'EX_oxa[e]'	0	0	0	1	0	0	0	0
'EX_prpp[e]'	0	0	0	0	0	1	0	0
'EX_ptrc[e]'	0	0	0	1	0	0	0	0
'EX_sphgn[e]'	0	0	0	0	0	1	0	0
'EX_tetdec2crn[e]'	0	0	0	0	0	0	0	1
'EX_tetdece1crn[e]'	0	0	0	0	0	0	0	1
'EX_ttdcea[e]'	0	0	0	0	0	1	0	0
'EX_xan[e]'	0	0	0	0	0	1	0	0
'EX_xmp[e]'	0	0	0	0	0	1	0	0
'EX_xtsn[e]'	0	0	0	0	0	1	0	0
'FADH2tx'	0	0	0	0	0	1	0	0
'FADtx'	0	0	0	0	0	1	0	0
'FAOXC101C102m'	0	0	0	0	1	0	0	0
'FAOXC101C102x'	0	0	0	1	0	0	0	0
'FAOXC101x'	0	0	0	0	0	1	0	0
'FAOXC102C101m'	0	0	0	0	0	1	0	0
'FAOXC102C103m'	0	0	0	0	1	0	0	0
'FAOXC102C103x'	0	0	0	1	0	1	0	1
'FAOXC102C81m'	0	0	0	0	0	1	0	0
'FAOXC102C81x'	0	0	0	1	0	1	0	1
'FAOXC102m'	0	0	0	0	0	1	0	0
'FAOXC102x'	0	0	0	1	0	1	0	1
'FAOXC103C102m'	0	0	0	0	0	1	0	0
'FAOXC103C102x'	0	0	0	1	0	1	0	1
'FAOXC10C10OHm'	0	0	0	0	1	0	0	0
'FAOXC10C8x'	0	0	0	1	0	1	0	0
'FAOXC11'	0	0	0	0	1	0	0	0
'FAOXC11C9m'	0	0	0	0	1	0	0	0
'FAOXC121C101m'	0	0	0	1	1	0	0	0
'FAOXC122C101m'	0	0	0	0	0	1	0	0
'FAOXC122m'	0	0	0	0	0	1	0	0
'FAOXC122x'	0	0	0	0	0	1	0	0
'FAOXC123C102m'	0	0	0	0	0	1	0	0
'FAOXC123C102x'	0	0	0	1	0	1	0	1
'FAOXC123m'	0	0	0	0	0	1	0	0
'FAOXC123x'	0	0	0	1	0	1	0	1
'FAOXC12C12OHm'	0	0	0	0	1	0	0	0
'FAOXC12DCc'	0	0	0	0	0	0	1	0
'FAOXC12DCTc'	0	0	0	0	0	0	0	1
'FAOXC12DCx'	0	0	0	0	0	0	0	1
'FAOXC140'	0	0	0	0	1	0	0	0
'FAOXC141C121m'	0	0	0	1	0	1	0	0
'FAOXC141C141OHm'	0	0	0	0	0	0	0	1
'FAOXC142C122m'	0	0	0	0	0	1	0	0
'FAOXC142C122x'	0	0	0	0	0	1	0	0
'FAOXC142C142OHm'	0	0	0	0	0	0	0	1
'FAOXC143C123m'	0	0	0	0	0	1	0	0
'FAOXC143C123x'	0	0	0	1	0	1	0	1
'FAOXC14C12m'	0	0	0	0	0	1	0	0
'FAOXC14C12x'	0	0	0	1	0	1	0	0
'FAOXC14C14OHm'	0	0	0	0	0	1	0	0
'FAOXC150m'	0	0	0	0	1	0	0	0
'FAOXC160'	0	0	0	0	1	0	0	0
'FAOXC16080m'	0	0	0	0	1	0	0	0
'FAOXC161802m'	0	0	0	0	1	0	0	0
'FAOXC16180m'	0	0	0	1	1	0	0	0
'FAOXC161C141m'	0	0	0	1	0	1	0	0
'FAOXC161C161OHm'	0	0	0	0	0	0	0	1
'FAOXC162C142m'	0	0	0	0	0	1	0	0
'FAOXC162C162OHm'	0	0	0	0	0	0	0	1
'FAOXC163C142x'	0	0	0	0	0	1	0	0
'FAOXC163C143m'	0	0	0	0	0	1	0	0
'FAOXC163C164Gm'	0	0	0	0	0	1	0	0
'FAOXC163C164x'	0	0	0	0	0	1	0	0
'FAOXC163GC142m'	0	0	0	0	0	1	0	0
'FAOXC163Gm'	0	0	0	0	0	1	0	0
'FAOXC163x'	0	0	0	0	0	1	0	0
'FAOXC164C143m'	0	0	0	0	0	1	0	1
'FAOXC164C143x'	0	0	0	1	0	1	0	1
'FAOXC164C163x'	0	0	0	0	0	1	0	0
'FAOXC164C165m'	0	0	0	0	0	1	0	1
'FAOXC164C165x'	0	0	0	1	0	1	0	1
'FAOXC164GC163m'	0	0	0	0	0	1	0	0
'FAOXC164m'	0	0	0	0	0	1	0	1
'FAOXC164x'	0	0	0	1	0	1	0	1
'FAOXC165C164m'	0	0	0	0	0	1	0	1
'FAOXC165C164x'	0	0	0	1	0	1	0	1
'FAOXC16C14m'	0	0	0	0	0	1	0	0
'FAOXC16C16OHm'	0	0	0	0	0	0	0	1
'FAOXC170m'	0	0	0	0	1	0	0	0
'FAOXC180'	0	0	0	0	1	0	0	0
'FAOXC1811601m'	0	0	0	0	1	0	0	0
'FAOXC1811602m'	0	0	0	1	1	0	0	1
'FAOXC1811603m'	0	0	0	0	1	0	0	0
'FAOXC181C161m'	0	0	0	1	0	1	0	1
'FAOXC181C181OHm'	0	0	0	0	0	0	0	1
'FAOXC182806m'	0	0	0	0	1	0	0	0
'FAOXC18280m'	0	0	0	1	1	0	0	1
'FAOXC182C162m'	0	0	0	0	0	1	0	0
'FAOXC182C182OHm'	0	0	0	0	0	0	0	1
'FAOXC183803m'	0	0	0	0	1	0	0	0
'FAOXC183806m'	0	0	0	0	1	0	0	0
'FAOXC183C163Gm'	0	0	0	0	0	1	0	0
'FAOXC183C163m'	0	0	0	0	0	1	0	0
'FAOXC18480m'	0	0	0	0	1	0	0	1
'FAOXC184C163m'	0	0	0	0	0	1	0	0
'FAOXC184C163x'	0	0	0	0	0	1	0	0
'FAOXC184C164m'	0	0	0	0	0	1	0	1
'FAOXC184C164x'	0	0	0	1	0	1	0	1
'FAOXC184m'	0	0	0	0	0	1	0	0
'FAOXC184x'	0	0	0	0	0	1	0	0
'FAOXC185C164m'	0	0	0	0	0	1	0	1
'FAOXC185m'	0	0	0	0	0	1	0	1
'FAOXC18C18OHm'	0	0	0	0	0	0	0	1
'FAOXC200180m'	0	0	0	0	1	0	0	1
'FAOXC2031836m'	0	0	0	0	1	0	0	1
'FAOXC204'	0	0	0	0	1	0	0	0
'FAOXC204184m'	0	0	0	0	1	0	0	1
'FAOXC204C184m'	0	0	0	0	0	1	0	0
'FAOXC204C205x'	0	0	0	0	0	1	0	0
'FAOXC2051843m'	0	0	0	0	1	0	0	1
'FAOXC2051843x'	0	0	0	1	0	1	0	1
'FAOXC205C184x'	0	0	0	0	0	1	0	0
'FAOXC205C185m'	0	0	0	0	0	1	0	1
'FAOXC2242046m'	0	0	0	0	1	0	0	0
'FAOXC2251836m'	0	0	0	0	1	0	0	0
'FAOXC2252053m'	0	0	0	0	1	0	0	0
'FAOXC225C204m'	0	0	0	0	0	1	0	0
'FAOXC225C204x'	0	0	0	0	0	1	0	0
'FAOXC225C226m'	0	0	0	0	0	1	0	0
'FAOXC225C226x'	0	0	0	0	0	1	0	0
'FAOXC225m'	0	0	0	0	0	1	0	0
'FAOXC225x'	0	0	0	0	0	1	0	0
'FAOXC226'	0	0	0	0	1	0	0	1
'FAOXC226205m'	0	0	0	0	1	0	0	1
'FAOXC226C205m'	0	0	0	0	0	1	0	1
'FAOXC226C225m'	0	0	0	0	0	1	0	0
'FAOXC226C225x'	0	0	0	0	0	1	0	0
'FAOXC226C227m'	0	0	0	0	0	1	0	1
'FAOXC226m'	0	0	0	0	0	1	0	1
'FAOXC227C226m'	0	0	0	0	0	1	0	1
'FAOXC3DC'	0	0	0	0	0	0	1	0
'FAOXC4C4DCc'	0	0	0	0	0	0	1	0
'FAOXC5C5DCc'	0	0	0	0	0	0	1	0
'FAOXC5C5OHm'	0	0	0	0	0	0	0	1
'FAOXC5OHc'	0	0	0	0	0	0	1	0
'FAOXC61C4m'	0	0	0	0	0	1	0	0
'FAOXC61m'	0	0	0	0	0	1	0	0
'FAOXC61x'	0	0	0	1	0	1	0	1
'FAOXC7C5m'	0	0	0	0	1	0	0	0
'FAOXC80'	0	0	0	0	1	0	0	0
'FAOXC81C61m'	0	0	0	0	1	0	0	0
'FAOXC81C61x'	0	0	0	1	0	1	0	1
'FAOXC9C7m'	0	0	0	0	1	0	0	0
'FAOXTC101TC102m'	0	0	0	1	1	0	0	1
'FAOXTC102C101m'	0	0	0	1	0	1	0	1
'FAOXTC122m'	0	0	0	1	0	1	0	1
'FAOXTC122TC101m'	0	0	0	1	0	1	0	1
'FAOXTC142TC122m'	0	0	0	1	0	1	0	1
'FAOXTC162TC142m'	0	0	0	1	0	1	0	1
'FAOXTC182TC162m'	0	0	0	1	0	1	0	1
'FDH'	0	0	0	1	0	0	0	0
'FOAXC122C101x'	0	0	0	0	0	1	0	0
'FORt2m'	0	0	0	1	0	0	0	0
'FORtr'	0	0	0	1	0	0	0	0
'FTHFL'	0	0	0	1	0	0	0	0
'FTHFLm'	0	0	0	1	0	0	0	0
'G6PDH1rer_b'	0	0	0	0	1	0	0	0
'G6PDH1rer_f'	0	0	0	0	1	0	0	0
'G6PDH2rer_b'	0	0	0	0	1	0	0	0
'G6PDH2rer_f'	0	0	0	0	1	0	0	0
'GARFT'	0	0	0	0	0	1	0	0
'GBA'	0	1	0	0	0	0	0	0
'GBA2e'	0	1	0	0	0	0	0	0
'GCC2cm'	0	0	0	0	0	0	0	1
'GGNG'	0	1	0	0	1	0	0	0
'GLBRAN'	0	1	0	0	0	0	0	0
'GLCAASE1ly'	0	0	0	0	1	0	0	0
'GLCAASE4ly'	0	0	0	0	1	0	0	0
'GLCAASE5ly'	0	0	0	0	1	0	0	0
'GLCAASE6ly'	0	0	0	0	1	0	0	0
'GLCAASE7ly'	0	0	0	0	1	0	0	0
'GLCAASE8ly'	0	0	0	0	1	0	0	0
'GLCAASE9ly'	0	0	0	0	1	0	0	0
'GLCNACT1g'	0	0	0	0	0	0	1	0
'GLGNS1'	0	1	0	0	1	0	0	0
'GLPASE2'	0	1	0	0	0	0	0	0
'GLUPRT'	0	0	0	0	0	1	0	0
'GLUt6_s'	0	0	0	0	0	0	1	0
'GLUt6'	0	0	0	0	0	0	1	0
'GLUTCOAACBP'	0	0	0	0	0	0	0	1
'GLXO1'	0	0	0	1	0	0	0	0
'GLXtp'	0	0	0	1	0	0	0	0
'GLYBtm'	0	0	0	0	0	1	0	1
'GLYCLTtp'	0	0	0	1	0	0	0	0
'GLYCTO1p'	0	0	0	1	0	0	0	0
'GRTT'	0	0	0	1	0	0	0	0
'GTHPm'	0	0	0	0	0	0	1	0
'GUAPRT'	0	0	0	0	1	0	0	0
'GUAt'	0	0	0	0	0	1	0	0
'H2O2tn'	0	0	0	1	0	0	0	0
'H2O2tp'	0	0	0	1	0	0	0	0
'HACD1m'	0	0	0	0	0	1	0	0
'HACD1x'	0	0	0	0	0	1	0	1
'HACD9m'	0	0	0	0	0	0	0	1
'HDCACBP'	0	0	0	0	0	0	0	1
'HDD2COAtx'	0	0	0	1	0	1	0	1
'HDDACBP'	0	0	0	0	0	0	0	1
'HDECAACBP'	0	0	0	0	0	0	0	1
'HDECEACBP'	0	0	0	0	0	0	0	1
'HEDCECRNe'	0	0	0	0	0	0	0	1
'HEX1'	0	1	0	0	0	0	0	0
'HEX7'	0	1	0	0	0	0	0	0
'HEXCCOAtx'	0	0	0	1	0	0	0	0
'HEXCOAACBP'	0	0	0	0	0	1	0	0
'HEXDCRNe'	0	0	0	0	0	0	0	1
'HIBDm'	0	0	0	0	0	0	0	1
'HIVCACBP'	0	0	0	0	0	0	0	1
'HIVCRNe'	0	0	0	0	0	0	0	1
'HMR_0019'	0	0	0	0	0	0	1	0
'HMR_0020'	0	0	0	0	0	0	0	1
'HMR_0167'	0	0	0	0	0	1	0	0
'HMR_0182'	0	0	0	0	0	0	0	1
'HMR_0230'	0	0	0	0	0	0	0	1
'HMR_0276'	0	0	0	1	0	1	0	0
'HMR_0378'	0	0	0	0	0	1	0	0
'HMR_0597'	0	0	0	0	0	1	0	0
'HMR_0625'	0	0	0	0	0	1	0	0
'HMR_0629'	0	0	0	0	0	1	0	0
'HMR_0678'	0	0	0	0	0	0	1	0
'HMR_0761'	0	1	0	0	0	0	1	0
'HMR_0765'	0	0	0	0	0	0	1	0
'HMR_0770'	0	1	0	0	0	0	0	0
'HMR_1465'	0	0	0	1	0	0	0	0
'HMR_1467'	0	0	0	1	0	0	0	0
'HMR_1470'	0	0	0	1	0	0	0	0
'HMR_1473'	0	0	0	1	0	0	0	0
'HMR_1484'	0	0	0	1	0	0	0	1
'HMR_1490'	0	0	0	1	0	0	0	1
'HMR_1493'	0	0	0	1	0	0	0	1
'HMR_1494'	0	0	0	1	0	0	0	1
'HMR_1495'	0	0	0	1	0	0	0	1
'HMR_1496'	0	0	0	1	0	0	0	1
'HMR_1500'	0	0	0	1	0	0	0	1
'HMR_1502'	0	0	0	1	0	0	0	1
'HMR_1503'	0	0	0	1	0	0	0	1
'HMR_1504'	0	0	0	1	0	0	0	1
'HMR_1505'	0	0	0	1	0	0	0	1
'HMR_1509'	0	0	0	1	0	0	0	1
'HMR_1512'	0	0	0	1	0	0	0	1
'HMR_1516'	0	0	0	1	0	0	0	1
'HMR_1536'	0	0	0	1	0	0	0	0
'HMR_1538'	0	0	0	1	0	0	0	0
'HMR_1539'	0	0	0	1	0	0	0	0
'HMR_1540'	0	0	0	1	0	0	0	0
'HMR_1543'	0	0	0	1	0	0	0	0
'HMR_1544'	0	0	0	1	0	0	0	0
'HMR_1545'	0	0	0	1	0	0	0	0
'HMR_1546'	0	0	0	1	0	0	0	0
'HMR_1547'	0	0	0	1	0	0	0	0
'HMR_1548'	0	0	0	1	0	0	0	0
'HMR_1549'	0	0	0	1	0	0	0	0
'HMR_1550'	0	0	0	1	0	0	0	0
'HMR_1551'	0	0	0	1	0	0	0	0
'HMR_1552'	0	0	0	1	0	0	0	0
'HMR_1706'	0	0	0	1	0	0	0	0
'HMR_1807'	0	0	0	1	0	0	0	0
'HMR_2215'	0	0	0	1	0	0	0	0
'HMR_2217'	0	0	0	1	0	0	0	0
'HMR_2218'	0	0	0	1	0	0	0	0
'HMR_2219'	0	0	0	1	0	0	0	0
'HMR_2259'	0	0	0	0	0	0	0	1
'HMR_2260'	0	0	0	0	0	0	0	1
'HMR_2261'	0	0	0	0	0	0	0	1
'HMR_2262'	0	0	0	0	0	0	0	1
'HMR_2263'	0	0	0	0	0	0	0	1
'HMR_2264'	0	0	0	0	0	0	0	1
'HMR_2265'	0	0	0	0	0	0	0	1
'HMR_2266'	0	0	0	0	0	0	0	1
'HMR_2293'	0	0	0	1	0	1	0	0
'HMR_2296'	0	0	0	1	0	1	0	0
'HMR_2342'	0	0	0	0	0	0	0	1
'HMR_2343'	0	0	0	0	0	0	0	1
'HMR_2344'	0	0	0	0	0	0	0	1
'HMR_2345'	0	0	0	0	0	0	0	1
'HMR_2347'	0	0	0	1	0	1	0	0
'HMR_2348'	0	0	0	1	0	1	0	0
'HMR_2349'	0	0	0	1	0	1	0	0
'HMR_2350'	0	0	0	1	0	1	0	0
'HMR_2353'	0	0	0	1	0	1	0	0
'HMR_2354'	0	0	0	1	0	1	0	0
'HMR_2355'	0	0	0	1	0	1	0	0
'HMR_2356'	0	0	0	1	0	1	0	0
'HMR_2359'	0	0	0	0	0	1	0	0
'HMR_2361'	0	0	0	1	0	1	0	0
'HMR_2362'	0	0	0	1	0	1	0	0
'HMR_2363'	0	0	0	1	0	1	0	0
'HMR_2364'	0	0	0	1	0	1	0	0
'HMR_2365'	0	0	0	1	0	1	0	0
'HMR_2368'	0	0	0	0	0	1	0	1
'HMR_2380'	0	0	0	1	0	0	0	1
'HMR_2472'	0	0	0	0	0	1	0	1
'HMR_2484'	0	0	0	0	0	1	0	0
'HMR_2530'	0	0	0	0	0	1	0	1
'HMR_2533'	0	0	0	0	0	1	0	1
'HMR_2535'	0	0	0	0	0	1	0	1
'HMR_2537'	0	0	0	0	0	1	0	1
'HMR_2540'	0	0	0	0	0	1	0	1
'HMR_2541'	0	0	0	0	0	1	0	1
'HMR_2542'	0	0	0	0	0	1	0	1
'HMR_2543'	0	0	0	0	0	1	0	1
'HMR_2569'	0	0	0	0	0	0	0	1
'HMR_2602'	0	0	0	0	0	1	1	0
'HMR_2603'	0	0	0	0	0	1	0	1
'HMR_2604'	0	0	0	0	0	1	0	1
'HMR_2608'	0	0	0	0	0	0	1	0
'HMR_2609'	0	0	0	0	0	0	0	1
'HMR_2610'	0	0	0	0	0	0	0	1
'HMR_2611'	0	0	0	0	0	0	1	0
'HMR_2613'	0	0	0	0	0	1	0	0
'HMR_2620'	0	0	0	0	0	1	1	0
'HMR_2621'	0	0	0	0	0	1	0	1
'HMR_2622'	0	0	0	0	0	1	0	1
'HMR_2633'	0	0	0	0	0	1	1	0
'HMR_2635'	0	0	0	0	0	1	0	0
'HMR_2648'	0	0	0	0	0	0	1	0
'HMR_2651'	0	0	0	0	0	0	1	0
'HMR_2657'	0	0	0	0	0	0	1	0
'HMR_2659'	0	0	0	0	0	1	0	0
'HMR_2660'	0	0	0	0	0	1	1	0
'HMR_2661'	0	0	0	0	0	1	0	1
'HMR_2662'	0	0	0	0	0	1	0	1
'HMR_2666'	0	0	0	0	0	0	1	0
'HMR_2668'	0	0	0	0	0	1	0	0
'HMR_2669'	0	0	0	1	0	1	1	0
'HMR_2670'	0	0	0	1	0	1	0	1
'HMR_2671'	0	0	0	1	0	1	0	1
'HMR_2675'	0	0	0	0	0	0	1	0
'HMR_2676'	0	0	0	0	0	0	0	1
'HMR_2677'	0	0	0	0	0	0	0	1
'HMR_2681'	0	0	0	0	0	0	1	0
'HMR_2682'	0	0	0	0	0	0	0	1
'HMR_2683'	0	0	0	0	0	0	0	1
'HMR_2684'	0	0	0	0	0	0	1	0
'HMR_2687'	0	0	0	1	0	1	1	0
'HMR_2688'	0	0	0	1	0	1	0	1
'HMR_2689'	0	0	0	1	0	1	0	1
'HMR_2690'	0	0	0	1	0	1	1	0
'HMR_2691'	0	0	0	1	0	1	0	1
'HMR_2692'	0	0	0	1	0	1	0	1
'HMR_2693'	0	0	0	1	0	1	1	0
'HMR_2695'	0	0	0	1	0	1	0	1
'HMR_2697'	0	0	0	1	0	1	0	1
'HMR_2699'	0	0	0	0	0	0	1	0
'HMR_2700'	0	0	0	0	0	0	0	1
'HMR_2701'	0	0	0	0	0	0	0	1
'HMR_2702'	0	0	0	0	0	0	1	0
'HMR_2705'	0	0	0	0	0	0	1	0
'HMR_2708'	0	0	0	1	0	1	1	0
'HMR_2709'	0	0	0	1	0	1	0	1
'HMR_2710'	0	0	0	1	0	1	0	1
'HMR_2711'	0	0	0	0	0	0	1	0
'HMR_2733'	0	0	0	0	0	1	1	0
'HMR_2734'	0	0	0	0	0	1	0	1
'HMR_2735'	0	0	0	0	0	1	0	1
'HMR_2736'	0	0	0	0	0	1	1	0
'HMR_2737'	0	0	0	0	0	1	0	1
'HMR_2738'	0	0	0	0	0	1	0	1
'HMR_2739'	0	0	0	0	0	0	1	0
'HMR_2768'	0	0	0	0	0	0	1	0
'HMR_2771'	0	0	0	0	0	0	1	0
'HMR_2774'	0	0	0	0	0	0	1	0
'HMR_2851'	0	0	0	0	0	0	0	1
'HMR_2852'	0	0	0	0	0	0	0	1
'HMR_2857'	0	0	0	0	0	1	0	0
'HMR_2859'	0	0	0	0	0	1	0	0
'HMR_2865'	0	0	0	0	0	0	0	1
'HMR_2866'	0	0	0	0	0	0	0	1
'HMR_3057'	0	0	0	1	0	0	0	0
'HMR_3058'	0	0	0	1	0	0	0	0
'HMR_3059'	0	0	0	1	0	0	0	0
'HMR_3070'	0	0	0	1	0	0	0	0
'HMR_3071'	0	0	0	1	0	0	0	0
'HMR_3072'	0	0	0	1	0	0	0	0
'HMR_3073'	0	0	0	1	0	0	0	0
'HMR_3074'	0	0	0	1	0	1	0	0
'HMR_3075'	0	0	0	1	0	1	0	0
'HMR_3076'	0	0	0	1	0	1	0	0
'HMR_3094'	0	0	0	1	0	1	0	1
'HMR_3095'	0	0	0	1	0	1	0	1
'HMR_3096'	0	0	0	1	0	1	0	1
'HMR_3097'	0	0	0	1	0	1	0	1
'HMR_3098'	0	0	0	0	0	1	0	0
'HMR_3099'	0	0	0	0	0	1	0	0
'HMR_3100'	0	0	0	0	0	1	0	0
'HMR_3101'	0	0	0	0	0	1	0	0
'HMR_3102'	0	0	0	0	0	1	0	1
'HMR_3107'	0	0	0	0	1	0	0	0
'HMR_3111'	0	0	0	0	1	0	0	1
'HMR_3112'	0	0	0	0	0	1	0	1
'HMR_3113'	0	0	0	0	0	1	0	1
'HMR_3114'	0	0	0	0	0	1	0	1
'HMR_3115'	0	0	0	0	1	0	0	1
'HMR_3116'	0	0	0	0	0	1	0	0
'HMR_3117'	0	0	0	0	0	1	0	0
'HMR_3118'	0	0	0	0	0	1	0	0
'HMR_3121'	0	0	0	0	1	0	0	0
'HMR_3128'	0	0	0	0	1	0	0	0
'HMR_3135'	0	0	0	0	1	0	0	0
'HMR_3142'	0	0	0	0	1	0	0	0
'HMR_3149'	0	0	0	0	1	0	0	0
'HMR_3170'	0	0	0	0	1	0	0	1
'HMR_3171'	0	0	0	0	0	0	0	1
'HMR_3172'	0	0	0	0	0	0	0	1
'HMR_3173'	0	0	0	0	0	0	0	1
'HMR_3174'	0	0	0	0	1	0	0	1
'HMR_3175'	0	0	0	0	0	0	0	1
'HMR_3176'	0	0	0	0	0	0	0	1
'HMR_3177'	0	0	0	0	0	0	0	1
'HMR_3178'	0	0	0	0	1	0	0	0
'HMR_3182'	0	0	0	0	1	0	0	0
'HMR_3186'	0	0	0	0	1	0	0	0
'HMR_3190'	0	0	0	0	1	0	0	0
'HMR_3194'	0	0	0	0	1	0	0	0
'HMR_3198'	0	0	0	0	1	0	0	0
'HMR_3218'	0	0	0	0	1	0	0	0
'HMR_3222'	0	0	0	0	1	0	0	0
'HMR_3229'	0	0	0	0	0	1	0	0
'HMR_3230'	0	0	0	0	1	0	0	0
'HMR_3231'	0	0	0	0	0	1	0	0
'HMR_3232'	0	0	0	0	0	1	0	0
'HMR_3233'	0	0	0	0	0	1	0	0
'HMR_3234'	0	0	0	0	1	0	0	0
'HMR_3235'	0	0	0	0	0	1	0	0
'HMR_3236'	0	0	0	0	0	1	0	0
'HMR_3237'	0	0	0	0	0	1	0	0
'HMR_3240'	0	0	0	0	1	0	0	1
'HMR_3241'	0	0	0	0	0	0	0	1
'HMR_3242'	0	0	0	0	0	0	0	1
'HMR_3243'	0	0	0	0	0	0	0	1
'HMR_3244'	0	0	0	1	1	0	0	0
'HMR_3245'	0	0	0	1	0	1	0	0
'HMR_3246'	0	0	0	1	0	1	0	0
'HMR_3247'	0	0	0	1	0	1	0	0
'HMR_3296'	0	0	0	0	0	1	0	0
'HMR_3322'	0	0	0	0	0	1	0	0
'HMR_3398'	0	0	0	0	1	0	0	0
'HMR_3406'	0	0	0	0	1	0	0	0
'HMR_3407'	0	0	0	0	1	0	0	0
'HMR_3408'	0	0	0	1	1	0	0	1
'HMR_3409'	0	0	0	1	1	0	0	1
'HMR_3411'	0	0	0	1	1	0	0	1
'HMR_3413'	0	0	0	1	1	0	0	1
'HMR_3414'	0	0	0	1	1	0	0	1
'HMR_3416'	0	0	0	1	1	0	0	1
'HMR_3421'	0	0	0	0	1	0	0	0
'HMR_3422'	0	0	0	0	1	0	0	0
'HMR_3423'	0	0	0	0	1	0	0	0
'HMR_3424'	0	0	0	0	1	0	0	0
'HMR_3425'	0	0	0	0	1	0	0	0
'HMR_3426'	0	0	0	0	1	0	0	0
'HMR_3427'	0	0	0	0	1	0	0	1
'HMR_3428'	0	0	0	0	1	0	0	1
'HMR_3429'	0	0	0	0	1	0	0	1
'HMR_3431'	0	0	0	0	1	0	0	1
'HMR_3432'	0	0	0	0	1	0	0	1
'HMR_3433'	0	0	0	0	1	0	0	0
'HMR_3448'	0	0	0	0	1	0	0	1
'HMR_3452'	0	0	0	0	1	0	0	0
'HMR_3453'	0	0	0	0	0	1	0	0
'HMR_3454'	0	0	0	0	0	1	0	0
'HMR_3455'	0	0	0	0	0	1	0	0
'HMR_3456'	0	0	0	0	1	0	0	0
'HMR_3457'	0	0	0	0	0	1	0	0
'HMR_3522'	0	0	0	0	1	0	0	0
'HMR_3597'	0	0	0	0	0	0	0	1
'HMR_3859'	0	0	0	1	0	0	0	0
'HMR_3915'	0	0	0	0	0	1	0	0
'HMR_4422'	0	0	0	1	0	0	0	0
'HMR_4696'	0	0	0	0	0	1	1	0
'HMR_4790'	0	0	0	1	0	0	0	0
'HMR_6397_b'	0	0	0	0	0	0	1	0
'HMR_6397_f'	0	0	0	0	0	0	1	0
'HMR_6545'	0	0	0	0	0	0	1	0
'HMR_6564'	0	0	0	0	0	1	0	0
'HMR_7703'	0	0	0	1	0	0	0	0
'HMR_9719'	0	0	0	0	1	0	0	1
'HMR_9797'	0	0	0	0	0	1	0	0
'HOCDACBP'	0	0	0	0	0	0	0	1
'HOCTDACBP'	0	0	0	0	0	0	0	1
'HOCTDEC2CRNe'	0	0	0	0	0	0	0	1
'HOCTDECCRNe'	0	0	0	0	0	0	0	1
'HPDCACRNCPT1'	0	0	0	0	0	0	1	0
'HPDCACRNCPT2'	0	0	0	0	0	0	0	1
'HSD17B42x'	0	0	0	1	0	0	0	0
'HSD17B9r'	0	0	0	1	0	0	0	0
'HSD3B2r'	0	0	0	1	0	0	0	0
'HTDCACBP'	0	0	0	0	0	0	0	1
'HTDCRNe'	0	0	0	0	0	0	0	1
'Htmi'	0	0	0	1	0	0	0	0
'HXAt3'	0	0	0	0	0	1	0	0
'HXPRT'	0	0	0	0	1	0	0	0
'HYXNt'	0	0	0	0	0	1	0	0
'ILEt5m'	0	0	0	0	0	0	0	1
'ILETAm'	0	0	0	0	0	0	0	1
'IMPC'	0	0	0	0	0	1	0	0
'IMPtr'	0	0	0	0	0	1	0	0
'INSTt2r_b'	0	0	0	0	0	0	1	0
'INSTt2r_f'	0	0	0	0	0	0	1	0
'INSTt4'	1	0	0	0	0	0	0	0
'IPDPtx'	0	0	0	1	0	0	0	0
'IVCOAACBP'	0	0	0	0	0	0	0	1
'IVCRNe'	0	0	0	0	0	0	0	1
'LANOSTtr'	0	0	0	1	0	0	0	0
'LGNCCOAtx'	0	0	0	1	0	0	0	0
'LNELDCCPT1'	0	0	0	1	0	1	1	0
'LNELDCCPT2'	0	0	0	1	0	1	0	1
'LNELDCt'	0	0	0	0	0	1	0	0
'LNLCCPT1'	0	0	0	0	0	1	1	0
'LNLCCPT2'	0	0	0	0	0	1	0	0
'LNLNCACPT1'	0	0	0	0	0	0	1	0
'LNLNCACPT2'	0	0	0	0	0	0	0	1
'LNLNCACRNt'	0	0	0	0	0	0	0	1
'LNLNCGCPT1'	0	0	0	0	0	0	1	0
'LNLNCGCPT2'	0	0	0	0	0	1	0	0
'LNSTLSr'	0	0	0	1	0	0	0	0
'LPS'	0	0	0	0	0	0	0	1
'LSTO1r'	0	0	0	1	0	0	0	0
'LTHSTRLt'	0	0	0	1	0	0	0	0
'LTHSTRLtr'	0	0	0	1	0	0	0	0
'METAT'	0	0	0	0	0	1	0	0
'METS'	0	0	0	0	0	1	0	0
'MEVK1c'	0	0	0	1	0	0	0	0
'MEVK1x'	0	0	0	1	0	0	0	0
'MI1345PP'	0	0	0	0	0	1	0	0
'MI134PP'	0	0	0	0	0	1	0	0
'MI145PK'	0	0	0	0	1	0	0	0
'MI14P4P'	0	1	0	0	0	0	0	0
'MI1PP'	1	0	0	0	0	0	0	0
'MI34PP'	0	0	0	0	0	1	0	0
'MI3PP'	0	0	0	0	0	1	0	0
'NABTNO'	0	0	0	1	0	0	0	0
'NAt3_1_b'	0	0	0	0	1	0	0	0
'NAt3_1_f'	0	0	0	0	1	0	0	0
'NAt5_b'	0	0	0	0	1	0	0	0
'NAt5_f'	0	0	0	0	1	0	0	0
'O2St'	0	0	0	1	0	0	0	0
'O2Stm'	0	0	0	1	0	0	0	0
'O2Stn'	0	0	0	1	0	0	0	0
'O2Stx'	0	0	0	1	0	0	0	0
'O2ter'	0	0	0	1	0	0	0	0
'O2tn'	0	0	0	1	0	0	0	0
'O2tp'	0	0	0	1	0	0	0	1
'OBDHc'	0	0	0	0	0	0	0	1
'OCCOAtx'	0	0	0	1	0	1	0	1
'OCD11COACPT1'	0	0	0	1	0	1	1	0
'OCD11CRNCACT'	0	0	0	1	0	1	0	1
'OCD11CRNCPT2'	0	0	0	1	0	1	0	1
'OCTDEC2ACBP'	0	0	0	0	0	0	0	1
'OCTDECCACT'	0	0	0	0	0	0	0	1
'OCTDECCPT1'	0	0	0	0	0	0	1	0
'OCTDECCPT2'	0	0	0	0	0	0	0	1
'OCTDECE1CRNe'	0	0	0	0	0	0	0	1
'OIVD1m'	0	0	0	0	0	0	1	0
'ORNDC'	0	0	0	1	0	0	0	0
'ORNTArm'	0	0	1	0	0	0	0	0
'OROTGLUt'	0	0	0	0	0	0	0	1
'P45027A12m'	0	0	0	1	0	0	0	0
'P45027A13m'	0	0	0	1	0	0	0	0
'P45027A15m'	0	0	0	1	0	0	0	0
'P45027A16m'	0	0	0	1	0	0	0	0
'PAIL45P_HStn'	0	0	0	0	0	0	0	1
'PDE1'	1	0	0	0	0	1	0	0
'PDHm'	0	0	0	0	0	0	1	0
'PGMT'	1	0	0	0	0	0	0	0
'PGS'	1	0	0	0	0	0	0	0
'PI45P3K'	0	0	0	0	0	0	1	0
'PI45P5P'	0	0	0	0	0	0	1	0
'PI4P3K'	0	0	0	0	0	0	1	0
'PI5P3K'	0	0	0	0	0	0	1	0
'PI5P4K'	0	0	0	0	0	0	0	1
'PIK3'	0	0	0	0	0	0	1	0
'PIK5'	0	0	0	0	0	0	0	1
'PIPLC'	0	1	0	0	0	0	0	0
'PMEVKc'	0	0	0	1	0	0	0	0
'PMEVKx'	0	0	0	1	0	0	0	0
'PPA'	0	0	0	0	0	0	1	0
'PPItx'	0	0	0	0	0	0	0	1
'PRAGSr'	0	0	0	0	0	1	0	0
'PRASCS'	0	0	0	0	0	1	0	0
'PRFGS'	0	0	0	0	0	1	0	0
'PTCRTD'	0	0	0	1	0	0	0	0
'PTDCACRNCPT1'	0	0	0	0	0	0	1	0
'PTRCAT1'	0	0	0	1	0	0	0	0
'PUNP2'	0	0	0	0	0	1	0	0
'PUNP6'	0	0	0	0	0	1	0	0
'R_group_phosphotase_3'	0	0	0	0	0	0	0	1
'r0009'	0	0	0	0	0	0	1	0
'r0022'	0	0	0	0	0	0	0	1
'r0023'	0	0	1	0	0	1	0	0
'r0051'	0	0	0	0	1	0	0	0
'r0074'	0	0	0	1	0	0	0	0
'r0205'	0	0	0	1	0	0	0	0
'r0295'	0	0	0	0	0	0	1	0
'r0309'	0	0	0	0	1	0	0	0
'r0310'	0	0	0	1	1	0	0	0
'r0354'	0	1	0	0	0	0	0	0
'r0355'	0	1	0	0	0	0	0	0
'r0357'	0	1	0	0	0	0	0	0
'r0358'	0	1	0	0	0	0	0	0
'r0383'	0	0	0	0	0	0	0	1
'r0385'	0	0	0	0	0	0	0	1
'r0437'	0	0	0	0	0	1	0	0
'r0444'	0	0	0	0	0	0	0	1
'r0451'	0	0	0	0	0	0	0	1
'r0480'	0	0	0	0	0	1	0	0
'r0509'	0	0	0	1	0	0	0	0
'r0511'	0	0	0	1	0	1	0	0
'r0522'	0	0	0	0	0	0	1	0
'r0523'	0	0	0	0	0	0	0	1
'r0555'	0	0	0	0	0	0	1	0
'r0557'	0	0	0	0	0	0	0	1
'r0561'	0	0	0	0	0	0	0	1
'r0604'	0	0	0	0	0	0	0	1
'r0633'	0	0	0	0	1	0	0	0
'r0636'	0	0	0	1	0	1	0	1
'r0638'	0	0	0	0	1	0	0	0
'r0639'	0	0	0	0	0	1	0	0
'r0652'	0	0	0	0	1	0	0	0
'r0653'	0	0	0	0	0	1	0	0
'r0655'	0	0	0	0	1	0	0	1
'r0660'	0	0	0	0	0	1	0	0
'r0661'	0	0	0	1	0	1	0	0
'r0666'	0	0	0	0	0	1	0	0
'r0669'	0	0	0	0	0	0	0	1
'r0670'	0	0	0	0	0	0	0	1
'r0714'	0	0	0	0	0	1	0	0
'r0715'	0	0	0	1	0	1	0	0
'r0716'	0	0	0	0	0	1	0	0
'r0717'	0	0	0	1	0	1	0	0
'r0718'	0	0	0	0	0	1	0	0
'r0719'	0	0	0	1	0	1	0	0
'r0720'	0	0	0	0	0	1	0	0
'r0721'	0	0	0	1	0	1	0	0
'r0722'	0	0	0	0	0	1	0	1
'r0723'	0	0	0	1	0	1	0	0
'r0724'	0	0	0	0	0	1	0	1
'r0727'	0	0	0	1	0	1	0	0
'r0729'	0	0	0	1	0	1	0	0
'r0735'	0	0	0	0	1	0	0	0
'r0779'	0	0	0	0	0	0	0	1
'r0781'	0	0	0	1	0	0	0	0
'r0788'	0	0	0	0	0	1	0	0
'r0789'	0	0	0	0	0	1	0	0
'r0791'	0	0	0	0	1	0	0	0
'r0792'	0	0	0	0	0	1	0	0
'r0839'	0	0	0	0	0	0	0	1
'r0999'	0	0	0	0	0	1	0	0
'r1000'	0	0	0	0	0	0	0	1
'r1134'	0	0	0	1	0	0	0	0
'r1135'	0	0	0	1	0	0	0	0
'r1143'	0	0	0	0	0	0	0	1
'r1146'	0	0	0	1	0	0	0	0
'r1154_b'	0	0	0	0	0	0	1	0
'r1154_f'	0	0	0	0	0	0	1	0
'r1401'	0	0	0	0	0	0	0	1
'r1443'	0	0	0	1	0	1	0	0
'r1444'	0	0	0	1	0	1	0	0
'r1445'	0	0	0	1	0	1	0	0
'r1446'	0	0	0	0	0	1	0	0
'r1447'	0	0	0	1	0	0	0	0
'r1448'	0	0	0	1	0	0	0	0
'r1449'	0	0	0	1	0	1	0	0
'r1450'	0	0	0	1	0	1	0	0
'r1451'	0	0	0	1	0	0	0	0
'r1454'	0	0	0	0	0	0	0	1
'r1472'	0	0	0	0	0	1	0	0
'r1474'	0	0	0	0	0	1	0	0
'r1477'	0	0	0	0	0	1	0	0
'r1487'	0	0	0	0	0	0	0	1
'r2434'	0	0	0	1	0	1	0	1
'r2514'	0	0	0	0	0	0	0	1
'RE0512M'	0	0	0	0	0	1	0	0
'RE0577C'	0	0	0	0	0	1	0	0
'RE0583C'	0	0	0	0	0	1	0	1
'RE1342C'	0	1	0	0	0	0	0	0
'RE1447N'	0	0	0	0	0	0	0	1
'RE1448N'	0	0	0	0	0	0	0	1
'RE1516M'	0	0	0	0	0	1	0	0
'RE1517M'	0	0	0	0	0	1	0	0
'RE1518M'	0	0	0	0	0	1	0	0
'RE1518X'	0	0	0	0	0	1	0	0
'RE1519X'	0	0	0	0	0	1	0	0
'RE1520M'	0	0	0	0	0	1	0	0
'RE1520X'	0	0	0	0	0	1	0	0
'RE1521M'	0	0	0	0	0	1	0	0
'RE1521X'	0	0	0	0	0	1	0	0
'RE1522M'	0	0	0	0	0	1	0	0
'RE1522X'	0	0	0	0	0	1	0	0
'RE1523M'	0	0	0	0	0	1	0	0
'RE1525M'	0	0	0	0	0	1	0	0
'RE1525X'	0	0	0	0	0	1	0	0
'RE1526M'	0	0	0	0	0	1	0	0
'RE1526X'	0	0	0	0	0	1	0	0
'RE1527M'	0	0	0	0	0	1	0	0
'RE1527X'	0	0	0	0	0	1	0	0
'RE1531M'	0	0	0	0	0	1	0	0
'RE1532M'	0	0	0	0	0	1	0	0
'RE1532X'	0	0	0	0	0	1	0	0
'RE1533M'	0	0	0	0	0	1	0	0
'RE1533X'	0	0	0	0	0	1	0	0
'RE1534M'	0	0	0	0	0	1	0	0
'RE1534X'	0	0	0	0	0	1	0	0
'RE1573M'	0	0	0	0	0	1	0	0
'RE1573X'	0	0	0	0	0	1	0	0
'RE2034C'	0	0	0	0	0	0	0	1
'RE2407C'	0	0	0	1	0	0	0	0
'RE2410C'	0	0	0	1	0	0	0	1
'RE2992M'	0	0	0	0	0	1	0	0
'RE2998M'	0	0	0	1	0	0	0	0
'RE2999M'	0	0	0	1	0	0	0	0
'RE3000M'	0	0	0	1	0	0	0	0
'RE3001M'	0	0	0	1	0	0	0	0
'RE3003M'	0	0	0	1	0	0	0	0
'RE3004M'	0	0	0	1	0	0	0	0
'RE3005M'	0	0	0	1	0	0	0	0
'RE3006M'	0	0	0	1	0	0	0	0
'RE3106C'	0	0	0	0	0	0	0	1
'RE3110C'	0	0	0	0	0	0	0	1
'RE3112C'	0	0	0	0	0	0	0	1
'RE3113C'	0	0	0	0	0	0	0	1
'RE3114R'	0	0	0	0	0	1	0	0
'RE3119C'	0	0	0	0	0	1	0	1
'RE3120C'	0	0	0	0	0	1	0	1
'RE3121C'	0	0	0	0	0	1	0	1
'RE3122C'	0	0	0	0	0	1	0	1
'RE3132R'	0	0	0	0	0	0	0	1
'RE3134C'	0	0	0	1	0	0	0	1
'RE3136C'	0	0	0	1	0	0	0	0
'RE3180C'	0	0	0	1	0	0	0	1
'RE3181C'	0	0	0	1	0	0	0	1
'RE3185M_b'	0	0	0	0	1	0	0	0
'RE3185M_f'	0	0	0	0	1	0	0	0
'RE3186M_b'	0	0	0	0	1	0	0	0
'RE3186M_f'	0	0	0	0	1	0	0	0
'RE3251M'	0	0	0	1	0	0	0	0
'RE3270C'	0	0	0	0	0	0	0	1
'RE3624M'	0	0	0	1	0	0	0	0
'RE3626M'	0	0	0	0	0	1	0	0
'RE3628M'	0	0	0	0	0	1	0	0
'RTOTAL3CRNCPT1'	0	0	0	0	0	0	1	0
'RTOTAL3CRNCPT2'	0	0	0	0	0	0	0	1
'RTOTAL3CRNt'	0	0	0	0	0	0	0	1
'S2TASE1ly'	0	0	0	0	1	0	0	0
'S2TASE2ly'	0	0	0	0	1	0	0	0
'S2TASE3ly'	0	0	0	0	1	0	0	0
'SBTD_D2'	0	1	0	0	0	0	0	0
'SERPT'	0	0	0	0	0	1	0	0
'sink_c101coa[c]'	0	0	0	0	0	0	0	1
'sink_c226coa[c]'	0	0	0	0	0	1	0	0
'sink_c81coa[c]'	0	0	0	0	0	0	0	1
'sink_chol[c]'	0	0	0	0	0	1	0	0
'sink_crvnc[c]'	0	0	0	0	0	1	0	0
'sink_dd2coa[c]'	0	0	0	0	0	0	0	1
'sink_decdicoa[c]'	0	0	0	0	0	0	0	1
'sink_hdca[c]'	0	0	0	0	0	1	0	0
'sink_lnlccoa[c]'	0	0	0	0	0	1	0	1
'sink_lnlncgcoa[c]'	0	0	0	0	0	1	0	0
'sink_octdececoa[c]'	0	0	0	0	0	0	0	1
'sink_odecoa[c]'	0	0	0	0	0	1	0	0
'sink_pmtcoa[c]'	0	0	0	0	0	1	0	0
'sink_stcoa[c]'	0	0	0	0	0	1	0	0
'sink_tetdec2coa[c]'	0	0	0	0	0	0	0	1
'sink_tetdece1coa[c]'	0	0	0	0	0	0	0	1
'SMVACIDhep'	0	0	0	0	1	0	0	0
'SPHGNte'	0	0	0	0	0	1	0	0
'SPODM'	0	0	0	1	0	0	0	0
'SPODMm'	0	0	0	1	0	0	1	0
'SPODMn'	0	0	0	1	0	0	0	0
'SPODMx'	0	0	0	1	0	0	0	0
'SQLEr'	0	0	0	1	0	0	0	0
'STCOAtx'	0	0	0	1	0	1	0	0
'STRDNCCPT1'	0	0	0	0	0	1	1	0
'STRDNCCPT2'	0	0	0	0	0	1	0	1
'TETDEC2CRNe'	0	0	0	0	0	0	0	1
'TETDECE1CRNe'	0	0	0	0	0	0	0	1
'TETPENT3COAtm'	0	0	0	0	0	0	0	1
'TETPENT3CPT1'	0	0	0	0	0	0	1	0
'TETPENT3CPT2'	0	0	0	0	0	0	0	1
'TETPENT3CRNt'	0	0	0	0	0	0	0	1
'TETPENT6COAtm'	0	0	0	0	0	0	0	1
'TETPENT6CPT1'	0	0	0	0	0	0	1	0
'TETPENT6CPT2'	0	0	0	0	0	0	0	1
'TETPENT6CRNt'	0	0	0	0	0	0	0	1
'TETTET6COAtm'	0	0	0	0	0	0	0	1
'TETTET6CPT1'	0	0	0	0	0	0	1	0
'TETTET6CPT2'	0	0	0	0	0	0	0	1
'TETTET6CRNt'	0	0	0	0	0	0	0	1
'TIGCRNe'	0	0	0	0	0	0	0	1
'TMNDNCCOAtx'	0	0	0	1	0	1	0	1
'TMNDNCCPT1'	0	0	0	0	0	0	1	0
'TRDR2'	0	0	0	1	0	0	0	0
'TRDR3'	0	0	0	1	0	0	0	0
'TTDCEAc'	0	0	0	1	0	0	0	1
'TTDCEAt'	0	0	0	0	0	1	0	0
'TTDCPT2'	0	0	0	0	0	0	0	1
'UGCG'	0	0	0	0	0	0	1	0
'XANtr'	0	0	0	0	0	1	0	0
'XMPtr'	0	0	0	0	0	1	0	0
'XOLEST2te'	0	0	0	0	0	0	0	1
'XTSNtr'	0	0	0	0	0	1	0	0
