name	Ctrl_vs_BD	Ctrl_vs_BD_NR	Ctrl_vs_BD_R	Ctrl_vs_Primary_Unchanged
13_CIS_RETNte	1	1	1	0
2HBO	1	1	1	0
2MOPtm	1	0	1	0
2OBUTt	1	1	1	0
2OXOADOXm	1	0	0	1
2OXOADPt	1	0	0	1
2OXOADPTm	1	0	0	1
34DHPHAMT	1	1	1	0
34DHPHAte	1	1	1	0
34DHPHEt	1	1	1	0
34DHXMANDACOX_NADP_	1	0	0	1
3DHLCAt	1	0	0	0
3SALATAi	1	0	0	1
3SALATAim	1	0	0	1
3SPYRSP	1	0	0	1
3SPYRSPm	1	0	0	1
4HOXPACDOX_NADP_	1	0	0	1
4HPRO_LTte	1	1	1	0
4HPROLTASCT1	1	1	1	0
5HPETtd	1	1	1	0
AATAi	1	0	0	1
ACACT10m	1	1	1	1
ACACT8p	1	1	1	0
ACALDt	1	1	0	0
ACALDtm	1	1	0	0
ACER12r	1	0	0	0
ACETONEt2	1	1	0	1
ACETONEt2m	1	1	0	1
ACGALtly	1	0	0	0
ACGAM6PSi	1	0	0	0
ACOAO7p	1	1	1	0
ACRNte	1	0	0	0
ADNtm	1	1	0	0
ADPOHc	1	0	0	1
ADPOHt	1	0	0	1
ADRNCPT1	1	0	1	0
ADRNCPT2	1	0	1	0
AGPAT1	1	0	1	0
AICART	1	1	1	0
ALDD2x	1	1	0	0
ALDD2xm	1	1	0	0
ALDD2y	1	1	0	0
ARGtm	1	1	1	0
ARTFR208	1	0	0	1
ASNCYSCYSr	1	1	0	1
ASNCYSCYSt	1	1	0	1
ASPGLUPROr	1	1	1	0
ASPGLUPROt	1	1	1	0
BGAL1e	1	1	1	0
BGAL3l	1	0	0	0
BILGLCURtr	1	1	1	1
BILIRUBt2	1	1	1	1
BILIRUBtr	1	0	1	1
C02356t	1	1	1	0
C02712te	1	0	0	1
C04805td	1	1	1	0
C05957td	1	1	0	0
C06315t	1	0	0	0
C11695td	1	1	0	0
C12DCACT	1	0	0	0
C13856te	1	0	0	1
C14768td	1	1	0	0
C14769td1	1	1	0	0
C14770ATP	1	1	0	0
C14771ATP	1	1	0	0
C14STRr	1	0	0	0
C160CPT2	1	0	1	0
C161CPT1	1	0	1	1
C161CPT12	1	1	1	0
C180CPT1	1	1	0	1
C180CPT2	1	1	0	1
C204CPT1	1	0	1	0
C204CPT2	1	1	1	0
C3STDH1Pr	1	0	0	0
C3STKR2r	1	0	0	0
C40CPT1	1	1	1	0
C4DCCACT	1	1	0	0
C4STMO1r	1	0	0	0
C4STMO2r	1	0	0	0
C60CPT1	1	1	1	0
C6COAt	1	1	1	0
C6CRNtcx	1	1	1	0
C80CPT1	1	1	0	0
CE1261t	1	1	1	0
CE1617te	1	1	1	0
CE2445t	1	1	1	0
CE2510ABCt	1	1	0	0
CE4890te	1	0	0	1
CE5026t	1	1	1	0
CE6247t	1	1	1	0
CE7081tr	1	0	0	0
CE7090te	1	0	0	1
CERT1gt	1	0	1	0
CERT1rt	1	1	1	0
CHSTEROLtrc	1	0	1	0
CITtbm	1	1	1	0
CLPNDCPT1	1	0	0	1
CLPNDCPT2	1	0	0	1
CO2t	1	0	0	1
CO2ter	1	0	0	0
CYSCYSr	1	1	0	1
CYSCYSt	1	1	0	1
CYSO	1	0	0	1
CYSTA	1	1	0	1
DACGST	1	1	1	0
DAG_HStg	1	0	1	0
DAGt	1	0	0	1
DCIm	1	0	1	0
DCT	1	1	1	0
DCYTt	1	1	1	1
DDPGAm	1	0	0	0
DESAT18_3	1	0	1	0
DESAT18_4	1	0	1	0
DESAT18_8	1	0	1	0
DESAT20_1	1	1	0	0
DESAT20_2	1	1	1	0
DGK1	1	1	0	0
DGK2m	1	1	1	0
DGSNt	1	1	1	0
DHCR71r	1	0	0	0
DHCRMter	1	0	0	0
DHPR	1	1	1	0
DINt	1	1	1	0
DLNLCGCPT2	1	1	0	0
DM_4glu56dihdind[c]	1	1	1	0
DM_melanin_c_	1	1	1	0
DMATT	1	1	0	0
DNADtn	1	1	0	1
DOPAQNISO1	1	1	1	0
DPMVDc	1	1	0	0
DPMVDx	1	1	0	0
DTMPK	1	1	1	0
DTMPKm	1	1	1	0
DURAD	1	0	0	0
DXTRNt	1	1	0	1
ECOAH1m	1	1	0	0
ECOAH1x	1	0	1	0
EHGLAT2m	1	0	0	0
EHGLATm	1	0	0	0
EICOSTETCPT1	1	1	1	0
EICOSTETCPT2	1	1	1	0
ELAIDCPT1	1	0	0	1
ELAIDCRNtd	1	0	0	1
EX_13_cis_retn[e]	1	1	1	0
EX_2hb[e]	1	1	1	0
EX_2obut[e]	1	1	1	0
EX_2oxoadp[e]	1	0	0	1
EX_34dhpha[e]	1	1	1	0
EX_34dhphe[e]	1	1	1	0
EX_4hpro[e]	1	0	0	0
EX_5cysgly34dhphe[e]	1	1	1	0
EX_5HPET[e]	1	1	1	0
EX_ac[e]	1	1	0	1
EX_acald[e]	1	1	0	0
EX_adpoh[e]	1	0	0	1
EX_adrn[e]	1	0	1	0
EX_arach[e]	1	1	1	0
EX_arachd[e]	1	1	0	0
EX_asncyscys[e]	1	1	0	1
EX_aspglupro[e]	1	1	1	0
EX_C02356[e]	1	1	1	0
EX_C02712[e]	1	0	0	1
EX_C04805[e]	1	1	1	0
EX_C06315[e]	1	0	0	0
EX_C11695[e]	1	1	0	0
EX_C13856[e]	1	0	0	1
EX_C14768[e]	1	1	0	0
EX_C14769[e]	1	1	0	0
EX_C14770[e]	1	1	0	0
EX_C14771[e]	1	1	0	0
EX_caproic[e]	1	0	1	0
EX_CE1261[e]	1	1	1	0
EX_CE1617[e]	1	1	1	0
EX_CE2445[e]	1	1	1	0
EX_CE5026[e]	1	1	1	0
EX_CE6247[e]	1	1	1	0
EX_CE7090[e]	1	0	0	1
EX_cgly[e]	1	1	0	1
EX_clpnd[e]	1	0	0	1
EX_crm_hs[e]	1	0	1	0
EX_cys_L[e]	1	1	0	1
EX_cyscys[e]	1	1	0	1
EX_dha[e]	1	1	1	0
EX_dlnlcg[e]	1	1	0	0
EX_dxtrn[e]	1	1	0	1
EX_eicostet[e]	1	1	1	0
EX_elaid[e]	1	0	1	0
EX_fmn[e]	1	1	1	0
EX_galgluside_hs[e]	1	0	1	0
EX_glc_D[e]	1	1	0	1
EX_glnproglu[e]	1	1	1	0
EX_gluala[e]	1	1	0	1
EX_gluside_hs[e]	1	0	1	0
EX_glyald[e]	1	1	0	1
EX_glyc_R[e]	1	0	0	1
EX_glyc[e]	1	0	0	1
EX_glypro[e]	1	1	1	0
EX_gthrd[e]	1	1	0	1
EX_HC00229[e]	1	1	0	1
EX_HC00250[e]	1	1	0	1
EX_HC00900[e]	1	1	1	0
EX_HC01444[e]	1	0	0	1
EX_HC02202[e]	1	1	0	0
EX_HC02204[e]	1	1	0	0
EX_hiscyscys[e]	1	1	0	1
EX_homoval[e]	1	1	1	0
EX_L2aadp[e]	1	0	0	1
EX_leuktrB4[e]	1	0	1	0
EX_leuleu[e]	1	0	0	0
EX_lthstrl[e]	1	0	0	0
EX_M00017[e]	1	0	1	0
EX_M01235[e]	1	0	1	0
EX_M02745[e]	1	0	1	0
EX_mag_hs[e]	1	0	0	1
EX_mercplaccys[e]	1	1	0	1
EX_ocdca[e]	1	1	1	0
EX_oxa[e]	1	0	0	0
EX_pro_L[e]	1	1	1	0
EX_proglnpro[e]	1	1	1	0
EX_prolyspro[e]	1	1	1	0
EX_proproarg[e]	1	1	1	0
EX_propropro[e]	1	1	1	0
EX_prostge1[e]	1	1	0	0
EX_retinal[e]	1	1	1	0
EX_retn[e]	1	1	1	0
EX_sfcys[e]	1	1	0	1
EX_so4[e]	1	0	0	1
EX_sphmyln_hs[e]	1	0	0	0
EX_sphmyln180241_hs[e]	1	0	1	0
EX_sphmyln18114_hs[e]	1	0	1	0
EX_sphmyln18115_hs[e]	1	0	1	0
EX_sphmyln18116_hs[e]	1	0	1	0
EX_sphmyln181161_hs[e]	1	0	1	0
EX_sphmyln18117_hs[e]	1	0	1	0
EX_sphmyln18118_hs[e]	1	0	1	0
EX_sphmyln181181_hs[e]	1	0	1	0
EX_sphmyln18120_hs[e]	1	0	1	0
EX_sphmyln181201_hs[e]	1	0	1	0
EX_sphmyln18121_hs[e]	1	0	1	0
EX_sphmyln18122_hs[e]	1	0	1	0
EX_sphmyln181221_hs[e]	1	0	1	0
EX_sphmyln18123_hs[e]	1	0	1	0
EX_sphmyln1824_hs[e]	1	0	1	0
EX_sphmyln1825_hs[e]	1	0	1	0
EX_strdnc[e]	1	1	1	0
EX_tmndnc[e]	1	0	0	1
EX_tsul[e]	1	0	0	1
EX_ttdca[e]	1	0	1	1
EX_ttdcea[e]	1	0	1	1
EX_xolest_hs[e]	1	0	0	1
FAOXC101x	1	0	0	1
FAOXC102C103m	1	1	1	1
FAOXC102C81m	1	1	1	1
FAOXC102m	1	1	1	1
FAOXC103C102m	1	1	1	1
FAOXC121x	1	1	1	0
FAOXC123C102m	1	1	1	1
FAOXC123m	1	1	1	1
FAOXC12DCc	1	0	0	0
FAOXC12DCTc	1	0	0	0
FAOXC12DCx	1	0	0	0
FAOXC140	1	1	0	1
FAOXC143C123m	1	1	1	1
FAOXC14C12m	1	1	1	0
FAOXC14C14OHm	1	1	1	0
FAOXC164C143m	1	0	0	1
FAOXC164C165m	1	0	0	1
FAOXC164m	1	0	0	1
FAOXC165C164m	1	0	0	1
FAOXC180	1	1	1	0
FAOXC1811601m	1	1	1	0
FAOXC1811602m	1	0	1	0
FAOXC181C161m	1	0	1	0
FAOXC18480m	1	1	0	1
FAOXC184C164m	1	0	0	1
FAOXC2031836m	1	1	0	0
FAOXC204	1	1	0	0
FAOXC204184m	1	1	1	0
FAOXC2051843m	1	0	1	0
FAOXC2242046m	1	0	1	0
FAOXC4C4DCc	1	1	0	0
FAOXC61C4x	1	0	0	0
FAOXC61m	1	1	1	1
FAOXC81C61m	1	1	1	1
FBA	1	1	1	0
FBA2	1	1	1	1
FMNALKPle	1	1	1	0
FMNAT	1	1	1	0
FORtr	1	0	0	0
G5SADrm	1	1	1	0
G6Pter	1	1	0	0
GALGLUSIDEtl	1	0	1	0
GALSIDEter	1	0	1	0
GAPD	1	1	0	1
GBAl	1	0	1	0
GD1Btl	1	0	0	0
GD3tlc	1	0	0	0
GGLUCT	1	1	0	1
GGTe_1	1	1	1	0
GLACter	1	1	0	0
GLB1	1	1	1	0
GLCtly	1	0	1	0
GLNPROGLUr	1	1	1	0
GLNPROGLUt	1	1	1	0
GLUTCOADHm	1	0	0	1
GLXO1	1	0	0	0
GLXtm	1	0	0	0
GLYALDtr	1	1	0	1
GLYC_Rt	1	0	0	1
GLYCtm	1	0	0	1
GLYPROPRO1c	1	1	1	0
GLYPROt	1	1	1	0
GLYtp	1	0	0	0
GPAM_hs	1	0	1	0
GRTT	1	1	0	0
HACD1m	1	1	0	0
HACD1x	1	0	1	0
HACD9m	1	1	1	1
HDCEAtr	1	1	1	0
HEX7	1	1	0	1
HEXA2l	1	0	0	0
HISCYSCYSr	1	1	0	1
HISCYSCYSt	1	1	0	1
HMR_0167	1	0	1	0
HMR_0182	1	1	0	0
HMR_0215	1	1	0	0
HMR_0261	1	0	1	0
HMR_0271	1	0	1	0
HMR_0272	1	0	1	0
HMR_0292	1	1	0	0
HMR_0319	1	1	0	0
HMR_0342	1	1	1	0
HMR_0343	1	1	1	0
HMR_0354	1	1	0	1
HMR_0358	1	1	1	0
HMR_0359	1	1	1	0
HMR_0362	1	1	1	1
HMR_0366	1	0	0	1
HMR_0367	1	0	0	1
HMR_0410	1	1	0	0
HMR_0414	1	1	1	0
HMR_0467	1	0	0	1
HMR_0593	1	0	1	0
HMR_0601	1	0	1	0
HMR_0672	1	0	1	0
HMR_0678	1	0	1	0
HMR_0750	1	0	1	0
HMR_0753	1	0	1	0
HMR_0758	1	0	1	0
HMR_0765	1	1	1	0
HMR_0793	1	0	0	0
HMR_0815	1	0	0	0
HMR_0821	1	0	0	0
HMR_0827	1	0	0	0
HMR_0828	1	0	0	0
HMR_0842	1	0	0	0
HMR_0843	1	0	0	0
HMR_0942	1	1	0	0
HMR_0946	1	1	0	0
HMR_0950	1	1	0	0
HMR_0954	1	1	0	0
HMR_0960	1	1	1	0
HMR_0962	1	1	1	0
HMR_0963	1	1	1	0
HMR_0966	1	0	0	0
HMR_0979	1	1	1	0
HMR_0980	1	1	1	0
HMR_0981	1	1	1	0
HMR_1127	1	1	1	0
HMR_1129	1	1	1	0
HMR_1243	1	1	1	0
HMR_1305	1	0	0	0
HMR_1307	1	0	0	0
HMR_1390	1	1	0	0
HMR_1392	1	1	0	0
HMR_2292	1	0	1	0
HMR_2293	1	0	1	0
HMR_2294	1	0	1	0
HMR_2296	1	0	1	0
HMR_2332	1	1	1	0
HMR_2334	1	1	1	0
HMR_2336	1	1	1	0
HMR_2338	1	1	1	0
HMR_2347	1	0	1	0
HMR_2348	1	0	1	0
HMR_2349	1	0	1	0
HMR_2350	1	0	1	0
HMR_2353	1	0	1	0
HMR_2354	1	0	1	0
HMR_2355	1	0	1	0
HMR_2356	1	0	1	0
HMR_2380	1	1	0	0
HMR_2484	1	1	1	0
HMR_2558	1	0	0	0
HMR_2560	1	0	0	0
HMR_2571	1	0	0	0
HMR_2585	1	0	0	1
HMR_2611	1	0	0	1
HMR_2613	1	1	0	1
HMR_2657	1	1	1	0
HMR_2668	1	1	1	0
HMR_2669	1	0	1	0
HMR_2670	1	0	1	0
HMR_2671	1	0	1	0
HMR_2687	1	0	1	0
HMR_2688	1	0	1	0
HMR_2689	1	0	1	0
HMR_2708	1	0	1	0
HMR_2709	1	0	1	0
HMR_2710	1	0	1	0
HMR_2711	1	0	0	0
HMR_2817	1	1	1	0
HMR_2819	1	1	1	0
HMR_2865	1	0	1	1
HMR_2866	1	0	1	1
HMR_3023	1	1	1	0
HMR_3074	1	1	1	0
HMR_3075	1	1	1	0
HMR_3076	1	1	1	0
HMR_3098	1	0	0	0
HMR_3099	1	0	0	0
HMR_3100	1	0	0	0
HMR_3101	1	0	0	0
HMR_3102	1	0	1	0
HMR_3115	1	1	0	1
HMR_3116	1	1	1	0
HMR_3117	1	1	1	0
HMR_3118	1	1	1	0
HMR_3230	1	1	0	0
HMR_3231	1	1	0	0
HMR_3232	1	1	0	0
HMR_3233	1	1	0	0
HMR_3234	1	0	1	0
HMR_3235	1	0	1	0
HMR_3236	1	0	1	0
HMR_3237	1	0	1	0
HMR_3244	1	0	1	0
HMR_3245	1	0	1	0
HMR_3246	1	0	1	0
HMR_3247	1	0	1	0
HMR_3322	1	0	0	1
HMR_3326	1	1	1	0
HMR_3327	1	1	1	0
HMR_3328	1	1	1	0
HMR_3329	1	1	1	0
HMR_3342	1	1	1	0
HMR_3343	1	1	1	0
HMR_3344	1	1	1	0
HMR_3345	1	1	1	0
HMR_3346	1	1	1	0
HMR_3347	1	1	1	0
HMR_3348	1	1	1	0
HMR_3349	1	1	1	0
HMR_3350	1	1	1	0
HMR_3351	1	1	1	0
HMR_3352	1	1	1	0
HMR_3353	1	1	1	0
HMR_3398	1	1	0	1
HMR_3407	1	1	1	0
HMR_3408	1	0	1	0
HMR_3411	1	0	1	0
HMR_3416	1	0	1	0
HMR_3421	1	0	1	0
HMR_3427	1	1	1	0
HMR_3428	1	0	1	1
HMR_3429	1	0	0	1
HMR_3446	1	1	0	0
HMR_3447	1	1	0	0
HMR_3448	1	1	0	0
HMR_3449	1	1	0	0
HMR_3450	1	1	0	0
HMR_3451	1	1	0	0
HMR_3951	1	0	0	0
HMR_4776	1	1	1	0
HMR_4777	1	0	0	0
HMR_6515	1	1	1	1
HMR_6672	1	1	1	0
HMR_6876	1	1	1	0
HMR_7757	1	1	0	0
HMR_8476	1	1	1	0
HMR_9627	1	1	1	0
HMR_9640	1	1	1	0
HMR_9719	1	0	0	1
HOMOVALte	1	0	0	0
HSD11B1r	1	0	0	0
Htr	1	0	0	1
HXCOAtx	1	1	1	0
HYPTROX	1	1	1	0
ILEt5m	1	0	0	1
ILETA	1	0	0	1
ILETAm	1	0	0	1
IMPC	1	1	1	0
IPDPtx	1	1	0	0
KHK	1	1	1	1
L2AADPtr	1	0	0	1
LEUKTRB4tr	1	0	0	0
LEULEULAPc	1	0	0	0
LNLCCPT1	1	1	0	0
LNLCCRNtd	1	0	0	1
LNLNCACPT1	1	0	0	0
LNLNCACPT2	1	0	0	0
LNLNCACRNt	1	0	0	0
LNLNCGCPT2	1	1	0	0
LNSTLSr	1	0	0	0
LPS3	1	0	0	1
LSTO1r	1	0	0	0
LTHSTRLt	1	0	0	0
LYStm	1	1	0	0
MAGt	1	0	0	1
MCLACCYSR	1	1	0	1
MCLOR	1	1	0	1
MERCPLACCYSt	1	1	0	1
MEVK1c	1	1	0	0
MEVK1x	1	1	0	0
MGCHrm	1	1	0	1
MLTHFte2	1	0	0	0
MMEm	1	1	0	1
NDP7er	1	1	1	1
NDPK4m	1	1	1	0
NDPK5m	1	1	0	1
NDPK6m	1	1	1	1
NDPK8m	1	1	1	0
NH4tn	1	0	0	0
NTD6	1	1	1	0
O2tm	1	1	0	0
O2tp	1	1	0	0
OCCOAtx	1	0	0	1
OCD11COACPT1	1	0	1	0
OCD11CRNCACT	1	0	1	0
OCD11CRNCPT2	1	0	1	0
OCT11EFATP	1	0	1	0
PAIL45P_HStn	1	1	1	0
PCt	1	0	1	0
PGISr	1	0	1	0
PGP_hs_tm	1	0	1	0
PGS	1	0	0	0
PGSr	1	0	0	0
PI45P5P	1	1	1	0
PIK4	1	1	1	0
PMEVKc	1	1	0	0
PMEVKx	1	1	0	0
PPItm	1	1	1	1
PPM	1	1	1	0
PRISTCOAtcx	1	1	1	1
PROD2m	1	1	0	0
PROGLNPROr	1	1	1	0
PROGLNPROt	1	1	1	0
PROLYSPROr	1	1	1	0
PROLYSPROt	1	1	1	0
PROPROARGr	1	1	1	0
PROPROARGt	1	1	1	0
PROPROPROr	1	1	1	0
PROPROPROt	1	1	1	0
PROSTGF2t	1	0	0	0
PROSTGI2c	1	0	0	0
PROtm	1	0	1	0
PSt3	1	1	0	0
PUNP1	1	1	1	0
PUNP6	1	0	1	0
PYRt2m	1	0	0	1
r0074	1	0	1	0
r0130	1	1	0	0
r0242	1	1	1	0
r0246	1	0	0	1
r0295	1	0	0	0
r0308	1	1	0	0
r0339	1	1	0	1
r0340	1	0	0	1
r0345	1	1	1	0
r0357	1	1	0	1
r0358	1	1	0	1
r0390	1	1	0	1
r0392	1	1	0	1
r0393	1	0	0	1
r0398	1	1	1	0
r0407	1	1	1	0
r0451	1	0	0	1
r0511	1	0	1	0
r0527	1	0	0	0
r0541	1	0	0	0
r0557	1	0	0	1
r0571	1	1	0	1
r0584	1	1	0	0
r0594	1	0	0	1
r0595	1	0	0	1
r0616	1	0	0	0
r0627	1	0	0	1
r0630	1	1	1	0
r0633	1	1	0	1
r0634	1	1	1	0
r0636	1	1	0	0
r0638	1	0	0	1
r0639	1	1	0	0
r0642	1	0	1	0
r0652	1	1	1	0
r0660	1	0	0	1
r0688	1	0	0	1
r0718	1	1	0	0
r0720	1	1	0	0
r0722	1	0	1	0
r0724	1	0	1	0
r0726	1	1	1	0
r0728	1	1	1	1
r0781	1	0	0	0
r0783	1	1	0	0
r0795	1	0	0	1
r0818	1	0	0	1
r0826	1	0	0	1
r0853	1	1	0	1
r0870	1	1	1	0
r0926	1	0	0	1
r0940	1	1	0	1
r0950	1	1	0	0
r0987	1	0	0	1
r0990	1	1	0	0
r1106	1	1	1	0
r1117	1	1	1	0
r1253	1	1	1	0
r1254	1	1	1	0
r1260	1	1	1	0
r1318	1	1	0	0
r1401	1	1	1	0
r1468	1	0	0	1
r2196	1	0	0	0
r2321	1	1	0	0
r2434	1	1	0	0
r2497	1	1	0	0
r2508	1	1	1	1
r2511	1	0	0	1
r2514e	1	1	1	0
RAI3	1	1	1	0
RE0452M	1	1	0	0
RE0453M	1	1	1	0
RE0577C	1	1	1	0
RE0583C	1	0	0	1
RE0691C	1	1	1	1
RE0830C	1	0	0	1
RE1518X	1	0	0	1
RE1520X	1	0	0	1
RE1521X	1	0	0	1
RE1522X	1	0	0	1
RE1525X	1	0	0	1
RE1526X	1	0	0	1
RE1527X	1	0	0	1
RE1532X	1	0	0	1
RE1533X	1	0	0	1
RE1534X	1	0	0	1
RE1573X	1	0	0	1
RE1897C	1	1	1	1
RE1898C	1	1	1	1
RE1915C	1	1	1	0
RE1916C	1	1	1	0
RE1978C	1	1	0	0
RE2034C	1	1	1	0
RE2563C	1	0	0	1
RE2658C	1	1	1	0
RE2677R	1	0	1	0
RE2954C	1	0	0	1
RE2985M	1	1	0	0
RE2985X	1	1	0	0
RE2986X	1	1	0	0
RE2987X	1	1	0	0
RE2988X	1	1	0	0
RE2989X	1	1	0	0
RE2990X	1	1	0	0
RE2991X	1	1	0	0
RE2992X	1	1	0	0
RE2993X	1	1	0	0
RE2994X	1	1	0	0
RE2996X	1	1	0	0
RE2997X	1	1	0	0
RE3002X	1	1	0	0
RE3011M	1	1	1	0
RE3012C	1	1	1	0
RE3012M	1	1	1	0
RE3033C	1	0	0	0
RE3038C	1	0	0	0
RE3119C	1	0	0	1
RE3120C	1	0	0	1
RE3121C	1	0	0	1
RE3122C	1	0	0	1
RE3198C	1	1	1	0
RE3273C	1	0	0	1
RE3273R	1	0	0	1
RE3307C	1	1	1	0
RE3470C	1	1	1	0
RE3476C	1	1	1	0
RE3488R	1	0	0	0
RE3525R	1	0	0	0
RE3526C	1	1	1	0
RE3556C	1	1	0	0
RE3565C	1	1	0	0
RE3568C	1	1	0	0
RE3587C	1	1	0	0
RE3597C	1	1	1	0
RE3597M	1	1	1	0
RETINALt	1	1	1	0
RIBt	1	0	0	0
RNDR1	1	0	0	1
RTOTAL2FATPc	1	0	1	0
RTOTAL2t	1	0	0	0
RTOTALFATPc	1	0	1	0
Rtotalter	1	0	0	0
SFCYSc	1	1	0	1
SFCYSe	1	1	0	1
sink_arachd[c]	1	1	0	0
sink_crvnc[c]	1	0	1	1
sink_cys_L[c]	1	1	0	1
sink_glygn2[c]	1	0	0	1
sink_pro_L[c]	1	1	1	0
sink_retinol[c]	1	1	1	0
sink_stcoa[c]	1	1	1	0
sink_tmndnc[c]	1	0	0	1
sink_tmndnccoa[c]	1	0	0	1
SMS	1	0	1	0
SMS1	1	0	1	0
SMS10	1	0	1	0
SMS11	1	0	1	0
SMS12	1	0	1	0
SMS13	1	0	1	0
SMS14	1	0	1	0
SMS15	1	0	1	0
SMS16	1	0	1	0
SMS1S2	1	0	1	0
SMS2	1	0	1	0
SMS21e	1	0	1	0
SMS3	1	0	1	0
SMS4	1	0	1	0
SMS5	1	0	1	0
SMS6	1	0	1	0
SMS7	1	0	1	0
SMS8	1	0	1	0
SMS9	1	0	1	0
SOAT12	1	0	0	1
SPHGNtr	1	0	0	0
SPHMYLN180241_hs_SECt	1	0	1	0
SPHMYLN18114_hs_SECt	1	0	1	0
SPHMYLN18115_hs_SECt	1	0	1	0
SPHMYLN18116_hs_SECt	1	0	1	0
SPHMYLN181161_hs_SECt	1	0	1	0
SPHMYLN18117_hs_SECt	1	0	1	0
SPHMYLN18118_hs_SECt	1	0	1	0
SPHMYLN181181_hs_SECt	1	0	1	0
SPHMYLN18120_hs_SECt	1	0	1	0
SPHMYLN181201_hs_SECt	1	0	1	0
SPHMYLN18121_hs_SECt	1	0	1	0
SPHMYLN18122_hs_SECt	1	0	1	0
SPHMYLN181221_hs_SECt	1	0	1	0
SPHMYLN18123_hs_SECt	1	0	1	0
SPHMYLN1824_hs_SECt	1	0	1	0
SPHMYLN1825_hs_SECt	1	0	1	0
SPHMYLNtg	1	0	1	0
SQLEr	1	0	0	0
STRDNCCPT1	1	1	0	1
SUCCCROT	1	1	0	0
SUCCtp	1	1	0	0
TALA	1	1	1	0
TDCHOLAte	1	1	0	0
THYMDt1	1	0	0	1
TKT1	1	1	0	0
TKT2	1	1	0	0
TMNDNCCPT1	1	1	1	1
TPI	1	1	0	0
TRDR	1	1	0	0
TSULt4_3	1	0	0	1
TTDCEAt	1	0	1	1
TXA2tr	1	0	1	0
TYRASE	1	1	1	0
UDPGALt2r	1	1	1	0
UGCG	1	1	1	0
UGT1A10r	1	1	1	1
URIDK3	1	1	0	1
UROLACer	1	1	0	0
XOLESTte	1	0	0	1
12PPDRte	0	1	1	0
13DAMPPOX	0	1	1	1
13DAMPPte	0	1	1	1
15KPROSTGF2c	0	1	1	0
3DSPHR	0	1	1	0
3MOX4HOXPGALDOX	0	0	1	1
5AOPt	0	1	1	1
5MTAte	0	1	1	1
ABT_Dt2	0	0	1	1
ABUTD	0	1	1	1
ADRNCOAtx	0	0	1	1
ADSL2	0	1	1	1
AHCYSte	0	0	1	1
AHCYStr	0	0	1	0
AICARte	0	0	1	0
AIRCr	0	1	1	1
ALCD1	0	1	1	1
ALCD21_L	0	1	1	0
ALR2	0	1	1	0
ALR3	0	1	1	0
AMETAMte	0	1	1	1
AMETr	0	0	1	0
AMETt	0	0	1	1
APAT2rm	0	0	1	1
ARACHDCOAtx	0	0	1	0
ASAH1	0	0	1	0
BALAtmr	0	0	1	1
BAMPPALDOX	0	1	1	1
BILIVERDt	0	1	1	0
BTNt2	0	1	1	1
C04483t2	0	0	1	0
C161CPT2	0	0	1	1
C4tcx	0	0	1	0
C4x	0	0	1	0
CDSm	0	1	1	1
CHOLPtr	0	1	1	1
CHOLtu	0	0	1	0
CMPACNAtn	0	1	1	1
CMPSASn	0	1	1	1
COt	0	1	1	0
CPPPGO	0	1	1	0
CTPtn	0	1	1	1
CYTK1m	0	1	1	1
D_LACtm	0	1	1	0
DADNt4	0	0	1	0
DCK1m	0	0	1	0
DCMPtm	0	0	1	0
DCSPTN1COAtx	0	0	1	1
DCSPTN1CPT1	0	0	1	1
DCSPTN1CPT2	0	0	1	1
DESAT18_10	0	1	1	1
DMNONCOACRNCPT1	0	1	1	0
ETHAMPtr	0	1	1	1
ETHAt	0	1	1	1
EX_12ppd_R[e]	0	1	1	0
EX_13dampp[e]	0	1	1	1
EX_4abutn[e]	0	1	1	1
EX_5aop[e]	0	1	1	1
EX_5mta[e]	0	1	1	1
EX_ade[e]	0	0	1	0
EX_adn[e]	0	0	1	0
EX_aicar[e]	0	0	1	0
EX_ala_B[e]	0	0	1	1
EX_ametam[e]	0	1	1	1
EX_amp[e]	0	0	1	0
EX_biliverd[e]	0	1	1	0
EX_btn[e]	0	1	1	0
EX_chol[e]	0	0	1	0
EX_cholp[e]	0	1	1	1
EX_co[e]	0	1	1	0
EX_dad_2[e]	0	0	1	0
EX_dcsptn1[e]	0	0	1	1
EX_dgsn[e]	0	0	1	0
EX_dhap[e]	0	1	1	0
EX_din[e]	0	0	1	0
EX_etha[e]	0	1	1	1
EX_ethamp[e]	0	1	1	1
EX_fald[e]	0	1	1	1
EX_for[e]	0	1	1	1
EX_gal[e]	0	1	1	1
EX_galt[e]	0	1	1	1
EX_gchola[e]	0	0	1	0
EX_gsn[e]	0	0	1	0
EX_gua[e]	0	0	1	0
EX_hexdtr[e]	0	1	1	1
EX_hxan[e]	0	0	1	0
EX_imp[e]	0	0	1	0
EX_ins[e]	0	0	1	0
EX_k[e]	0	0	1	0
EX_lnlnca[e]	0	1	1	1
EX_M00010[e]	0	1	1	0
EX_mlthf[e]	0	0	1	1
EX_n8aspmd[e]	0	1	1	1
EX_nicrnt[e]	0	1	1	1
EX_o2s[e]	0	0	1	0
EX_ppbng[e]	0	1	1	1
EX_ribflv[e]	0	1	1	1
EX_Rtotal[e]	0	0	1	0
EX_sphgn[e]	0	1	1	0
EX_sphings[e]	0	0	1	0
EX_spmd[e]	0	1	1	1
EX_thcholstoic[e]	0	0	1	0
EX_xan[e]	0	0	1	0
EX_xmp[e]	0	0	1	0
EX_xtsn[e]	0	0	1	0
FAOXC122x	0	0	1	1
FAOXC142C122x	0	0	1	1
FAOXC16080m	0	0	1	0
FAOXC161802m	0	1	1	0
FAOXC163C142x	0	0	1	1
FAOXC163C143m	0	1	1	1
FAOXC163C164x	0	0	1	1
FAOXC163x	0	0	1	1
FAOXC164C163x	0	0	1	1
FAOXC16C14m	0	1	1	0
FAOXC183803m	0	1	1	1
FAOXC183C163m	0	1	1	1
FAOXC184C163m	0	0	1	1
FAOXC184C163x	0	0	1	1
FAOXC184m	0	0	1	1
FAOXC184x	0	0	1	1
FAOXC204C184m	0	0	1	1
FAOXC204C205x	0	0	1	1
FAOXC205C184x	0	0	1	1
FAOXC2251836m	0	0	1	1
FAOXC2252053m	0	0	1	1
FAOXC225C204m	0	0	1	1
FAOXC225C204x	0	0	1	1
FAOXC225C226m	0	0	1	1
FAOXC225C226x	0	0	1	1
FAOXC225m	0	0	1	1
FAOXC225x	0	0	1	1
FAOXC226C225m	0	0	1	1
FAOXC226C225x	0	0	1	1
FCLTm	0	1	1	0
FOAXC122C101x	0	0	1	1
FORt2m	0	1	1	1
FTHFL	0	1	1	1
FTHFLm	0	1	1	1
GALK	0	1	1	0
GALOR	0	1	1	1
GALSIDEtg	0	1	1	0
GALSIDEtl	0	1	1	0
GALtly	0	1	1	0
GALTt	0	1	1	1
GARFT	0	1	1	1
GGT6	0	0	1	0
GK1	0	0	1	0
GLUPRT	0	1	1	1
GLYC3Ptm	0	0	1	0
GLYOX	0	1	1	0
GLYOXm	0	1	1	0
GUAPRT	0	1	1	1
GUAt	0	0	1	0
H2O2tn	0	0	1	0
HC02149td	0	1	1	1
HEXDTRm	0	1	1	1
HEXDTRte	0	1	1	1
HEXDTRtm	0	1	1	1
HMBS	0	1	1	0
HMR_0350	0	1	1	1
HMR_0426	0	1	1	1
HMR_0427	0	1	1	1
HMR_0582	0	1	1	1
HMR_1104	0	0	1	0
HMR_1283	0	0	1	0
HMR_1318	0	0	1	0
HMR_1629	0	0	1	0
HMR_1630	0	0	1	0
HMR_1635	0	0	1	0
HMR_1637	0	0	1	0
HMR_1644	0	0	1	0
HMR_1651	0	0	1	0
HMR_1653	0	0	1	0
HMR_1665	0	1	1	0
HMR_1666	0	1	1	0
HMR_2472	0	1	1	1
HMR_2530	0	1	1	1
HMR_2533	0	1	1	1
HMR_2535	0	1	1	1
HMR_2537	0	1	1	1
HMR_2540	0	1	1	1
HMR_2541	0	1	1	1
HMR_2542	0	1	1	1
HMR_2543	0	1	1	1
HMR_2602	0	1	1	0
HMR_2603	0	1	1	0
HMR_2604	0	1	1	0
HMR_2633	0	1	1	0
HMR_2666	0	1	1	0
HMR_2733	0	1	1	1
HMR_2734	0	1	1	1
HMR_2735	0	1	1	1
HMR_2736	0	1	1	1
HMR_2737	0	1	1	1
HMR_2738	0	1	1	1
HMR_2821	0	1	1	0
HMR_2827	0	1	1	0
HMR_2857	0	1	1	1
HMR_2859	0	1	1	1
HMR_3070	0	0	1	0
HMR_3071	0	0	1	0
HMR_3072	0	0	1	0
HMR_3073	0	0	1	0
HMR_3422	0	0	1	1
HMR_3426	0	1	1	1
HMR_3431	0	1	1	1
HMR_3432	0	1	1	1
HMR_4079	0	1	1	1
HMR_4630	0	0	1	0
HMR_4664	0	0	1	0
HMR_5387	0	1	1	1
HMR_5389	0	1	1	1
HMR_5420	0	1	1	0
HMR_6545	0	1	1	0
HMR_6595	0	1	1	0
HMR_6617	0	0	1	1
HMR_6619	0	0	1	1
HMR_7758	0	0	1	0
HMR_7947	0	0	1	0
HMR_7949	0	0	1	1
HMR_8475	0	0	1	0
HMR_8505	0	1	1	0
HMR_8510	0	1	1	0
HMR_9634	0	0	1	1
HMR_9638	0	1	1	1
HOXG	0	1	1	0
HSD17B4x	0	0	1	0
HXPRT	0	1	1	1
HYXNt	0	0	1	0
IMPtr	0	0	1	0
KYNATEtr2	0	0	1	0
LALDO	0	0	1	0
LCADi	0	1	1	0
LCADi_D	0	1	1	0
LCADim	0	1	1	0
LDH_D	0	0	1	0
LEUKTRF4t	0	0	1	0
LTD4DP	0	0	1	0
MDRPD	0	1	1	1
MLTHFte	0	0	1	0
MMAte	0	0	1	1
MMSAD3m	0	1	1	1
MTAP	0	1	1	1
MTRI	0	1	1	1
N8ASPMDte	0	1	1	1
NAtx	0	1	1	1
NDP7g	0	1	1	0
NDPK3m	0	1	1	1
NICRNtr	0	1	1	1
O2St	0	0	1	0
O2Stm	0	0	1	0
O2Stn	0	0	1	0
O2Stx	0	0	1	0
O2tn	0	0	1	0
OCDEAFABP1tc	0	1	1	1
OROTGLUt	0	0	1	0
PAFABCt	0	1	1	0
PAIL_HStn	0	0	1	0
PCHOL_HSter	0	1	1	0
PETOHMr_hs	0	0	1	0
PGESr	0	0	1	1
PHEMEtm	0	1	1	0
PI45P4P	0	0	1	0
PIK5	0	1	1	0
PPBNGS	0	1	1	1
PPBNGte	0	1	1	1
PPPG9tm	0	1	1	0
PPPGOm	0	1	1	0
PRAGSr	0	1	1	1
PRASCS	0	1	1	1
PRFGS	0	1	1	1
PRGNLONEtr	0	0	1	0
PROSTGE2t2r	0	0	1	1
PSDm_hs	0	1	1	1
PSFLIPm	0	1	1	1
PSSA1_hs	0	1	1	1
PSSA2_hs	0	1	1	1
PUNP3	0	0	1	1
PUNP4	0	1	1	1
PUNP7	0	0	1	1
r0276	0	0	1	1
r0394	0	0	1	1
r0480	0	1	1	1
r0488	0	0	1	0
r0641	0	0	1	0
r0643	0	0	1	0
r0666	0	1	1	1
r0706	0	0	1	0
r0743	0	0	1	0
r0744	0	0	1	0
r0788	0	1	1	1
r0789	0	1	1	1
r0791	0	0	1	0
r0899	0	0	1	1
r0944	0	1	1	1
r1259	0	1	1	1
r1292	0	0	1	0
r1377	0	0	1	1
r1378	0	0	1	1
r1384	0	0	1	1
r1421	0	1	1	1
r1446	0	0	1	0
r1459	0	1	1	1
r2143	0	0	1	0
r2317	0	1	1	0
r2324	0	0	1	0
r2352	0	0	1	0
r2357	0	0	1	0
r2520	0	0	1	1
RDH2	0	0	1	1
RDH3	0	0	1	1
RE0456N	0	0	1	1
RE1100R	0	0	1	1
RE1135C	0	0	1	0
RE1135R	0	0	1	0
RE1233C	0	0	1	0
RE1235C	0	1	1	1
RE1447N	0	0	1	1
RE1448N	0	0	1	1
RE1804M	0	1	1	0
RE1834M	0	1	1	0
RE1834X	0	1	1	0
RE2112C	0	0	1	0
RE2624M	0	0	1	0
RE2624X	0	0	1	0
RE2666G	0	1	1	0
RE3010C	0	0	1	0
RE3010X	0	0	1	0
RE3106C	0	0	1	0
RE3110C	0	0	1	0
RE3112C	0	0	1	0
RE3113C	0	0	1	0
RE3114R	0	1	1	1
RE3245C	0	1	1	1
RE3247M	0	0	1	0
RE3247X	0	0	1	0
RE3430C	0	0	1	0
RE3430X	0	0	1	0
RE3432X	0	0	1	0
Rtotaltl	0	0	1	0
SCP22x	0	1	1	0
SCPx	0	0	1	0
SERPT	0	1	1	0
SFGTH	0	1	1	1
sink_chol[c]	0	0	1	0
sink_gchola[c]	0	0	1	0
sink_HC02191[c]	0	0	1	1
sink_lnlncacoa[c]	0	1	1	1
sink_nad[c]	0	1	1	1
sink_pmtcoa[c]	0	1	1	0
sink_thcholstoic[c]	0	0	1	0
SPHGNSte	0	0	1	0
SPHGNte	0	1	1	0
SPHINGStl	0	0	1	0
SPMS	0	1	1	1
SPODM	0	0	1	0
SPODMm	0	0	1	0
SPODMn	0	0	1	0
SPODMx	0	0	1	0
SPRMS	0	1	1	1
TAURt4_2_r	0	1	1	0
TAURtcx	0	1	1	1
THCHOLSTOICt	0	0	1	0
UDCHOLt	0	0	1	0
UDPG4E	0	1	1	1
UDPGALtg	0	1	1	0
UNK3r	0	1	1	1
UPP3S	0	1	1	0
UPPDC1	0	1	1	0
UREAtm	0	0	1	0
UTPtn	0	0	1	1
VALt5m	0	1	1	1
VALTA	0	1	1	1
VALTAm	0	1	1	1
XANtr	0	0	1	0
XMPtr	0	0	1	0
XTSNtr	0	0	1	0
2M3HVACc	0	1	0	1
2M3HVACte	0	1	0	1
2M3OVACm	0	1	0	1
2M3OVACtm	0	1	0	1
2M3OVCOAm	0	1	0	1
3HPPt	0	1	0	1
3HPPtm	0	1	0	1
4ABUTtm	0	1	0	1
ABTArm	0	1	0	1
ACACT5p	0	1	0	1
ACACT6p	0	1	0	1
ACACT7p	0	1	0	1
ACACtx	0	1	0	1
ACCOAL	0	1	0	1
ACITL	0	1	0	1
ACNAMtn	0	1	0	1
ACOAD1fm	0	1	0	0
ACP1_FMN_	0	1	0	1
ACS	0	1	0	1
ACS2	0	1	0	1
ACt2m	0	1	0	1
ACYP	0	1	0	1
ADNCYC	0	1	0	1
ADNK1	0	1	0	1
ADNK1m	0	1	0	1
ADNtl	0	1	0	1
ADSK	0	1	0	1
ADSL1	0	1	0	1
ADSS	0	1	0	1
AHC	0	1	0	1
AK2LGCHOLABCt	0	1	0	1
AK2LGCHOLt1	0	1	0	1
AMPDA	0	1	0	1
AMPTASECG	0	1	0	1
AMPTASECGe	0	1	0	0
APOC_LYS_BTNP	0	1	0	1
APOC_LYS_BTNPm	0	1	0	1
APOCF	0	1	0	1
APOCFm	0	1	0	1
ARACHCPT1	0	1	0	1
ARACHCPT2	0	1	0	1
ARACHDFATPtc	0	1	0	1
ASPt6	0	1	0	0
ATP1ter	0	1	0	1
ATP2ter	0	1	0	1
ATPH1e	0	1	0	1
ATPtg	0	1	0	1
BAAT4x	0	1	0	0
BACCL	0	1	0	1
BACCLm	0	1	0	1
BHMT	0	1	0	1
BIOCYTtn	0	1	0	1
biomass_maintenance	0	1	0	1
biomass_maintenance_noTrTr	0	1	0	1
BPNT2	0	1	0	1
BTND1n	0	1	0	1
BTNDm	0	1	0	1
BTNPL	0	1	0	1
BTNPLm	0	1	0	1
CAATPS	0	1	0	1
CBR2	0	1	0	1
CDIPTr	0	1	0	1
CDS	0	1	0	1
CE2176t	0	1	0	0
CE2510t	0	1	0	0
CE2512te	0	1	0	1
CE2537ABCt	0	1	0	1
CE2537ATP	0	1	0	1
CHLPCTD	0	1	0	1
CHOLt4	0	1	0	1
CHSTEROLt	0	1	0	1
CHSTEROLtg	0	1	0	1
CMPSAS	0	1	0	1
CRMte	0	1	0	1
CSm	0	1	0	1
CYTDtl	0	1	0	1
D_LACt2	0	1	0	0
DAGK_hs	0	1	0	1
DCATDc	0	1	0	1
DCSPTN1t	0	1	0	1
DGCHOLte	0	1	0	1
DGCHOLtx	0	1	0	0
DHCHOLESTANATEtm	0	1	0	1
DIGALSIDEtg	0	1	0	0
DIGALSIDEtl	0	1	0	0
DM_atp_c_	0	1	0	1
DM_pmtcoa[r]	0	1	0	0
DMGLYtr	0	1	0	1
DNDPt60m	0	1	0	0
DOCOSACTDe	0	1	0	1
DOCOSACTDr	0	1	0	1
DRIBt	0	1	0	0
DUMPtn	0	1	0	1
DURIPP	0	1	0	1
DUTPDPm	0	1	0	1
DUTPDPn	0	1	0	1
EIC21114TRc	0	1	0	0
EIC21114TRte	0	1	0	0
ELAIDt	0	1	0	1
ENO	0	1	0	1
EX_2m3hvac[e]	0	1	0	1
EX_3hpp[e]	0	1	0	1
EX_asp_L[e]	0	1	0	0
EX_CE2176[e]	0	1	0	0
EX_dgchol[e]	0	1	0	1
EX_dmgly[e]	0	1	0	1
EX_drib[e]	0	1	0	0
EX_eic21114tr[e]	0	1	0	0
EX_fru[e]	0	1	0	1
EX_glcn[e]	0	1	0	1
EX_glyc_S[e]	0	1	0	1
EX_glyclt[e]	0	1	0	1
EX_HC02203[e]	0	1	0	0
EX_HC02205[e]	0	1	0	0
EX_hxa[e]	0	1	0	1
EX_inost[e]	0	1	0	1
EX_lac_D[e]	0	1	0	0
EX_lac_L[e]	0	1	0	1
EX_leuktrB4wcooh[e]	0	1	0	0
EX_meoh[e]	0	1	0	1
EX_ppa[e]	0	1	0	1
EX_prostge2[e]	0	1	0	0
EX_prostgi2[e]	0	1	0	0
EX_pyr[e]	0	1	0	1
EX_succ[e]	0	1	0	1
EX_sucsal[e]	0	1	0	1
EX_tchola[e]	0	1	0	0
FACOAL140i	0	1	0	1
FACOAL150	0	1	0	1
FACOAL170	0	1	0	1
FACOAL180i	0	1	0	1
FACOAL181i	0	1	0	1
FACOAL1821	0	1	0	1
FACOAL1831	0	1	0	1
FACOAL204	0	1	0	1
FACOAL2251	0	1	0	1
FACOAL244_1	0	1	0	1
FACOAL245_1	0	1	0	1
FACOAL245_2	0	1	0	1
FAOXC10C10OHm	0	1	0	1
FAOXC12C12OHm	0	1	0	1
FAOXC200180m	0	1	0	1
FAOXC61C4m	0	1	0	0
FAOXC80	0	1	0	1
FATP2t	0	1	0	0
G3PD2m	0	1	0	1
G5SDym	0	1	0	0
GBA	0	1	0	1
GBA2e	0	1	0	1
GCALDDm	0	1	0	1
GCC2cm	0	1	0	1
GGNG	0	1	0	1
GLAl	0	1	0	0
GLBRAN	0	1	0	1
GLCNte	0	1	0	1
GLGNS1	0	1	0	1
GLNS	0	1	0	1
GLNtm	0	1	0	1
GLPASE1	0	1	0	1
GLPASE2	0	1	0	1
GLU5Km	0	1	0	0
GLUDC	0	1	0	1
GLUNm	0	1	0	1
GLYC_St	0	1	0	1
GLYCLTtd	0	1	0	1
GLYCLTtm	0	1	0	1
GND	0	1	0	0
GSNtl	0	1	0	1
GTHS	0	1	0	1
H2O2tp	0	1	0	0
H2Otg	0	1	0	1
HEX1	0	1	0	1
HMGCOASim	0	1	0	1
HMGLm	0	1	0	1
HMGLx	0	1	0	1
HMR_0188	0	1	0	1
HMR_0191	0	1	0	1
HMR_0192	0	1	0	1
HMR_0193	0	1	0	1
HMR_0194	0	1	0	1
HMR_0200	0	1	0	1
HMR_0203	0	1	0	1
HMR_0204	0	1	0	1
HMR_0206	0	1	0	1
HMR_0207	0	1	0	1
HMR_0208	0	1	0	1
HMR_0209	0	1	0	1
HMR_0210	0	1	0	1
HMR_0211	0	1	0	1
HMR_0214	0	1	0	1
HMR_0230	0	1	0	1
HMR_0232	0	1	0	1
HMR_0233	0	1	0	1
HMR_0235	0	1	0	1
HMR_0238	0	1	0	1
HMR_0239	0	1	0	1
HMR_0240	0	1	0	1
HMR_0241	0	1	0	1
HMR_0242	0	1	0	1
HMR_0243	0	1	0	1
HMR_0244	0	1	0	1
HMR_0245	0	1	0	1
HMR_0246	0	1	0	1
HMR_0247	0	1	0	1
HMR_0253	0	1	0	1
HMR_0254	0	1	0	1
HMR_0255	0	1	0	1
HMR_0256	0	1	0	1
HMR_0257	0	1	0	1
HMR_0259	0	1	0	1
HMR_0260	0	1	0	1
HMR_0267	0	1	0	1
HMR_0268	0	1	0	1
HMR_0270	0	1	0	1
HMR_0273	0	1	0	1
HMR_0277	0	1	0	0
HMR_0278	0	1	0	1
HMR_0279	0	1	0	1
HMR_0280	0	1	0	1
HMR_0281	0	1	0	1
HMR_0287	0	1	0	1
HMR_0288	0	1	0	1
HMR_0289	0	1	0	1
HMR_0290	0	1	0	1
HMR_0291	0	1	0	1
HMR_0293	0	1	0	1
HMR_0296	0	1	0	1
HMR_0297	0	1	0	1
HMR_0298	0	1	0	1
HMR_0299	0	1	0	1
HMR_0300	0	1	0	1
HMR_0301	0	1	0	1
HMR_0302	0	1	0	1
HMR_0303	0	1	0	1
HMR_0304	0	1	0	1
HMR_0305	0	1	0	1
HMR_0306	0	1	0	1
HMR_0307	0	1	0	1
HMR_0308	0	1	0	1
HMR_0309	0	1	0	1
HMR_0310	0	1	0	1
HMR_0311	0	1	0	1
HMR_0317	0	1	0	1
HMR_0321	0	1	0	1
HMR_0322	0	1	0	1
HMR_0323	0	1	0	1
HMR_0324	0	1	0	1
HMR_0325	0	1	0	1
HMR_0326	0	1	0	1
HMR_0327	0	1	0	1
HMR_0328	0	1	0	1
HMR_0329	0	1	0	1
HMR_0344	0	1	0	1
HMR_0345	0	1	0	1
HMR_0346	0	1	0	1
HMR_0347	0	1	0	1
HMR_0363	0	1	0	1
HMR_0370	0	1	0	1
HMR_0371	0	1	0	1
HMR_0380	0	1	0	1
HMR_0381	0	1	0	1
HMR_0382	0	1	0	1
HMR_0383	0	1	0	1
HMR_0384	0	1	0	1
HMR_0385	0	1	0	1
HMR_0386	0	1	0	1
HMR_0387	0	1	0	1
HMR_0388	0	1	0	1
HMR_0389	0	1	0	1
HMR_0390	0	1	0	1
HMR_0391	0	1	0	1
HMR_0392	0	1	0	1
HMR_0393	0	1	0	1
HMR_0394	0	1	0	1
HMR_0395	0	1	0	1
HMR_0398	0	1	0	1
HMR_0402	0	1	0	1
HMR_0406	0	1	0	1
HMR_0415	0	1	0	1
HMR_0418	0	1	0	1
HMR_0419	0	1	0	1
HMR_0422	0	1	0	1
HMR_0423	0	1	0	1
HMR_0428	0	1	0	1
HMR_0429	0	1	0	1
HMR_0430	0	1	0	1
HMR_0431	0	1	0	1
HMR_0432	0	1	0	1
HMR_0433	0	1	0	1
HMR_0434	0	1	0	1
HMR_0435	0	1	0	1
HMR_0436	0	1	0	1
HMR_0437	0	1	0	1
HMR_0438	0	1	0	1
HMR_0439	0	1	0	1
HMR_0597	0	1	0	1
HMR_0598	0	1	0	1
HMR_0614	0	1	0	1
HMR_0625	0	1	0	1
HMR_0629	0	1	0	1
HMR_0642	0	1	0	1
HMR_0761	0	1	0	1
HMR_0770	0	1	0	1
HMR_0837	0	1	0	0
HMR_0844	0	1	0	1
HMR_1126	0	1	0	0
HMR_1465	0	1	0	0
HMR_1467	0	1	0	0
HMR_1470	0	1	0	0
HMR_1473	0	1	0	0
HMR_1916	0	1	0	1
HMR_2259	0	1	0	1
HMR_2260	0	1	0	1
HMR_2261	0	1	0	1
HMR_2262	0	1	0	1
HMR_2263	0	1	0	1
HMR_2264	0	1	0	1
HMR_2265	0	1	0	1
HMR_2266	0	1	0	1
HMR_2342	0	1	0	1
HMR_2343	0	1	0	1
HMR_2344	0	1	0	1
HMR_2345	0	1	0	1
HMR_2433	0	1	0	0
HMR_2434	0	1	0	0
HMR_2435	0	1	0	0
HMR_2436	0	1	0	0
HMR_2620	0	1	0	0
HMR_2621	0	1	0	0
HMR_2622	0	1	0	0
HMR_2635	0	1	0	0
HMR_2660	0	1	0	1
HMR_2661	0	1	0	1
HMR_2662	0	1	0	1
HMR_2675	0	1	0	1
HMR_2676	0	1	0	1
HMR_2677	0	1	0	1
HMR_2681	0	1	0	1
HMR_2682	0	1	0	1
HMR_2683	0	1	0	1
HMR_2699	0	1	0	1
HMR_2700	0	1	0	1
HMR_2701	0	1	0	1
HMR_2702	0	1	0	1
HMR_2768	0	1	0	0
HMR_2769	0	1	0	0
HMR_2770	0	1	0	0
HMR_2771	0	1	0	0
HMR_2772	0	1	0	0
HMR_2773	0	1	0	0
HMR_2851	0	1	0	1
HMR_2852	0	1	0	1
HMR_2942	0	1	0	1
HMR_2943	0	1	0	1
HMR_2944	0	1	0	1
HMR_2945	0	1	0	1
HMR_2946	0	1	0	1
HMR_2947	0	1	0	1
HMR_2948	0	1	0	1
HMR_2951	0	1	0	1
HMR_2954	0	1	0	1
HMR_2955	0	1	0	1
HMR_2956	0	1	0	1
HMR_2957	0	1	0	1
HMR_2961	0	1	0	1
HMR_2962	0	1	0	1
HMR_2963	0	1	0	1
HMR_2964	0	1	0	1
HMR_2965	0	1	0	1
HMR_2966	0	1	0	1
HMR_2967	0	1	0	1
HMR_2968	0	1	0	1
HMR_2969	0	1	0	1
HMR_2970	0	1	0	1
HMR_2971	0	1	0	1
HMR_2972	0	1	0	1
HMR_2973	0	1	0	1
HMR_2974	0	1	0	1
HMR_2975	0	1	0	1
HMR_2976	0	1	0	1
HMR_2977	0	1	0	1
HMR_2978	0	1	0	1
HMR_2979	0	1	0	1
HMR_2980	0	1	0	1
HMR_2982	0	1	0	1
HMR_2983	0	1	0	1
HMR_2985	0	1	0	1
HMR_2986	0	1	0	1
HMR_2988	0	1	0	1
HMR_2989	0	1	0	1
HMR_2990	0	1	0	1
HMR_2994	0	1	0	1
HMR_2998	0	1	0	1
HMR_2999	0	1	0	1
HMR_3001	0	1	0	1
HMR_3002	0	1	0	1
HMR_3003	0	1	0	1
HMR_3111	0	1	0	1
HMR_3112	0	1	0	1
HMR_3113	0	1	0	1
HMR_3114	0	1	0	1
HMR_3121	0	1	0	1
HMR_3128	0	1	0	1
HMR_3135	0	1	0	1
HMR_3142	0	1	0	1
HMR_3149	0	1	0	1
HMR_3170	0	1	0	1
HMR_3171	0	1	0	1
HMR_3172	0	1	0	1
HMR_3173	0	1	0	1
HMR_3174	0	1	0	1
HMR_3175	0	1	0	1
HMR_3176	0	1	0	1
HMR_3177	0	1	0	1
HMR_3240	0	1	0	1
HMR_3241	0	1	0	1
HMR_3242	0	1	0	1
HMR_3243	0	1	0	1
HMR_3423	0	1	0	0
HMR_3424	0	1	0	0
HMR_3455	0	1	0	1
HMR_3625	0	1	0	1
HMR_3626	0	1	0	1
HMR_3627	0	1	0	1
HMR_3628	0	1	0	1
HMR_3629	0	1	0	1
HMR_3630	0	1	0	1
HMR_3631	0	1	0	1
HMR_3633	0	1	0	1
HMR_3635	0	1	0	1
HMR_3636	0	1	0	1
HMR_3637	0	1	0	1
HMR_3639	0	1	0	1
HMR_3640	0	1	0	1
HMR_3642	0	1	0	1
HMR_3644	0	1	0	1
HMR_3645	0	1	0	1
HMR_3646	0	1	0	1
HMR_3647	0	1	0	1
HMR_3648	0	1	0	1
HMR_3649	0	1	0	1
HMR_3650	0	1	0	1
HMR_3651	0	1	0	1
HMR_3652	0	1	0	1
HMR_3654	0	1	0	1
HMR_3655	0	1	0	1
HMR_3656	0	1	0	1
HMR_3657	0	1	0	1
HMR_3658	0	1	0	1
HMR_3659	0	1	0	1
HMR_3660	0	1	0	1
HMR_3663	0	1	0	1
HMR_3665	0	1	0	1
HMR_3666	0	1	0	1
HMR_3667	0	1	0	1
HMR_3668	0	1	0	1
HMR_3669	0	1	0	1
HMR_3670	0	1	0	1
HMR_3677	0	1	0	1
HMR_3678	0	1	0	1
HMR_3679	0	1	0	1
HMR_3680	0	1	0	1
HMR_3681	0	1	0	1
HMR_3682	0	1	0	1
HMR_3684	0	1	0	1
HMR_3685	0	1	0	1
HMR_3686	0	1	0	1
HMR_3687	0	1	0	1
HMR_3688	0	1	0	1
HMR_3689	0	1	0	1
HMR_3690	0	1	0	1
HMR_3692	0	1	0	1
HMR_3694	0	1	0	1
HMR_3695	0	1	0	1
HMR_3696	0	1	0	1
HMR_3698	0	1	0	1
HMR_3699	0	1	0	1
HMR_3701	0	1	0	1
HMR_3703	0	1	0	1
HMR_3704	0	1	0	1
HMR_3705	0	1	0	1
HMR_3706	0	1	0	1
HMR_3707	0	1	0	1
HMR_3708	0	1	0	1
HMR_3709	0	1	0	1
HMR_3710	0	1	0	1
HMR_3711	0	1	0	1
HMR_3713	0	1	0	1
HMR_3714	0	1	0	1
HMR_3715	0	1	0	1
HMR_3716	0	1	0	1
HMR_3717	0	1	0	1
HMR_3718	0	1	0	1
HMR_3719	0	1	0	1
HMR_3722	0	1	0	1
HMR_3724	0	1	0	1
HMR_3725	0	1	0	1
HMR_3726	0	1	0	1
HMR_3727	0	1	0	1
HMR_3728	0	1	0	1
HMR_3729	0	1	0	1
HMR_3736	0	1	0	1
HMR_3737	0	1	0	1
HMR_3738	0	1	0	1
HMR_3739	0	1	0	1
HMR_3740	0	1	0	1
HMR_3741	0	1	0	1
HMR_3953	0	1	0	0
HMR_3966	0	1	0	1
HMR_4078	0	1	0	0
HMR_4263	0	1	0	1
HMR_4700	0	1	0	1
HMR_4701	0	1	0	1
HMR_6549	0	1	0	1
HMR_6564	0	1	0	1
HMR_6580	0	1	0	1
HMR_6584	0	1	0	1
HMR_7652	0	1	0	1
HMR_7711	0	1	0	1
HMR_7715	0	1	0	1
HMR_7720	0	1	0	1
HMR_7724	0	1	0	1
HMR_7727	0	1	0	1
HMR_8776	0	1	0	1
HMR_9797	0	1	0	1
HMR_9802	0	1	0	1
HMR_9803	0	1	0	1
HMR_9804	0	1	0	1
HPDCACRNCPT1	0	1	0	1
HPDCACRNCPT2	0	1	0	1
HPDCAt	0	1	0	1
HPYRDCm	0	1	0	1
HPYRR2x	0	1	0	1
Htg	0	1	0	1
HXAt3	0	1	0	1
HYPOE	0	1	0	1
IMPD	0	1	0	1
LEUKTRB4WCOOHt	0	1	0	0
LINOFATPtc	0	1	0	1
LNLCt	0	1	0	1
LNLNCGt	0	1	0	1
LYStn	0	1	0	1
MEOHt2	0	1	0	1
METAT	0	1	0	1
METS	0	1	0	1
MI1345PP	0	1	0	1
MI134PP	0	1	0	1
MI145PK	0	1	0	1
MI14P4P	0	1	0	1
MI14PP	0	1	0	1
MI1PP	0	1	0	1
MI1PS	0	1	0	1
MI34PP	0	1	0	1
MI3PP	0	1	0	1
MI4PP	0	1	0	1
MINOHPtn	0	1	0	1
MMMm	0	1	0	1
MMSAD1m	0	1	0	1
NDP8	0	1	0	1
NEU23	0	1	0	1
NICRNS	0	1	0	1
NICRNTtn	0	1	0	1
NNATn	0	1	0	1
NNATr	0	1	0	1
NRVNCABCt	0	1	0	1
NT5C	0	1	0	1
NTD1	0	1	0	1
NTD10	0	1	0	1
NTD11	0	1	0	1
NTD1m	0	1	0	1
NTD2	0	1	0	0
NTD2l	0	1	0	1
NTD3	0	1	0	1
NTD4	0	1	0	1
NTD4l	0	1	0	1
NTD5	0	1	0	1
NTD5l	0	1	0	1
NTD7	0	1	0	1
NTD7e	0	1	0	1
NTD7l	0	1	0	1
NTD8	0	1	0	1
NTD9	0	1	0	1
NTD9l	0	1	0	1
OCOAT1m	0	1	0	1
OLEICFATPtc	0	1	0	1
PAFt1	0	1	0	0
PCm	0	1	0	1
PDE1	0	1	0	1
PDHm	0	1	0	1
PDXPP	0	1	0	1
PESTE_HSABCt	0	1	0	1
PESTE_HSt1e	0	1	0	1
PETHCT	0	1	0	1
PGCD	0	1	0	1
PGK	0	1	0	1
PGL	0	1	0	0
PGLc	0	1	0	0
PGLer	0	1	0	0
PGM	0	1	0	1
PGMT	0	1	0	1
PI345P5P	0	1	0	1
PI34P5K	0	1	0	1
PI3P4K	0	1	0	1
PI3P5K	0	1	0	1
PI45P3K	0	1	0	1
PI4P3K	0	1	0	1
PI4P5K	0	1	0	1
PI5P4K	0	1	0	1
PIK3	0	1	0	1
PIPLC	0	1	0	1
PItg	0	1	0	1
PMI12346PH	0	1	0	1
PMI12346PHn	0	1	0	1
PMTCOAFABP1tc	0	1	0	1
PPMI12346Ptn	0	1	0	1
PSERT	0	1	0	1
PSHSABCtc	0	1	0	1
PSP_L	0	1	0	1
PTDCAt	0	1	0	0
PYDAMK	0	1	0	1
PYDXK	0	1	0	1
PYDXNK	0	1	0	1
PYDXPP	0	1	0	1
PYNP2r	0	1	0	1
r0047	0	1	0	1
r0068	0	1	0	1
r0085	0	1	0	1
r0086	0	1	0	1
r0097	0	1	0	1
r0119	0	1	0	1
r0156	0	1	0	1
r0157	0	1	0	1
r0178	0	1	0	1
r0220	0	1	0	1
r0221	0	1	0	1
r0318	0	1	0	1
r0319	0	1	0	1
r0354	0	1	0	1
r0355	0	1	0	1
r0365	0	1	0	1
r0383	0	1	0	1
r0431	0	1	0	0
r0432	0	1	0	0
r0441	0	1	0	0
r0444	0	1	0	1
r0522	0	1	0	1
r0523	0	1	0	1
r0555	0	1	0	1
r0570	0	1	0	0
r0596	0	1	0	1
r0661	0	1	0	1
r0715	0	1	0	1
r0717	0	1	0	1
r0719	0	1	0	1
r0721	0	1	0	1
r0723	0	1	0	1
r0735	0	1	0	1
r0739	0	1	0	1
r0797	0	1	0	0
r0942	0	1	0	0
r1000	0	1	0	1
r1005	0	1	0	0
r1007	0	1	0	0
r1020	0	1	0	1
r1050	0	1	0	1
r1109	0	1	0	1
r1116	0	1	0	1
r1143	0	1	0	0
r1150	0	1	0	1
r1165	0	1	0	1
r1166	0	1	0	1
r1168	0	1	0	1
r1174	0	1	0	1
r1175	0	1	0	1
r1179	0	1	0	1
r1251	0	1	0	1
r1255	0	1	0	1
r1257	0	1	0	1
r1262	0	1	0	1
r1298	0	1	0	0
r1367	0	1	0	1
r1368	0	1	0	1
r1443	0	1	0	1
r1444	0	1	0	1
r1445	0	1	0	1
r1487	0	1	0	1
r1514	0	1	0	1
r1515	0	1	0	1
r1516	0	1	0	1
r1517	0	1	0	1
r1518	0	1	0	1
r1519	0	1	0	1
r1520	0	1	0	1
r1521	0	1	0	1
r1522	0	1	0	1
r1523	0	1	0	1
r1525	0	1	0	1
r1527	0	1	0	1
r1529	0	1	0	1
r2322	0	1	0	0
r2510	0	1	0	1
r2514	0	1	0	1
r2514m	0	1	0	1
r2517	0	1	0	1
r2518	0	1	0	1
RBFK	0	1	0	1
RE0124C	0	1	0	1
RE0344C	0	1	0	1
RE0565C	0	1	0	1
RE0566C	0	1	0	1
RE0567C	0	1	0	1
RE0568C	0	1	0	1
RE0578C	0	1	0	1
RE1441R	0	1	0	1
RE1447M	0	1	0	1
RE1448R	0	1	0	1
RE1530M	0	1	0	1
RE1807M	0	1	0	1
RE1845C	0	1	0	0
RE1845X	0	1	0	0
RE1957R	0	1	0	1
RE2122C	0	1	0	0
RE2649C	0	1	0	1
RE2649M	0	1	0	1
RE2912M	0	1	0	1
RE2972M	0	1	0	1
RE3132R	0	1	0	1
RE3146R	0	1	0	1
RE3160R	0	1	0	1
RE3164C	0	1	0	0
RE3268R	0	1	0	1
RE3270C	0	1	0	1
SARCStm	0	1	0	1
SARDHm	0	1	0	1
SBTD_D2	0	1	0	1
SCP21cx	0	1	0	1
SCP21x	0	1	0	1
sink_clpn_hs[c]	0	1	0	1
sink_dgchol[c]	0	1	0	1
sink_Tyr_ggn[c]	0	1	0	1
SPHS1Pt2e	0	1	0	1
SPHS1Pte	0	1	0	1
SUCCt4_2	0	1	0	1
SUCD1m	0	1	0	1
SUCSALte	0	1	0	1
SUCSALtm	0	1	0	1
TDCHOLAtx	0	1	0	0
TETPENT3t	0	1	0	1
TETPENT6t	0	1	0	1
TETTET6t	0	1	0	1
THYMDtl	0	1	0	1
TMNDNCt	0	1	0	1
TTDCAtr	0	1	0	1
UGT1A10c	0	1	0	1
UREAt5	0	1	0	0
URIDK2m	0	1	0	1
Uritl	0	1	0	1
10FTHF7GLUtl	0	0	0	1
10FTHF7GLUtm	0	0	0	1
10FTHFtl	0	0	0	1
10FTHFtm	0	0	0	1
11DOCRTSLte	0	0	0	1
12DHCHOLt	0	0	0	1
17AHPRGSTRNte	0	0	0	1
1A25DHVITD3te	0	0	0	1
1a25DHVITD3TRn	0	0	0	1
2H3MVc	0	0	0	1
2H3MVte	0	0	0	1
2HATVACIDtep	0	0	0	1
2HATVACIDthc	0	0	0	1
2HATVLACtep	0	0	0	1
2HATVLACthc	0	0	0	1
2HBt2	0	0	0	1
2HCO3_NAt	0	0	0	1
2HIVc	0	0	0	1
2HIVte	0	0	0	1
2M3HBUc	0	0	0	1
2M3HBUte	0	0	0	1
2M3HBUtm	0	0	0	1
2PGtr	0	0	0	1
34DHOXMANDte	0	0	0	1
34DHOXPEGOX	0	0	0	1
34DHOXPEGt	0	0	0	1
34HPLFM	0	0	0	1
34HPLte	0	0	0	1
34HPLtm	0	0	0	1
34HPPte	0	0	0	1
35DHPVStep	0	0	0	1
35DHPVSthc	0	0	0	1
3AIB_Dtm	0	0	0	1
3AIBSYMPt	0	0	0	1
3AIBt1	0	0	0	1
3AIBTm	0	0	0	1
3AIBtmi	0	0	0	1
3HADICOAx	0	0	0	1
3HADPACte	0	0	0	1
3HADPACtxc	0	0	0	1
3HADPACx	0	0	0	1
3HBCOAHLm	0	0	0	1
3HCO3_NAt	0	0	0	1
3HPVSCOAhc	0	0	0	1
3HPVSCOAitm	0	0	0	1
3HPVSCOAitx	0	0	0	1
3HPVStep	0	0	0	1
3HPVSTETCOAhcm	0	0	0	1
3HPVSTETCOAhcx	0	0	0	1
3HPVSTETCOAitm	0	0	0	1
3HPVSTETCOAitx	0	0	0	1
3HPVSTEThc	0	0	0	1
3HPVSTETtev	0	0	0	1
3HPVSthc	0	0	0	1
3ISPVStep	0	0	0	1
3ISPVSthc	0	0	0	1
3MGLUTACc	0	0	0	1
3MGLUTACte	0	0	0	1
3MGLUTACtm	0	0	0	1
3MHISc	0	0	0	1
3MHISt1	0	0	0	1
3MHISt2	0	0	0	1
3MHISt3	0	0	0	1
3MOBt2im	0	0	0	1
3MOBte	0	0	0	1
3MOPte	0	0	0	1
3MOX4HOXPGALDOX_NADP_	0	0	0	1
3MOXTYRt	0	0	0	1
3OHSEBACte	0	0	0	1
3OHSEBACtxc	0	0	0	1
3OHSEBACx	0	0	0	1
3OHSEBCOAx	0	0	0	1
3OHSUBACte	0	0	0	1
3OHSUBACtxc	0	0	0	1
3OHSUBACx	0	0	0	1
3OHSUBCOAx	0	0	0	1
3PGtr	0	0	0	1
3SALAASPm	0	0	0	1
3SALACBOXL	0	0	0	1
4HATVACIDtep	0	0	0	1
4HATVACIDthc	0	0	0	1
4HATVLACtep	0	0	0	1
4HATVLACthc	0	0	0	1
4HGLSDm	0	0	0	1
4MOPte	0	0	0	1
4TMEABUTNt1	0	0	0	1
4TMEABUTNt2	0	0	0	1
56DURAt	0	0	0	1
56DURAtd	0	0	0	1
5ADTSTSTERONESte	0	0	0	1
5ADTSTSTERONEte	0	0	0	1
5AOPtm	0	0	0	1
5EIPENCm	0	0	0	1
5EIPENCte	0	0	0	1
5EIPENCtm	0	0	0	1
5HOXINDOAtr	0	0	0	1
5MTHFt	0	0	0	1
5MTHFt2	0	0	0	1
5MTHFt2le	0	0	0	1
5OXPROt	0	0	0	1
6EPVStep	0	0	0	1
6EPVSthc	0	0	0	1
7DHCDCHOLt	0	0	0	1
7DHCHOLt	0	0	0	1
7DHCHSTEROLtd	0	0	0	1
7DHCHSTEROLtr	0	0	0	1
7DHFtl	0	0	0	1
7KILTCHOLt	0	0	0	1
7THFtl	0	0	0	1
A_MANASEly	0	0	0	1
A4GALTg	0	0	0	1
ABO9g	0	0	0	1
ABT_Dt	0	0	0	1
ABTD	0	0	0	1
ABTD1	0	0	0	1
ABUTt2r	0	0	0	1
ABUTt4_2_r	0	0	0	1
ACACT1r	0	0	0	1
ACACT1rm	0	0	0	1
ACACT1x	0	0	0	1
ACACt2	0	0	0	1
ACACt2m	0	0	0	1
ACACT9p	0	0	0	1
ACCOAC	0	0	0	1
ACCOAtn	0	0	0	1
ACGAMtly	0	0	0	1
ACHtn	0	0	0	1
ACLYSHYc	0	0	0	1
ACLYSt	0	0	0	1
ACNACNGAL14ACGLCGALGLUSIDEte	0	0	0	1
ACNACNGAL14ACGLCGALGLUSIDEtg	0	0	0	1
ACNGALACGLCGAL14ACGLCGALGLUSIDEte	0	0	0	1
ACNGALACGLCGAL14ACGLCGALGLUSIDEtg	0	0	0	1
ACOAD10m	0	0	0	1
ACOAD9m	0	0	0	1
ACONT	0	0	0	1
ACONTm	0	0	0	1
ACt2r	0	0	0	1
ACtg	0	0	0	1
ADCim	0	0	0	1
ADEt	0	0	0	1
ADK1	0	0	0	1
ADK1m	0	0	0	1
ADK3	0	0	0	1
ADK3m	0	0	0	1
ADNCNT3tc	0	0	0	1
ADNt	0	0	0	1
ADPACDAc	0	0	0	1
ADPACtd	0	0	0	1
ADPCOACROT	0	0	0	1
ADPtx	0	0	0	1
ADRNCRNt	0	0	0	1
ADRNt	0	0	0	1
AHCYStd	0	0	0	1
AHEXASE2ly	0	0	0	1
AHEXASEly	0	0	0	1
AKGDm	0	0	0	1
AKGMALtm	0	0	0	1
AKGt4_3	0	0	0	1
AKGtp	0	0	0	1
ALAALACNc	0	0	0	1
ALAARGCYSr	0	0	0	1
ALAARGCYSt	0	0	0	1
ALAARGGLYr	0	0	0	1
ALAARGGLYt	0	0	0	1
ALAASNLEUr	0	0	0	1
ALAASNLEUt	0	0	0	1
ALADGLNexR	0	0	0	1
ALADGLYexR	0	0	0	1
ALAGLNexR	0	0	0	1
ALAGLYexR	0	0	0	1
ALAGLYLYSr	0	0	0	1
ALAGLYLYSt	0	0	0	1
ALAHISALAr	0	0	0	1
ALAHISALAt	0	0	0	1
ALALYSTHRr	0	0	0	1
ALALYSTHRt	0	0	0	1
ALAPAT4te	0	0	0	1
ALAR	0	0	0	1
ALASm	0	0	0	1
ALAt2r	0	0	0	1
ALAt4	0	0	0	1
ALATA_L	0	0	0	1
ALAtN1	0	0	0	1
ALCD21_D	0	0	0	1
ALDD20x	0	0	0	1
ALDD20xm	0	0	0	1
ALDD21	0	0	0	1
ALLTNt	0	0	0	1
AMETt2m	0	0	0	1
AMETtd	0	0	0	1
AMPtp	0	0	0	1
ANTHte	0	0	0	1
APRGSTRNt1e	0	0	0	1
AQCOBALt	0	0	0	1
ARAB_Lt	0	0	0	1
ARABR	0	0	0	1
ARACHCRNt	0	0	0	1
ARACHDt2	0	0	0	1
ARACHDtr	0	0	0	1
ARACHETH	0	0	0	1
ARACHt	0	0	0	1
ARGALAALAr	0	0	0	1
ARGALAALAt	0	0	0	1
ARGALAPHEr	0	0	0	1
ARGALAPHEt	0	0	0	1
ARGALATHRr	0	0	0	1
ARGALATHRt	0	0	0	1
ARGARGLYSr	0	0	0	1
ARGARGLYSt	0	0	0	1
ARGARGMETr	0	0	0	1
ARGARGMETt	0	0	0	1
ARGARGr	0	0	0	1
ARGARGt	0	0	0	1
ARGCYSGLYr	0	0	0	1
ARGCYSGLYt	0	0	0	1
ARGCYSSERr	0	0	0	1
ARGCYSSERt	0	0	0	1
ARGGLUGLUr	0	0	0	1
ARGGLUGLUt	0	0	0	1
ARGGLUPROr	0	0	0	1
ARGGLUPROt	0	0	0	1
ARGGLYGLYr	0	0	0	1
ARGGLYGLYt	0	0	0	1
ARGHISTHRr	0	0	0	1
ARGHISTHRt	0	0	0	1
ARGLEUPHEr	0	0	0	1
ARGLEUPHEt	0	0	0	1
ARGLYSASPr	0	0	0	1
ARGLYSASPt	0	0	0	1
ARGPHEARGr	0	0	0	1
ARGPHEARGt	0	0	0	1
ARGPROMETr	0	0	0	1
ARGPROMETt	0	0	0	1
ARGPROTHRr	0	0	0	1
ARGPROTHRt	0	0	0	1
ARGSERSERr	0	0	0	1
ARGSERSERt	0	0	0	1
ARGtD	0	0	0	1
ARGTYRVALr	0	0	0	1
ARGTYRVALt	0	0	0	1
ARGVALCYSr	0	0	0	1
ARGVALCYSt	0	0	0	1
ARGVALTRPr	0	0	0	1
ARGVALTRPt	0	0	0	1
ARTPLM3m	0	0	0	1
ASCBt	0	0	0	1
ASCBt4	0	0	0	1
ASNASNARGr	0	0	0	1
ASNASNARGt	0	0	0	1
ASNMETPROr	0	0	0	1
ASNMETPROt	0	0	0	1
ASNPHEASPr	0	0	0	1
ASNPHEASPt	0	0	0	1
ASNPHECYSr	0	0	0	1
ASNPHECYSt	0	0	0	1
ASNt4	0	0	0	1
ASNtN1	0	0	0	1
ASNTYRGLYr	0	0	0	1
ASNTYRGLYt	0	0	0	1
ASNTYRPHEr	0	0	0	1
ASNTYRPHEt	0	0	0	1
ASNTYRTHRr	0	0	0	1
ASNTYRTHRt	0	0	0	1
ASPALAARGr	0	0	0	1
ASPALAARGt	0	0	0	1
ASPASNGLUr	0	0	0	1
ASPASNGLUt	0	0	0	1
ASPCTr	0	0	0	1
ASPGLUm	0	0	0	1
ASPGLUr	0	0	0	1
ASPGLUt	0	0	0	1
ASPGLUTRPr	0	0	0	1
ASPGLUTRPt	0	0	0	1
ASPHISCYSr	0	0	0	1
ASPHISCYSt	0	0	0	1
ASPHISPROr	0	0	0	1
ASPHISPROt	0	0	0	1
ASPLYSGLUr	0	0	0	1
ASPLYSGLUt	0	0	0	1
ASPLYSHISr	0	0	0	1
ASPLYSHISt	0	0	0	1
ASPMETASPr	0	0	0	1
ASPMETASPt	0	0	0	1
ASPPROLYSr	0	0	0	1
ASPPROLYSt	0	0	0	1
ASPTA	0	0	0	1
ASPTAm	0	0	0	1
ASPVALASNr	0	0	0	1
ASPVALASNt	0	0	0	1
ATPH2e	0	0	0	1
ATPtm	0	0	0	1
ATPtn	0	0	0	1
ATPtx	0	0	0	1
ATVACIDOATPtu	0	0	0	1
ATVLACtdhc	0	0	0	1
ATVLACThc	0	0	0	1
B_MANNASEly	0	0	0	1
B3GALT3g	0	0	0	1
B3GALT41g	0	0	0	1
B3GALT43g	0	0	0	1
B3GALT44g	0	0	0	1
B3GALT5g	0	0	0	1
B3GNT11g	0	0	0	1
B3GNT310g	0	0	0	1
B3GNT312g	0	0	0	1
B3GNT314g	0	0	0	1
B3GNT51g	0	0	0	1
BALAPAT1tc2	0	0	0	1
BDHm	0	0	0	1
BETBGTtc	0	0	0	1
BGAL2l	0	0	0	1
BHBt	0	0	0	1
BHBtm	0	0	0	1
BILGLCURt	0	0	0	1
BTNtn	0	0	0	1
BUTSMCT1	0	0	0	1
BUTt2r	0	0	0	1
C05463t2	0	0	0	1
C05769te2	0	0	0	1
C05769te3	0	0	0	1
C05953t	0	0	0	1
C05953tm	0	0	0	1
C06439t	0	0	0	1
C09642te	0	0	0	1
C10DCc	0	0	0	1
C10DCCACT	0	0	0	1
C140CPT1	0	0	0	1
C160CPT1	0	0	0	1
C160CRNt	0	0	0	1
C161CPT22	0	0	0	1
C161CRNt	0	0	0	1
C16DCc	0	0	0	1
C16DCe	0	0	0	1
C180CRNt	0	0	0	1
C181CPT1	0	0	0	1
C181CPT2	0	0	0	1
C181CRNt	0	0	0	1
C204CRNt	0	0	0	1
C226CPT1	0	0	0	1
C226CPT2	0	0	0	1
C226CRNt	0	0	0	1
C30CPT1	0	0	0	1
C6DCc	0	0	0	1
C6DCCACT	0	0	0	1
C8DCc	0	0	0	1
C9BRxtc	0	0	0	1
CALAtr	0	0	0	1
CAt7r	0	0	0	1
CATm	0	0	0	1
CATp	0	0	0	1
CBASPte	0	0	0	1
CBL2OR	0	0	0	1
CBL2tm	0	0	0	1
CE0737te	0	0	0	1
CE1243UPKt	0	0	0	1
CE1273t2	0	0	0	1
CE1401te	0	0	0	1
CE1556td	0	0	0	1
CE2172t	0	0	0	1
CE2513td	0	0	0	1
CE4890te2	0	0	0	1
CE5025t	0	0	0	1
CE5629t	0	0	0	1
CHAT	0	0	0	1
CHATn	0	0	0	1
CHOLATEt	0	0	0	1
CHOLtg	0	0	0	1
CHOLtn	0	0	0	1
CHOLtr	0	0	0	1
CHSTEROLSte	0	0	0	1
CHSTEROLt1	0	0	0	1
CHSTEROLt2	0	0	0	1
CHTNASE	0	0	0	1
CITRtm	0	0	0	1
CITt4_4	0	0	0	1
CITtam	0	0	0	1
CK	0	0	0	1
CKc	0	0	0	1
CLCFTRte	0	0	0	1
CLPNDCRNt	0	0	0	1
CO2tg	0	0	0	1
CO2tm	0	0	0	1
CO2tp	0	0	0	1
COAtm	0	0	0	1
COAtn	0	0	0	1
COAtp	0	0	0	1
COAtr	0	0	0	1
COPROSTt	0	0	0	1
Coqe	0	0	0	1
CREATtmdiffir	0	0	0	1
CRMPte	0	0	0	1
CRNtim	0	0	0	1
CRNtx	0	0	0	1
CRVNCtr	0	0	0	1
CRVSM1hr	0	0	0	1
CRVSM23hr	0	0	0	1
CSAPASEly	0	0	0	1
CSBPASEly	0	0	0	1
CSCPASEly	0	0	0	1
CSDPASEly	0	0	0	1
CSEPASEly	0	0	0	1
CSNAT2m	0	0	0	1
CSNATm	0	0	0	1
CSNATr	0	0	0	1
CSPG_At	0	0	0	1
CSPG_Atly	0	0	0	1
CSPG_Btly	0	0	0	1
CSPG_Ct	0	0	0	1
CSPG_Ctly	0	0	0	1
CSPG_Dt	0	0	0	1
CSPG_Dtly	0	0	0	1
CSPG_Et	0	0	0	1
CSPG_Etly	0	0	0	1
CVM1GLUChc	0	0	0	1
CVM23GLUChc	0	0	0	1
CYANt	0	0	0	1
CYANtm	0	0	0	1
CYSASNMETr	0	0	0	1
CYSASNMETt	0	0	0	1
CYSASPPHEr	0	0	0	1
CYSASPPHEt	0	0	0	1
CYSGLNMETr	0	0	0	1
CYSGLNMETt	0	0	0	1
CYSGLTH	0	0	0	1
CYSGLUexR	0	0	0	1
CYSGLUHISr	0	0	0	1
CYSGLUHISt	0	0	0	1
CYSGLUTRPr	0	0	0	1
CYSGLUTRPt	0	0	0	1
CYSGLYexR	0	0	0	1
CYSLEUTHRr	0	0	0	1
CYSLEUTHRt	0	0	0	1
CYSSERMETr	0	0	0	1
CYSSERMETt	0	0	0	1
CYSSNAT5tc	0	0	0	1
CYST_Ltr	0	0	0	1
CYSt4	0	0	0	1
CYStec	0	0	0	1
CYSTS	0	0	0	1
CYSTYRASNr	0	0	0	1
CYSTYRASNt	0	0	0	1
CYTDK1	0	0	0	1
CYTDt	0	0	0	1
CYTDt2r	0	0	0	1
CYTK1	0	0	0	1
CYTK10	0	0	0	1
CYTK10n	0	0	0	1
CYTK11	0	0	0	1
CYTK11n	0	0	0	1
CYTK12	0	0	0	1
CYTK12n	0	0	0	1
CYTK13	0	0	0	1
CYTK13n	0	0	0	1
CYTK14	0	0	0	1
CYTK14n	0	0	0	1
CYTK1n	0	0	0	1
CYTK2	0	0	0	1
CYTK2n	0	0	0	1
CYTK3	0	0	0	1
CYTK3n	0	0	0	1
CYTK4	0	0	0	1
CYTK4n	0	0	0	1
CYTK5	0	0	0	1
CYTK6	0	0	0	1
CYTK6n	0	0	0	1
CYTK7	0	0	0	1
CYTK7n	0	0	0	1
CYTK8	0	0	0	1
CYTK8n	0	0	0	1
CYTK9	0	0	0	1
CYTK9n	0	0	0	1
D_3AIBt	0	0	0	1
D3AIBTm	0	0	0	1
DACT	0	0	0	1
DALAt2r	0	0	0	1
DCA3St	0	0	0	1
DCK1n	0	0	0	1
DCK2n	0	0	0	1
DCMPtr	0	0	0	1
DCSPTN1CRNt	0	0	0	1
DEOXFVShc	0	0	0	1
DEOXFVSitx	0	0	0	1
DEOXFVStev	0	0	0	1
DESAT24_1	0	0	0	1
DGULND	0	0	0	1
DHBPTt	0	0	0	1
DHCR72r	0	0	0	1
DHEASt	0	0	0	1
DHFR	0	0	0	1
DHFtl	0	0	0	1
DIDECAETH	0	0	0	1
DIDPtn	0	0	0	1
DIHOLINETH	0	0	0	1
DITPtn	0	0	0	1
DLNLCGCRNt	0	0	0	1
DLNLCGt	0	0	0	1
DM_12dhchol[c]	0	0	0	1
DM_1a25dhvitd3[n]	0	0	0	1
DM_7dhcdchol[c]	0	0	0	1
DM_7dhchol[c]	0	0	0	1
DM_adprbp[c]	0	0	0	1
DM_akg[c]	0	0	0	1
DM_anth	0	0	0	1
DM_Asn_X_Ser_Thr_ly_	0	0	0	1
DM_cbl2[m]	0	0	0	1
DM_coprost[c]	0	0	0	1
DM_core5_g_	0	0	0	1
DM_core7_g_	0	0	0	1
DM_core8_g_	0	0	0	1
DM_dca24g[c]	0	0	0	1
DM_dca3g[c]	0	0	0	1
DM_dca3s[c]	0	0	0	1
DM_dctp_m_	0	0	0	1
DM_gca3s[c]	0	0	0	1
DM_icdchol[c]	0	0	0	1
DM_isochol[c]	0	0	0	1
DM_itp[n]	0	0	0	1
DM_m_em_3gacpail_prot_hs_r_	0	0	0	1
DM_mi14p[c]	0	0	0	1
DM_mqn10[c]	0	0	0	1
DM_mqn11[c]	0	0	0	1
DM_mqn7[c]	0	0	0	1
DM_mqn8[c]	0	0	0	1
DM_mqn9[c]	0	0	0	1
DM_n5m2masn_g_	0	0	0	1
DM_na1[g]	0	0	0	1
DM_Ser_Gly_Ala_X_Gly_ly_	0	0	0	1
DM_tym[c]	0	0	0	1
DM_uchol[c]	0	0	0	1
DMHPTCRNCPT2	0	0	0	1
DMHPTCRNt	0	0	0	1
DMHPTCRNte	0	0	0	1
DMNONCRNCPT2	0	0	0	1
DMNONCRNt	0	0	0	1
DNDPt28m	0	0	0	1
DOCO13EFATP	0	0	0	1
DOCOHEXETHc	0	0	0	1
DOCTETETH	0	0	0	1
DODECANACtd	0	0	0	1
DOPA3GLCURt	0	0	0	1
DOPA4GLCURt	0	0	0	1
DOPAENT4tc	0	0	0	1
DOPAMT	0	0	0	1
DOPAt4_2_r	0	0	0	1
DOPAtu	0	0	0	1
DPCOAK	0	0	0	1
DTDPtn	0	0	0	1
DTTPtn	0	0	0	1
DUDPtn	0	0	0	1
DURAD2	0	0	0	1
DURIK1	0	0	0	1
DURIt	0	0	0	1
ECOAH12m	0	0	0	1
EICOSTETCRNt	0	0	0	1
ELAIDCPT2	0	0	0	1
ELAIDCRNt	0	0	0	1
ELAIDCRNte	0	0	0	1
ENGASE2ly	0	0	0	1
ENGASE3ly	0	0	0	1
ENGASEly	0	0	0	1
ESTRADIOLtr	0	0	0	1
ESTRONESt	0	0	0	1
ESTRONEtr	0	0	0	1
EX_10fthf[e]	0	0	0	1
EX_10fthf7glu[e]	0	0	0	1
EX_12dhchol[e]	0	0	0	1
EX_12HPET[e]	0	0	0	1
EX_1a25dhvitd3[e]	0	0	0	1
EX_23cump[e]	0	0	0	1
EX_2h3mv[e]	0	0	0	1
EX_2hiv[e]	0	0	0	1
EX_2m3hbu[e]	0	0	0	1
EX_2pg[e]	0	0	0	1
EX_34dhoxmand[e]	0	0	0	1
EX_34dhoxpeg[e]	0	0	0	1
EX_34hpl[e]	0	0	0	1
EX_34hpp[e]	0	0	0	1
EX_3aib_D[e]	0	0	0	1
EX_3aib[e]	0	0	0	1
EX_3hadpac[e]	0	0	0	1
EX_3hpvs[e]	0	0	0	1
EX_3hpvstet[e]	0	0	0	1
EX_3mglutac[e]	0	0	0	1
EX_3mhis[e]	0	0	0	1
EX_3mob[e]	0	0	0	1
EX_3mop[e]	0	0	0	1
EX_3moxtyr[e]	0	0	0	1
EX_3ohsebac[e]	0	0	0	1
EX_3ohsubac[e]	0	0	0	1
EX_3pg[e]	0	0	0	1
EX_3ump[e]	0	0	0	1
EX_4abut[e]	0	0	0	1
EX_4mop[e]	0	0	0	1
EX_4nph[e]	0	0	0	1
EX_56dthm[e]	0	0	0	1
EX_5adtststerone[e]	0	0	0	1
EX_5adtststerones[e]	0	0	0	1
EX_5dhf[e]	0	0	0	1
EX_5eipenc[e]	0	0	0	1
EX_5hoxindoa[e]	0	0	0	1
EX_5mthf[e]	0	0	0	1
EX_5oxpro[e]	0	0	0	1
EX_7dhcdchol[e]	0	0	0	1
EX_7dhchol[e]	0	0	0	1
EX_7dhchsterol[e]	0	0	0	1
EX_7dhf[e]	0	0	0	1
EX_7klitchol[e]	0	0	0	1
EX_7thf[e]	0	0	0	1
EX_abt_D[e]	0	0	0	1
EX_acac[e]	0	0	0	1
EX_acetone[e]	0	0	0	1
EX_acgal[e]	0	0	0	1
EX_aclys[e]	0	0	0	1
EX_acnacngal14acglcgalgluside_hs[e]	0	0	0	1
EX_acngalacglcgal14acglcgalgluside_hs[e]	0	0	0	1
EX_adp[e]	0	0	0	1
EX_adpac[e]	0	0	0	1
EX_ahcys[e]	0	0	0	1
EX_ahdt[e]	0	0	0	1
EX_akg[e]	0	0	0	1
EX_ala_D[e]	0	0	0	1
EX_ala_L[e]	0	0	0	1
EX_alaargcys[e]	0	0	0	1
EX_alaarggly[e]	0	0	0	1
EX_alaasnleu[e]	0	0	0	1
EX_alaglylys[e]	0	0	0	1
EX_alahisala[e]	0	0	0	1
EX_alalysthr[e]	0	0	0	1
EX_aldstrn[e]	0	0	0	1
EX_alltn[e]	0	0	0	1
EX_amet[e]	0	0	0	1
EX_anth[e]	0	0	0	1
EX_aqcobal[e]	0	0	0	1
EX_arab_L[e]	0	0	0	1
EX_aracheth[e]	0	0	0	1
EX_arg_L[e]	0	0	0	1
EX_argalaala[e]	0	0	0	1
EX_argalaphe[e]	0	0	0	1
EX_argalathr[e]	0	0	0	1
EX_argarg[e]	0	0	0	1
EX_argarglys[e]	0	0	0	1
EX_argargmet[e]	0	0	0	1
EX_argcysgly[e]	0	0	0	1
EX_argcysser[e]	0	0	0	1
EX_arggluglu[e]	0	0	0	1
EX_argglupro[e]	0	0	0	1
EX_argglygly[e]	0	0	0	1
EX_arghisthr[e]	0	0	0	1
EX_argleuphe[e]	0	0	0	1
EX_arglysasp[e]	0	0	0	1
EX_argphearg[e]	0	0	0	1
EX_argpromet[e]	0	0	0	1
EX_argprothr[e]	0	0	0	1
EX_argserser[e]	0	0	0	1
EX_argtyrval[e]	0	0	0	1
EX_argvalcys[e]	0	0	0	1
EX_argvaltrp[e]	0	0	0	1
EX_asn_L[e]	0	0	0	1
EX_asnasnarg[e]	0	0	0	1
EX_asnmetpro[e]	0	0	0	1
EX_asnpheasp[e]	0	0	0	1
EX_asnphecys[e]	0	0	0	1
EX_asntyrgly[e]	0	0	0	1
EX_asntyrphe[e]	0	0	0	1
EX_asntyrthr[e]	0	0	0	1
EX_aspalaarg[e]	0	0	0	1
EX_aspasnglu[e]	0	0	0	1
EX_aspglu[e]	0	0	0	1
EX_aspglutrp[e]	0	0	0	1
EX_asphiscys[e]	0	0	0	1
EX_asphispro[e]	0	0	0	1
EX_asplysglu[e]	0	0	0	1
EX_asplyshis[e]	0	0	0	1
EX_aspmetasp[e]	0	0	0	1
EX_aspprolys[e]	0	0	0	1
EX_aspvalasn[e]	0	0	0	1
EX_atp[e]	0	0	0	1
EX_avite1[e]	0	0	0	1
EX_bhb[e]	0	0	0	1
EX_bilglcur[e]	0	0	0	1
EX_bilirub[e]	0	0	0	1
EX_but[e]	0	0	0	1
EX_C01601[e]	0	0	0	1
EX_C02470[e]	0	0	0	1
EX_C04849[e]	0	0	0	1
EX_C09642[e]	0	0	0	1
EX_c16dc[e]	0	0	0	1
EX_ca2[e]	0	0	0	1
EX_cbasp[e]	0	0	0	1
EX_cdp[e]	0	0	0	1
EX_CE0074[e]	0	0	0	1
EX_CE0737[e]	0	0	0	1
EX_CE1243[e]	0	0	0	1
EX_CE1273[e]	0	0	0	1
EX_CE1401[e]	0	0	0	1
EX_CE1557[e]	0	0	0	1
EX_CE1925[e]	0	0	0	1
EX_CE1926[e]	0	0	0	1
EX_CE2172[e]	0	0	0	1
EX_CE2510[e]	0	0	0	1
EX_CE2838[e]	0	0	0	1
EX_CE2839[e]	0	0	0	1
EX_CE2915[e]	0	0	0	1
EX_CE2916[e]	0	0	0	1
EX_CE2917[e]	0	0	0	1
EX_CE4722[e]	0	0	0	1
EX_CE4723[e]	0	0	0	1
EX_CE4724[e]	0	0	0	1
EX_CE5025[e]	0	0	0	1
EX_CE5629[e]	0	0	0	1
EX_CE5786[e]	0	0	0	1
EX_CE5787[e]	0	0	0	1
EX_CE5788[e]	0	0	0	1
EX_CE5789[e]	0	0	0	1
EX_CE5791[e]	0	0	0	1
EX_CE5797[e]	0	0	0	1
EX_CE5798[e]	0	0	0	1
EX_CE5853[e]	0	0	0	1
EX_CE5854[e]	0	0	0	1
EX_CE5867[e]	0	0	0	1
EX_CE5868[e]	0	0	0	1
EX_CE5869[e]	0	0	0	1
EX_chsterol[e]	0	0	0	1
EX_chsterols[e]	0	0	0	1
EX_chtn[e]	0	0	0	1
EX_cit[e]	0	0	0	1
EX_citr_L[e]	0	0	0	1
EX_cl[e]	0	0	0	1
EX_cmp[e]	0	0	0	1
EX_co2[e]	0	0	0	1
EX_coprost[e]	0	0	0	1
EX_core5[e]	0	0	0	1
EX_core7[e]	0	0	0	1
EX_core8[e]	0	0	0	1
EX_crmp_hs[e]	0	0	0	1
EX_crtstrn[e]	0	0	0	1
EX_cspg_b[e]	0	0	0	1
EX_ctp[e]	0	0	0	1
EX_cyan[e]	0	0	0	1
EX_cysasnmet[e]	0	0	0	1
EX_cysaspphe[e]	0	0	0	1
EX_cysglnmet[e]	0	0	0	1
EX_cysgluhis[e]	0	0	0	1
EX_cysglutrp[e]	0	0	0	1
EX_cysleuthr[e]	0	0	0	1
EX_cyssermet[e]	0	0	0	1
EX_cyst_L[e]	0	0	0	1
EX_cystyrasn[e]	0	0	0	1
EX_cytd[e]	0	0	0	1
EX_dag_hs[e]	0	0	0	1
EX_dca3s[e]	0	0	0	1
EX_dcmp[e]	0	0	0	1
EX_dcyt[e]	0	0	0	1
EX_deoxfvs[e]	0	0	0	1
EX_dgmp[e]	0	0	0	1
EX_dgtp[e]	0	0	0	1
EX_dhbpt[e]	0	0	0	1
EX_dhf[e]	0	0	0	1
EX_didecaeth[e]	0	0	0	1
EX_diholineth[e]	0	0	0	1
EX_ditp[e]	0	0	0	1
EX_dmhptcrn[e]	0	0	0	1
EX_doco13ac[e]	0	0	0	1
EX_docohxeth[e]	0	0	0	1
EX_docosac[e]	0	0	0	1
EX_docteteth[e]	0	0	0	1
EX_dodecanac[e]	0	0	0	1
EX_dopa[e]	0	0	0	1
EX_dopa3glcur[e]	0	0	0	1
EX_dopa4glcur[e]	0	0	0	1
EX_dtmp[e]	0	0	0	1
EX_dttp[e]	0	0	0	1
EX_duri[e]	0	0	0	1
EX_fdp[e]	0	0	0	1
EX_fe2[e]	0	0	0	1
EX_fe3[e]	0	0	0	1
EX_fol[e]	0	0	0	1
EX_fum[e]	0	0	0	1
EX_ga1_hs[e]	0	0	0	1
EX_galgalfucfucgalacglcgalacglcgal14acglcgalgluside_hs[e]	0	0	0	1
EX_gam[e]	0	0	0	1
EX_gbside_hs[e]	0	0	0	1
EX_gca3s[e]	0	0	0	1
EX_gd1c_hs[e]	0	0	0	1
EX_gd3_hs[e]	0	0	0	1
EX_glcr[e]	0	0	0	1
EX_glcur[e]	0	0	0	1
EX_gln_L[e]	0	0	0	1
EX_glnasngln[e]	0	0	0	1
EX_glnhishis[e]	0	0	0	1
EX_glnhislys[e]	0	0	0	1
EX_glnlyslys[e]	0	0	0	1
EX_glnlystrp[e]	0	0	0	1
EX_glntrpglu[e]	0	0	0	1
EX_glntyrleu[e]	0	0	0	1
EX_glu_L[e]	0	0	0	1
EX_gluargleu[e]	0	0	0	1
EX_gluasnleu[e]	0	0	0	1
EX_gluglu[e]	0	0	0	1
EX_gluilelys[e]	0	0	0	1
EX_gluleu[e]	0	0	0	1
EX_glumet[e]	0	0	0	1
EX_glumethis[e]	0	0	0	1
EX_gluthr[e]	0	0	0	1
EX_gluthrlys[e]	0	0	0	1
EX_glutrpala[e]	0	0	0	1
EX_gly[e]	0	0	0	1
EX_glyc2p[e]	0	0	0	1
EX_glyc3p[e]	0	0	0	1
EX_glygn5[e]	0	0	0	1
EX_glyhisasn[e]	0	0	0	1
EX_glyhislys[e]	0	0	0	1
EX_glylyscys[e]	0	0	0	1
EX_glylysphe[e]	0	0	0	1
EX_glysar[e]	0	0	0	1
EX_glytyrlys[e]	0	0	0	1
EX_glyvalhis[e]	0	0	0	1
EX_gm1_hs[e]	0	0	0	1
EX_gmp[e]	0	0	0	1
EX_h[e]	0	0	0	1
EX_h2o[e]	0	0	0	1
EX_ha[e]	0	0	0	1
EX_HC00342[e]	0	0	0	1
EX_HC01104[e]	0	0	0	1
EX_HC01361[e]	0	0	0	1
EX_HC01440[e]	0	0	0	1
EX_HC01441[e]	0	0	0	1
EX_HC01446[e]	0	0	0	1
EX_HC02160[e]	0	0	0	1
EX_HC02161[e]	0	0	0	1
EX_HC02192[e]	0	0	0	1
EX_HC02193[e]	0	0	0	1
EX_HC02197[e]	0	0	0	1
EX_HC02198[e]	0	0	0	1
EX_HC02220[e]	0	0	0	1
EX_hco3[e]	0	0	0	1
EX_hcys_L[e]	0	0	0	1
EX_hepdeceth[e]	0	0	0	1
EX_hexdeceeth[e]	0	0	0	1
EX_hexdiac[e]	0	0	0	1
EX_hgentis[e]	0	0	0	1
EX_his_L[e]	0	0	0	1
EX_hisargcys[e]	0	0	0	1
EX_hisargser[e]	0	0	0	1
EX_hisasp[e]	0	0	0	1
EX_hisglnala[e]	0	0	0	1
EX_hisglu[e]	0	0	0	1
EX_hisglugln[e]	0	0	0	1
EX_hisglylys[e]	0	0	0	1
EX_hishislys[e]	0	0	0	1
EX_hislysala[e]	0	0	0	1
EX_hislysglu[e]	0	0	0	1
EX_hislysile[e]	0	0	0	1
EX_hislysthr[e]	0	0	0	1
EX_hislysval[e]	0	0	0	1
EX_hismet[e]	0	0	0	1
EX_hismetgln[e]	0	0	0	1
EX_hisphearg[e]	0	0	0	1
EX_hisprolys[e]	0	0	0	1
EX_hista[e]	0	0	0	1
EX_histrphis[e]	0	0	0	1
EX_hmcr[e]	0	0	0	1
EX_hpdca[e]	0	0	0	1
EX_hpdece[e]	0	0	0	1
EX_hxcoa[e]	0	0	0	1
EX_icdchol[e]	0	0	0	1
EX_icit[e]	0	0	0	1
EX_idour[e]	0	0	0	1
EX_idp[e]	0	0	0	1
EX_ile_L[e]	0	0	0	1
EX_ileargile[e]	0	0	0	1
EX_ileasnhis[e]	0	0	0	1
EX_ileasp[e]	0	0	0	1
EX_ileglnglu[e]	0	0	0	1
EX_ileglyarg[e]	0	0	0	1
EX_ileprolys[e]	0	0	0	1
EX_ileserarg[e]	0	0	0	1
EX_iletrptyr[e]	0	0	0	1
EX_im4ac[e]	0	0	0	1
EX_ind3ac[e]	0	0	0	1
EX_isochol[e]	0	0	0	1
EX_ksi[e]	0	0	0	1
EX_lcts[e]	0	0	0	1
EX_Lcyst[e]	0	0	0	1
EX_leu_L[e]	0	0	0	1
EX_leualaarg[e]	0	0	0	1
EX_leuasnasp[e]	0	0	0	1
EX_leuasplys[e]	0	0	0	1
EX_leuktrC4[e]	0	0	0	1
EX_leuktrE4[e]	0	0	0	1
EX_leuleutrp[e]	0	0	0	1
EX_leupro[e]	0	0	0	1
EX_leuproarg[e]	0	0	0	1
EX_leusertrp[e]	0	0	0	1
EX_leutrp[e]	0	0	0	1
EX_leutrparg[e]	0	0	0	1
EX_leutyrtyr[e]	0	0	0	1
EX_leuval[e]	0	0	0	1
EX_lgnc[e]	0	0	0	1
EX_Lhcystin[e]	0	0	0	1
EX_lineth[e]	0	0	0	1
EX_lipoate[e]	0	0	0	1
EX_lpam[e]	0	0	0	1
EX_lpchol_hs[e]	0	0	0	1
EX_lys_L[e]	0	0	0	1
EX_lysargleu[e]	0	0	0	1
EX_lyscyshis[e]	0	0	0	1
EX_lysglnphe[e]	0	0	0	1
EX_lysgluglu[e]	0	0	0	1
EX_lyslyslys[e]	0	0	0	1
EX_lyspheile[e]	0	0	0	1
EX_lystrparg[e]	0	0	0	1
EX_lystyrile[e]	0	0	0	1
EX_lysvalphe[e]	0	0	0	1
EX_lysvaltrp[e]	0	0	0	1
EX_M00234[e]	0	0	0	1
EX_M00241[e]	0	0	0	1
EX_M00260[e]	0	0	0	1
EX_M00265[e]	0	0	0	1
EX_M00503[e]	0	0	0	1
EX_M00510[e]	0	0	0	1
EX_M01807[e]	0	0	0	1
EX_M01820[e]	0	0	0	1
EX_M01870[e]	0	0	0	1
EX_M01881[e]	0	0	0	1
EX_M01966[e]	0	0	0	1
EX_M02108[e]	0	0	0	1
EX_M02613[e]	0	0	0	1
EX_M03045[e]	0	0	0	1
EX_M03117[e]	0	0	0	1
EX_M03131[e]	0	0	0	1
EX_M03134[e]	0	0	0	1
EX_m3gacpail_prot_hs[e]	0	0	0	1
EX_mal_L[e]	0	0	0	1
EX_malt[e]	0	0	0	1
EX_malthp[e]	0	0	0	1
EX_malttr[e]	0	0	0	1
EX_maltttr[e]	0	0	0	1
EX_man[e]	0	0	0	1
EX_melatn[e]	0	0	0	1
EX_met_L[e]	0	0	0	1
EX_metargleu[e]	0	0	0	1
EX_metasntyr[e]	0	0	0	1
EX_metglntyr[e]	0	0	0	1
EX_metglyarg[e]	0	0	0	1
EX_methislys[e]	0	0	0	1
EX_metmetile[e]	0	0	0	1
EX_metphearg[e]	0	0	0	1
EX_mettrpphe[e]	0	0	0	1
EX_mev_R[e]	0	0	0	1
EX_mg2[e]	0	0	0	1
EX_mhista[e]	0	0	0	1
EX_mqn10[e]	0	0	0	1
EX_mqn11[e]	0	0	0	1
EX_mqn7[e]	0	0	0	1
EX_mqn8[e]	0	0	0	1
EX_mqn9[e]	0	0	0	1
EX_n2m2nmasn[e]	0	0	0	1
EX_n5m2masn[e]	0	0	0	1
EX_na1[e]	0	0	0	1
EX_nac[e]	0	0	0	1
EX_nad[e]	0	0	0	1
EX_nadh[e]	0	0	0	1
EX_ncam[e]	0	0	0	1
EX_nfdlac[e]	0	0	0	1
EX_nfdoh[e]	0	0	0	1
EX_nh4[e]	0	0	0	1
EX_no2[e]	0	0	0	1
EX_no3[e]	0	0	0	1
EX_nrpphr[e]	0	0	0	1
EX_nrvnc[e]	0	0	0	1
EX_o2[e]	0	0	0	1
EX_oaa[e]	0	0	0	1
EX_oh1[e]	0	0	0	1
EX_oleth[e]	0	0	0	1
EX_orn[e]	0	0	0	1
EX_orot[e]	0	0	0	1
EX_orot5p[e]	0	0	0	1
EX_pa_hs[e]	0	0	0	1
EX_pac[e]	0	0	0	1
EX_pailar_hs[e]	0	0	0	1
EX_pailpalm_hs[e]	0	0	0	1
EX_pchol2linl_hs[e]	0	0	0	1
EX_pchol2ole_hs[e]	0	0	0	1
EX_pchol2palm_hs[e]	0	0	0	1
EX_pchol2ste_hs[e]	0	0	0	1
EX_pcholar_hs[e]	0	0	0	1
EX_pcholdoc_hs[e]	0	0	0	1
EX_pcholeic_hs[e]	0	0	0	1
EX_pcholet_hs[e]	0	0	0	1
EX_pcholhep_hs[e]	0	0	0	1
EX_pchollinl_hs[e]	0	0	0	1
EX_pcholmyr_hs[e]	0	0	0	1
EX_pcholn15_hs[e]	0	0	0	1
EX_pcholn183_hs[e]	0	0	0	1
EX_pcholn1836_hs[e]	0	0	0	1
EX_pcholn19_hs[e]	0	0	0	1
EX_pcholn201_hs[e]	0	0	0	1
EX_pcholn203_hs[e]	0	0	0	1
EX_pcholn204_hs[e]	0	0	0	1
EX_pcholn205_hs[e]	0	0	0	1
EX_pcholn224_hs[e]	0	0	0	1
EX_pcholn225_hs[e]	0	0	0	1
EX_pcholn2254_hs[e]	0	0	0	1
EX_pcholn226_hs[e]	0	0	0	1
EX_pcholn24_hs[e]	0	0	0	1
EX_pcholn261_hs[e]	0	0	0	1
EX_pcholn28_hs[e]	0	0	0	1
EX_pcholn281_hs[e]	0	0	0	1
EX_pcholole_hs[e]	0	0	0	1
EX_pcholpalm_hs[e]	0	0	0	1
EX_pcholpalme_hs[e]	0	0	0	1
EX_pcholste_hs[e]	0	0	0	1
EX_pcreat[e]	0	0	0	1
EX_pe_hs[e]	0	0	0	1
EX_pe12_hs[e]	0	0	0	1
EX_pe14_hs[e]	0	0	0	1
EX_pe15_hs[e]	0	0	0	1
EX_pe17_hs[e]	0	0	0	1
EX_pe203_hs[e]	0	0	0	1
EX_pe2linl_hs[e]	0	0	0	1
EX_pendecaeth[e]	0	0	0	1
EX_pep[e]	0	0	0	1
EX_peplys[e]	0	0	0	1
EX_peste_hs[e]	0	0	0	1
EX_pglyc_hs[e]	0	0	0	1
EX_phe_L[e]	0	0	0	1
EX_pheasnmet[e]	0	0	0	1
EX_pheasp[e]	0	0	0	1
EX_pheglnphe[e]	0	0	0	1
EX_pheleu[e]	0	0	0	1
EX_pheleuasp[e]	0	0	0	1
EX_pheleuhis[e]	0	0	0	1
EX_phelysala[e]	0	0	0	1
EX_phelyspro[e]	0	0	0	1
EX_phephe[e]	0	0	0	1
EX_phepheasn[e]	0	0	0	1
EX_phephethr[e]	0	0	0	1
EX_pheproarg[e]	0	0	0	1
EX_phesertrp[e]	0	0	0	1
EX_phethrlys[e]	0	0	0	1
EX_phetrpleu[e]	0	0	0	1
EX_phetyr[e]	0	0	0	1
EX_phetyrgln[e]	0	0	0	1
EX_phetyrlys[e]	0	0	0	1
EX_phlac[e]	0	0	0	1
EX_phpyr[e]	0	0	0	1
EX_phyt[e]	0	0	0	1
EX_pi[e]	0	0	0	1
EX_pmeth[e]	0	0	0	1
EX_pnto_R[e]	0	0	0	1
EX_prgstrn[e]	0	0	0	1
EX_proargasp[e]	0	0	0	1
EX_proargcys[e]	0	0	0	1
EX_proasncys[e]	0	0	0	1
EX_procys[e]	0	0	0	1
EX_profvs[e]	0	0	0	1
EX_proglulys[e]	0	0	0	1
EX_prohis[e]	0	0	0	1
EX_prohistyr[e]	0	0	0	1
EX_proleuarg[e]	0	0	0	1
EX_prophe[e]	0	0	0	1
EX_protrplys[e]	0	0	0	1
EX_protrpthr[e]	0	0	0	1
EX_provalgln[e]	0	0	0	1
EX_prpp[e]	0	0	0	1
EX_ps_hs[e]	0	0	0	1
EX_ptdca[e]	0	0	0	1
EX_ptrc[e]	0	0	0	1
EX_pydam[e]	0	0	0	1
EX_pydx[e]	0	0	0	1
EX_pydx5p[e]	0	0	0	1
EX_pydxn[e]	0	0	0	1
EX_q10[e]	0	0	0	1
EX_q10h2[e]	0	0	0	1
EX_quln[e]	0	0	0	1
EX_retnglc[e]	0	0	0	1
EX_Rtotal2[e]	0	0	0	1
EX_saccrp_L[e]	0	0	0	1
EX_sebacid[e]	0	0	0	1
EX_selni[e]	0	0	0	1
EX_ser_D[e]	0	0	0	1
EX_ser_L[e]	0	0	0	1
EX_serargala[e]	0	0	0	1
EX_serargtrp[e]	0	0	0	1
EX_sercysarg[e]	0	0	0	1
EX_serglyglu[e]	0	0	0	1
EX_serlyshis[e]	0	0	0	1
EX_serphelys[e]	0	0	0	1
EX_sertrphis[e]	0	0	0	1
EX_sl_L[e]	0	0	0	1
EX_so3[e]	0	0	0	1
EX_sph1p[e]	0	0	0	1
EX_sphs1p[e]	0	0	0	1
EX_steeth[e]	0	0	0	1
EX_tag_hs[e]	0	0	0	1
EX_tagat_D[e]	0	0	0	1
EX_tcynt[e]	0	0	0	1
EX_tdechola[e]	0	0	0	1
EX_tetdecaeth[e]	0	0	0	1
EX_tethex3[e]	0	0	0	1
EX_tetpent3[e]	0	0	0	1
EX_tetpent6[e]	0	0	0	1
EX_thbpt[e]	0	0	0	1
EX_thf[e]	0	0	0	1
EX_thm[e]	0	0	0	1
EX_thr_L[e]	0	0	0	1
EX_thrargtyr[e]	0	0	0	1
EX_thrasntyr[e]	0	0	0	1
EX_thrglnglu[e]	0	0	0	1
EX_thrglntyr[e]	0	0	0	1
EX_thrhishis[e]	0	0	0	1
EX_thrilearg[e]	0	0	0	1
EX_thrmetarg[e]	0	0	0	1
EX_thrphearg[e]	0	0	0	1
EX_thrserarg[e]	0	0	0	1
EX_thrthrarg[e]	0	0	0	1
EX_thrtyrmet[e]	0	0	0	1
EX_thym[e]	0	0	0	1
EX_tlacfvs[e]	0	0	0	1
EX_trideceth[e]	0	0	0	1
EX_trp_L[e]	0	0	0	1
EX_trpalapro[e]	0	0	0	1
EX_trpargala[e]	0	0	0	1
EX_trpaspasp[e]	0	0	0	1
EX_trpglngln[e]	0	0	0	1
EX_trpglugly[e]	0	0	0	1
EX_trpgluleu[e]	0	0	0	1
EX_trpglupro[e]	0	0	0	1
EX_trpglutyr[e]	0	0	0	1
EX_trpglyasp[e]	0	0	0	1
EX_trpglyleu[e]	0	0	0	1
EX_trpglyphe[e]	0	0	0	1
EX_trpglyval[e]	0	0	0	1
EX_trphismet[e]	0	0	0	1
EX_trpilelys[e]	0	0	0	1
EX_trpiletrp[e]	0	0	0	1
EX_trpleuval[e]	0	0	0	1
EX_trplys[e]	0	0	0	1
EX_trpmetarg[e]	0	0	0	1
EX_trpmetval[e]	0	0	0	1
EX_trpphe[e]	0	0	0	1
EX_trpproleu[e]	0	0	0	1
EX_trpproval[e]	0	0	0	1
EX_trpsertyr[e]	0	0	0	1
EX_trpthrglu[e]	0	0	0	1
EX_trpthrile[e]	0	0	0	1
EX_trpthrtyr[e]	0	0	0	1
EX_trptyrgln[e]	0	0	0	1
EX_trptyrtyr[e]	0	0	0	1
EX_trpvalasp[e]	0	0	0	1
EX_trypta[e]	0	0	0	1
EX_tym[e]	0	0	0	1
EX_Tyr_ggn[e]	0	0	0	1
EX_tyr_L[e]	0	0	0	1
EX_tyrala[e]	0	0	0	1
EX_tyralaphe[e]	0	0	0	1
EX_tyrargglu[e]	0	0	0	1
EX_tyrargser[e]	0	0	0	1
EX_tyrasparg[e]	0	0	0	1
EX_tyrcysgly[e]	0	0	0	1
EX_tyrcysthr[e]	0	0	0	1
EX_tyrglu[e]	0	0	0	1
EX_tyrleuarg[e]	0	0	0	1
EX_tyrphetyr[e]	0	0	0	1
EX_tyrthr[e]	0	0	0	1
EX_tyrtrpphe[e]	0	0	0	1
EX_tyrtyr[e]	0	0	0	1
EX_tyrvalmet[e]	0	0	0	1
EX_uchol[e]	0	0	0	1
EX_udpglcur[e]	0	0	0	1
EX_ura[e]	0	0	0	1
EX_urate[e]	0	0	0	1
EX_uri[e]	0	0	0	1
EX_utp[e]	0	0	0	1
EX_val_L[e]	0	0	0	1
EX_valarggly[e]	0	0	0	1
EX_valhisasn[e]	0	0	0	1
EX_valleuphe[e]	0	0	0	1
EX_vallystyr[e]	0	0	0	1
EX_valphearg[e]	0	0	0	1
EX_valprotrp[e]	0	0	0	1
EX_valserarg[e]	0	0	0	1
EX_valtrpphe[e]	0	0	0	1
EX_valtrpval[e]	0	0	0	1
EX_valval[e]	0	0	0	1
EX_xyl_D[e]	0	0	0	1
EX_xylt[e]	0	0	0	1
EX_xylu_D[e]	0	0	0	1
EX_xylu_L[e]	0	0	0	1
EX_zn2[e]	0	0	0	1
F1Ate	0	0	0	1
F1Ate2	0	0	0	1
F1Atg	0	0	0	1
F1PGT	0	0	0	1
FALDH	0	0	0	1
FAOXC101C102m	0	0	0	1
FAOXC102C101m	0	0	0	1
FAOXC102C103x	0	0	0	1
FAOXC102C81x	0	0	0	1
FAOXC102x	0	0	0	1
FAOXC103C102x	0	0	0	1
FAOXC11	0	0	0	1
FAOXC11BRC9BRx	0	0	0	1
FAOXC11C9m	0	0	0	1
FAOXC122C101m	0	0	0	1
FAOXC122m	0	0	0	1
FAOXC123C102x	0	0	0	1
FAOXC123x	0	0	0	1
FAOXC13BRC11BRx	0	0	0	1
FAOXC13C11m	0	0	0	1
FAOXC142C122m	0	0	0	1
FAOXC143C123x	0	0	0	1
FAOXC14DCC12DCx	0	0	0	1
FAOXC150m	0	0	0	1
FAOXC15C13m	0	0	0	1
FAOXC15NADPx	0	0	0	1
FAOXC163C164Gm	0	0	0	1
FAOXC163GC142m	0	0	0	1
FAOXC163Gm	0	0	0	1
FAOXC164C143x	0	0	0	1
FAOXC164C165x	0	0	0	1
FAOXC164GC163m	0	0	0	1
FAOXC164x	0	0	0	1
FAOXC165C164x	0	0	0	1
FAOXC16BRx	0	0	0	1
FAOXC16DCC14DCx	0	0	0	1
FAOXC16DCr	0	0	0	1
FAOXC170m	0	0	0	1
FAOXC17C15m	0	0	0	1
FAOXC183806m	0	0	0	1
FAOXC183C163Gm	0	0	0	1
FAOXC184C164x	0	0	0	1
FAOXC185C164m	0	0	0	1
FAOXC185m	0	0	0	1
FAOXC2051843x	0	0	0	1
FAOXC205C185m	0	0	0	1
FAOXC226	0	0	0	1
FAOXC226205m	0	0	0	1
FAOXC226C205m	0	0	0	1
FAOXC226C227m	0	0	0	1
FAOXC226m	0	0	0	1
FAOXC227C226m	0	0	0	1
FAOXC5C3x	0	0	0	1
FAOXC61x	0	0	0	1
FAOXC7C5m	0	0	0	1
FAOXC81C61x	0	0	0	1
FAOXC9C7m	0	0	0	1
FATP1t	0	0	0	1
FATP3t	0	0	0	1
FATP4t	0	0	0	1
FATP5t	0	0	0	1
FATP6t	0	0	0	1
FATP7t	0	0	0	1
FATP8t	0	0	0	1
FATP9t	0	0	0	1
FBA4	0	0	0	1
FCOAH	0	0	0	1
FDPte	0	0	0	1
FE3R2e	0	0	0	1
FERO	0	0	0	1
FK	0	0	0	1
FOLOAT1tc	0	0	0	1
FOLOAT2tc	0	0	0	1
FOLOATPtc	0	0	0	1
FOLt2	0	0	0	1
FOLt2le	0	0	0	1
FOLTle	0	0	0	1
FORMCOAtx	0	0	0	1
FPGS2m	0	0	0	1
FPGS7m	0	0	0	1
FPGS8m	0	0	0	1
FPGS9m	0	0	0	1
FPGSm	0	0	0	1
FRDPtc	0	0	0	1
FRDPtcr	0	0	0	1
FRDPtr	0	0	0	1
FRUt1r	0	0	0	1
FRUt4	0	0	0	1
FT	0	0	0	1
FUCASE2ly	0	0	0	1
FUCtly	0	0	0	1
FUM	0	0	0	1
FUMAC	0	0	0	1
FUMm	0	0	0	1
FUMSO3tm	0	0	0	1
FUMSO4tm	0	0	0	1
FUMtm	0	0	0	1
FUMtr	0	0	0	1
FUMTSULtm	0	0	0	1
FUT18g	0	0	0	1
FVSCOAhc	0	0	0	1
FVSCOAitx	0	0	0	1
FVShc	0	0	0	1
FVSitr	0	0	0	1
FVSitx	0	0	0	1
FVStep	0	0	0	1
FVStu	0	0	0	1
G3PD1	0	0	0	1
G6PDH1rer	0	0	0	1
G6PDH2rer	0	0	0	1
GA1tl	0	0	0	1
GABABGTtc	0	0	0	1
GACMTRc	0	0	0	1
GALASE10ly	0	0	0	1
GALASE11ly	0	0	0	1
GALASE12ly	0	0	0	1
GALASE13ly	0	0	0	1
GALASE14ly	0	0	0	1
GALASE15ly	0	0	0	1
GALASE1ly	0	0	0	1
GALASE3ly	0	0	0	1
GALASE4ly	0	0	0	1
GALASE5ly	0	0	0	1
GALASE6ly	0	0	0	1
GALASE7ly	0	0	0	1
GALASE8ly	0	0	0	1
GALASE9ly	0	0	0	1
GALGALFUCFUCGALACGLCGALACGLCGAL14ACGLCGALGLUSIDEte	0	0	0	1
GALGALFUCFUCGALACGLCGALACGLCGAL14ACGLCGALGLUSIDEtg	0	0	0	1
GALGT1	0	0	0	1
GALGT3	0	0	0	1
GALGT4	0	0	0	1
GALNACT1g	0	0	0	1
GALNACT2g	0	0	0	1
GALNACT3g	0	0	0	1
GALNACT4g	0	0	0	1
GALNACT5g	0	0	0	1
GALT	0	0	0	1
GALt1r	0	0	0	1
GALt2_2	0	0	0	1
GALT2g	0	0	0	1
GALt4	0	0	0	1
GALTg	0	0	0	1
GALU	0	0	0	1
GAMt1r	0	0	0	1
GAMYe	0	0	0	1
GASNASE2ly	0	0	0	1
GASNASE3ly	0	0	0	1
GASNASEly	0	0	0	1
GBSIDEte	0	0	0	1
GCA3St	0	0	0	1
GCALDD	0	0	0	1
GCHOLAt	0	0	0	1
GCHOLAte	0	0	0	1
GCNTg	0	0	0	1
GD1Cte	0	0	0	1
GD3tg	0	0	0	1
GDPFUCtg	0	0	0	1
GDPtg	0	0	0	1
GGH_10FTHF5GLUe	0	0	0	1
GGH_10FTHF5GLUl	0	0	0	1
GGH_10FTHF6GLUe	0	0	0	1
GGH_10FTHF6GLUl	0	0	0	1
GGH_10FTHF7GLUe	0	0	0	1
GGH_10FTHF7GLUl	0	0	0	1
GGH_5DHFe	0	0	0	1
GGH_5DHFl	0	0	0	1
GGH_5THFe	0	0	0	1
GGH_5THFl	0	0	0	1
GGH_6DHFe	0	0	0	1
GGH_6DHFl	0	0	0	1
GGH_6THFe	0	0	0	1
GGH_6THFl	0	0	0	1
GGH_7DHFe	0	0	0	1
GGH_7DHFl	0	0	0	1
GGH_7THFe	0	0	0	1
GGH_7THFl	0	0	0	1
GHMT2r	0	0	0	1
GHMT2rm	0	0	0	1
GHMT3	0	0	0	1
GLACO	0	0	0	1
GLCAASE1ly	0	0	0	1
GLCAASE4ly	0	0	0	1
GLCAASE5ly	0	0	0	1
GLCAASE6ly	0	0	0	1
GLCAASE7ly	0	0	0	1
GLCAASE8ly	0	0	0	1
GLCAASE9ly	0	0	0	1
GLCAE2g	0	0	0	1
GLCAT2g	0	0	0	1
GLCAT3g	0	0	0	1
GLCAT4g	0	0	0	1
GLCAT5g	0	0	0	1
GLCAT6g	0	0	0	1
GLCAT7g	0	0	0	1
GLCAT8g	0	0	0	1
GLCAT9g	0	0	0	1
GLCATg	0	0	0	1
GLCNACASE1ly	0	0	0	1
GLCNACASE2ly	0	0	0	1
GLCNACASE3ly	0	0	0	1
GLCNACASE4ly	0	0	0	1
GLCNACASE5ly	0	0	0	1
GLCNACDASg	0	0	0	1
GLCNACT1g	0	0	0	1
GLCNACT2g	0	0	0	1
GLCNACT3g	0	0	0	1
GLCNACT4g	0	0	0	1
GLCNACT5g	0	0	0	1
GLCRt1	0	0	0	1
GLCt1r	0	0	0	1
GLCt2_2	0	0	0	1
GLCt4	0	0	0	1
GLCURtly	0	0	0	1
GLCURtr	0	0	0	1
GLDBRAN	0	0	0	1
GLNASNGLNr	0	0	0	1
GLNASNGLNt	0	0	0	1
GLNHISHISr	0	0	0	1
GLNHISHISt	0	0	0	1
GLNHISLYSr	0	0	0	1
GLNHISLYSt	0	0	0	1
GLNLYSLYSr	0	0	0	1
GLNLYSLYSt	0	0	0	1
GLNLYSTRPr	0	0	0	1
GLNLYSTRPt	0	0	0	1
GLNt4	0	0	0	1
GLNtN1	0	0	0	1
GLNTRPGLUr	0	0	0	1
GLNTRPGLUt	0	0	0	1
GLNTYRLEUr	0	0	0	1
GLNTYRLEUt	0	0	0	1
GLUARGLEUr	0	0	0	1
GLUARGLEUt	0	0	0	1
GLUASNLEUr	0	0	0	1
GLUASNLEUt	0	0	0	1
GLUCYS	0	0	0	1
GLUDxm	0	0	0	1
GLUDym	0	0	0	1
GLUGLUr	0	0	0	1
GLUGLUt	0	0	0	1
GLUILELYSr	0	0	0	1
GLUILELYSt	0	0	0	1
GLULEUr	0	0	0	1
GLULEUt	0	0	0	1
GLUMETHISr	0	0	0	1
GLUMETHISt	0	0	0	1
GLUMETr	0	0	0	1
GLUMETt	0	0	0	1
GLUt2m	0	0	0	1
GLUt6	0	0	0	1
GLUt7l	0	0	0	1
GLUTHRLYSr	0	0	0	1
GLUTHRLYSt	0	0	0	1
GLUTHRr	0	0	0	1
GLUTHRt	0	0	0	1
GLUTRPALAr	0	0	0	1
GLUTRPALAt	0	0	0	1
GLYAMDTRc	0	0	0	1
GLYBt4_2_r	0	0	0	1
GLYC2P3Pc	0	0	0	1
GLYC2Pte	0	0	0	1
GLYC3tr	0	0	0	1
GLYCTDle	0	0	0	1
GLYGLYCNc	0	0	0	1
GLYHISASNr	0	0	0	1
GLYHISASNt	0	0	0	1
GLYHISLYSr	0	0	0	1
GLYHISLYSt	0	0	0	1
GLYLEUHYDROc	0	0	0	1
GLYLYSCYSr	0	0	0	1
GLYLYSCYSt	0	0	0	1
GLYLYSPHEr	0	0	0	1
GLYLYSPHEt	0	0	0	1
GLYPHEHYc	0	0	0	1
GLYSARCNc	0	0	0	1
GLYSARPEPT1tc	0	0	0	1
GLYSNAT5tc	0	0	0	1
GLYt2r	0	0	0	1
GLYt4	0	0	0	1
GLYt7_211_r	0	0	0	1
GLYt7_311_r	0	0	0	1
GLYtm	0	0	0	1
GLYTYRLYSr	0	0	0	1
GLYTYRLYSt	0	0	0	1
GLYVALHISr	0	0	0	1
GLYVALHISt	0	0	0	1
GM1tl	0	0	0	1
GMAND	0	0	0	1
GMPtg	0	0	0	1
GSNt	0	0	0	1
GSNt2r	0	0	0	1
GTHP	0	0	0	1
GTHPm	0	0	0	1
GULN3D	0	0	0	1
H2CO3D	0	0	0	1
H2CO3Dm	0	0	0	1
H2O2t	0	0	0	1
H2O2tly	0	0	0	1
H2O2tm	0	0	0	1
H2OGLYAQPt	0	0	0	1
H2Ot	0	0	0	1
H2Oter	0	0	0	1
H2Otly	0	0	0	1
H2Otm	0	0	0	1
H2Otn	0	0	0	1
H2Otp	0	0	0	1
HAtly	0	0	0	1
HC00319t2	0	0	0	1
HC00342te	0	0	0	1
HC00900t2	0	0	0	1
HC00900t3	0	0	0	1
HC00900t4	0	0	0	1
HC02220t	0	0	0	1
HCO3_CLt	0	0	0	1
HCO3_NAt	0	0	0	1
HCYSte	0	0	0	1
HDCAter	0	0	0	1
HDCAtr	0	0	0	1
HEPDECETH	0	0	0	1
HEX10	0	0	0	1
HEX4	0	0	0	1
HEXAHBl	0	0	0	1
HEXCCOAtx	0	0	0	1
HEXDECEETH	0	0	0	1
HEXDIACtd	0	0	0	1
HEXDIACtr	0	0	0	1
HEXDICOAACBP	0	0	0	1
HEXDICOAACBPx	0	0	0	1
HGENTISt	0	0	0	1
HGNTOR	0	0	0	1
HIBDm	0	0	0	1
HISARGCYSr	0	0	0	1
HISARGCYSt	0	0	0	1
HISARGSERr	0	0	0	1
HISARGSERt	0	0	0	1
HISASPr	0	0	0	1
HISASPt	0	0	0	1
HISDC	0	0	0	1
HISGLNALAr	0	0	0	1
HISGLNALAt	0	0	0	1
HISGLUGLNr	0	0	0	1
HISGLUGLNt	0	0	0	1
HISGLUr	0	0	0	1
HISGLUt	0	0	0	1
HISGLYLYSr	0	0	0	1
HISGLYLYSt	0	0	0	1
HISHISLYSr	0	0	0	1
HISHISLYSt	0	0	0	1
HISLYSALAr	0	0	0	1
HISLYSALAt	0	0	0	1
HISLYSGLUr	0	0	0	1
HISLYSGLUt	0	0	0	1
HISLYSILEr	0	0	0	1
HISLYSILEt	0	0	0	1
HISLYSTHRr	0	0	0	1
HISLYSTHRt	0	0	0	1
HISLYSVALr	0	0	0	1
HISLYSVALt	0	0	0	1
HISMETGLNr	0	0	0	1
HISMETGLNt	0	0	0	1
HISMETr	0	0	0	1
HISMETt	0	0	0	1
HISPHEARGr	0	0	0	1
HISPHEARGt	0	0	0	1
HISPROLYSr	0	0	0	1
HISPROLYSt	0	0	0	1
HISSNAT5tc	0	0	0	1
HISt4	0	0	0	1
HISTASE	0	0	0	1
HISTAtu	0	0	0	1
HIStN1	0	0	0	1
HISTRPHISr	0	0	0	1
HISTRPHISt	0	0	0	1
HMCRNc	0	0	0	1
HMCRNt	0	0	0	1
HMGCOAtm	0	0	0	1
HMGCOAtx	0	0	0	1
HMR_0003	0	0	0	1
HMR_0008	0	0	0	1
HMR_0019	0	0	0	1
HMR_0020	0	0	0	1
HMR_0155	0	0	0	1
HMR_0164	0	0	0	1
HMR_0165	0	0	0	1
HMR_0166	0	0	0	1
HMR_0170	0	0	0	1
HMR_0171	0	0	0	1
HMR_0172	0	0	0	1
HMR_0176	0	0	0	1
HMR_0183	0	0	0	1
HMR_0184	0	0	0	1
HMR_0185	0	0	0	1
HMR_0189	0	0	0	1
HMR_0197	0	0	0	1
HMR_0201	0	0	0	1
HMR_0234	0	0	0	1
HMR_0374	0	0	0	1
HMR_0375	0	0	0	1
HMR_0378	0	0	0	1
HMR_0767	0	0	0	1
HMR_0775	0	0	0	1
HMR_0809	0	0	0	1
HMR_0812	0	0	0	1
HMR_0814	0	0	0	1
HMR_0817	0	0	0	1
HMR_0822	0	0	0	1
HMR_0859	0	0	0	1
HMR_0875	0	0	0	1
HMR_0876	0	0	0	1
HMR_0889	0	0	0	1
HMR_0890	0	0	0	1
HMR_0906	0	0	0	1
HMR_0907	0	0	0	1
HMR_0908	0	0	0	1
HMR_0909	0	0	0	1
HMR_0910	0	0	0	1
HMR_1085	0	0	0	1
HMR_1095	0	0	0	1
HMR_1102	0	0	0	1
HMR_1280	0	0	0	1
HMR_1311	0	0	0	1
HMR_1321	0	0	0	1
HMR_1329	0	0	0	1
HMR_1331	0	0	0	1
HMR_1373	0	0	0	1
HMR_1532	0	0	0	1
HMR_1565	0	0	0	1
HMR_1620	0	0	0	1
HMR_1623	0	0	0	1
HMR_1981	0	0	0	1
HMR_1988	0	0	0	1
HMR_2002	0	0	0	1
HMR_2007	0	0	0	1
HMR_2041	0	0	0	1
HMR_2087	0	0	0	1
HMR_2088	0	0	0	1
HMR_2089	0	0	0	1
HMR_2090	0	0	0	1
HMR_2215	0	0	0	1
HMR_2217	0	0	0	1
HMR_2218	0	0	0	1
HMR_2219	0	0	0	1
HMR_2267	0	0	0	1
HMR_2268	0	0	0	1
HMR_2269	0	0	0	1
HMR_2270	0	0	0	1
HMR_2288	0	0	0	1
HMR_2289	0	0	0	1
HMR_2569	0	0	0	1
HMR_2608	0	0	0	1
HMR_2609	0	0	0	1
HMR_2610	0	0	0	1
HMR_2612	0	0	0	1
HMR_2624	0	0	0	1
HMR_2644	0	0	0	1
HMR_2648	0	0	0	1
HMR_2649	0	0	0	1
HMR_2650	0	0	0	1
HMR_2651	0	0	0	1
HMR_2652	0	0	0	1
HMR_2653	0	0	0	1
HMR_2655	0	0	0	1
HMR_2667	0	0	0	1
HMR_2673	0	0	0	1
HMR_2679	0	0	0	1
HMR_2684	0	0	0	1
HMR_2685	0	0	0	1
HMR_2686	0	0	0	1
HMR_2703	0	0	0	1
HMR_2704	0	0	0	1
HMR_2705	0	0	0	1
HMR_2706	0	0	0	1
HMR_2707	0	0	0	1
HMR_2715	0	0	0	1
HMR_2718	0	0	0	1
HMR_2722	0	0	0	1
HMR_2727	0	0	0	1
HMR_2731	0	0	0	1
HMR_2739	0	0	0	1
HMR_2740	0	0	0	1
HMR_2741	0	0	0	1
HMR_2748	0	0	0	1
HMR_2753	0	0	0	1
HMR_2757	0	0	0	1
HMR_2760	0	0	0	1
HMR_2764	0	0	0	1
HMR_2774	0	0	0	1
HMR_2775	0	0	0	1
HMR_2776	0	0	0	1
HMR_2861	0	0	0	1
HMR_2862	0	0	0	1
HMR_3057	0	0	0	1
HMR_3058	0	0	0	1
HMR_3059	0	0	0	1
HMR_3062	0	0	0	1
HMR_3063	0	0	0	1
HMR_3064	0	0	0	1
HMR_3065	0	0	0	1
HMR_3066	0	0	0	1
HMR_3067	0	0	0	1
HMR_3068	0	0	0	1
HMR_3069	0	0	0	1
HMR_3106	0	0	0	1
HMR_3107	0	0	0	1
HMR_3108	0	0	0	1
HMR_3109	0	0	0	1
HMR_3110	0	0	0	1
HMR_3178	0	0	0	1
HMR_3179	0	0	0	1
HMR_3180	0	0	0	1
HMR_3181	0	0	0	1
HMR_3182	0	0	0	1
HMR_3183	0	0	0	1
HMR_3184	0	0	0	1
HMR_3185	0	0	0	1
HMR_3186	0	0	0	1
HMR_3187	0	0	0	1
HMR_3188	0	0	0	1
HMR_3189	0	0	0	1
HMR_3190	0	0	0	1
HMR_3191	0	0	0	1
HMR_3192	0	0	0	1
HMR_3193	0	0	0	1
HMR_3194	0	0	0	1
HMR_3195	0	0	0	1
HMR_3196	0	0	0	1
HMR_3197	0	0	0	1
HMR_3198	0	0	0	1
HMR_3199	0	0	0	1
HMR_3200	0	0	0	1
HMR_3201	0	0	0	1
HMR_3202	0	0	0	1
HMR_3203	0	0	0	1
HMR_3204	0	0	0	1
HMR_3205	0	0	0	1
HMR_3218	0	0	0	1
HMR_3219	0	0	0	1
HMR_3220	0	0	0	1
HMR_3221	0	0	0	1
HMR_3222	0	0	0	1
HMR_3223	0	0	0	1
HMR_3224	0	0	0	1
HMR_3225	0	0	0	1
HMR_3296	0	0	0	1
HMR_3330	0	0	0	1
HMR_3331	0	0	0	1
HMR_3332	0	0	0	1
HMR_3333	0	0	0	1
HMR_3334	0	0	0	1
HMR_3335	0	0	0	1
HMR_3336	0	0	0	1
HMR_3337	0	0	0	1
HMR_3338	0	0	0	1
HMR_3339	0	0	0	1
HMR_3340	0	0	0	1
HMR_3341	0	0	0	1
HMR_3396	0	0	0	1
HMR_3397	0	0	0	1
HMR_3425	0	0	0	1
HMR_3433	0	0	0	1
HMR_3452	0	0	0	1
HMR_3453	0	0	0	1
HMR_3454	0	0	0	1
HMR_3456	0	0	0	1
HMR_3457	0	0	0	1
HMR_3478	0	0	0	1
HMR_3505	0	0	0	1
HMR_3520	0	0	0	1
HMR_3522	0	0	0	1
HMR_3597	0	0	0	1
HMR_3831	0	0	0	1
HMR_3864	0	0	0	1
HMR_3915	0	0	0	1
HMR_4182	0	0	0	1
HMR_4270	0	0	0	1
HMR_4422	0	0	0	1
HMR_4592	0	0	0	1
HMR_4831	0	0	0	1
HMR_5301	0	0	0	1
HMR_6364	0	0	0	1
HMR_6397	0	0	0	1
HMR_6408	0	0	0	1
HMR_6500	0	0	0	1
HMR_6534	0	0	0	1
HMR_6607	0	0	0	1
HMR_6611	0	0	0	1
HMR_6629	0	0	0	1
HMR_6632	0	0	0	1
HMR_6633	0	0	0	1
HMR_6755	0	0	0	1
HMR_6790	0	0	0	1
HMR_6975	0	0	0	1
HMR_6976	0	0	0	1
HMR_6977	0	0	0	1
HMR_6978	0	0	0	1
HMR_6986	0	0	0	1
HMR_7198	0	0	0	1
HMR_7199	0	0	0	1
HMR_7328	0	0	0	1
HMR_7329	0	0	0	1
HMR_7330	0	0	0	1
HMR_7431	0	0	0	1
HMR_7432	0	0	0	1
HMR_7628	0	0	0	1
HMR_7748	0	0	0	1
HMR_7749	0	0	0	1
HMR_7756	0	0	0	1
HMR_7898	0	0	0	1
HMR_7900	0	0	0	1
HMR_7903	0	0	0	1
HMR_7977	0	0	0	1
HMR_8023	0	0	0	1
HMR_8374	0	0	0	1
HMR_8418	0	0	0	1
HMR_8562	0	0	0	1
HMR_8585	0	0	0	1
HMR_8761	0	0	0	1
HMR_8762	0	0	0	1
HMR_9179	0	0	0	1
HMR_9180	0	0	0	1
HMR_9187	0	0	0	1
HMR_9191	0	0	0	1
HMR_9191_e	0	0	0	1
HMR_9608	0	0	0	1
HMR_9630	0	0	0	1
HMR_9639	0	0	0	1
HMR_9642	0	0	0	1
HMR_9644	0	0	0	1
HMR_9647	0	0	0	1
HMR_9648	0	0	0	1
HMR_9658	0	0	0	1
HMR_9660	0	0	0	1
HMR_9661	0	0	0	1
HMR_9662	0	0	0	1
HMR_9667	0	0	0	1
HMR_9669	0	0	0	1
HMR_9670	0	0	0	1
HMR_9671	0	0	0	1
HMR_9674	0	0	0	1
HMR_9676	0	0	0	1
HMR_9680	0	0	0	1
HPDCACRNt	0	0	0	1
HPDECECOAm	0	0	0	1
HPDECEm	0	0	0	1
HPDECEte	0	0	0	1
HPDECEtm	0	0	0	1
HS1ly	0	0	0	1
HS2ly	0	0	0	1
HS3ly	0	0	0	1
HS4ly	0	0	0	1
HSAT1ly	0	0	0	1
HSAT2ly	0	0	0	1
HSAT3ly	0	0	0	1
HSAT4ly	0	0	0	1
HSD17B1	0	0	0	1
HSD3A1r	0	0	0	1
HSD3A2r	0	0	0	1
HSPASEly	0	0	0	1
HSPGt	0	0	0	1
HSPGtly	0	0	0	1
Htx	0	0	0	1
HXCOAc	0	0	0	1
HXCOAte	0	0	0	1
IBUP_Rtdhep	0	0	0	1
IBUP_Rtdu	0	0	0	1
IBUP_Stdhep	0	0	0	1
IBUP_Stdu	0	0	0	1
ICDCHOLt	0	0	0	1
ICDHxm	0	0	0	1
ICDHy	0	0	0	1
ICDHyrm	0	0	0	1
ICITtr	0	0	0	1
IDOAASE1ly	0	0	0	1
IDOAASE2ly	0	0	0	1
IDOAASE3ly	0	0	0	1
IDOAASE4ly	0	0	0	1
IDOURte	0	0	0	1
IDOURtly	0	0	0	1
IDPtn	0	0	0	1
ILEARGILEr	0	0	0	1
ILEARGILEt	0	0	0	1
ILEASNHISr	0	0	0	1
ILEASNHISt	0	0	0	1
ILEASPr	0	0	0	1
ILEASPt	0	0	0	1
ILEGLNGLUr	0	0	0	1
ILEGLNGLUt	0	0	0	1
ILEGLYARGr	0	0	0	1
ILEGLYARGt	0	0	0	1
ILEPROLYSr	0	0	0	1
ILEPROLYSt	0	0	0	1
ILESERARGr	0	0	0	1
ILESERARGt	0	0	0	1
ILEtec	0	0	0	1
ILETRPTYRr	0	0	0	1
ILETRPTYRt	0	0	0	1
IM4ACte	0	0	0	1
IMACTD	0	0	0	1
IND3ACt	0	0	0	1
INSt	0	0	0	1
INSt2	0	0	0	1
INSTt2r	0	0	0	1
INSTt4	0	0	0	1
INSTt4_2	0	0	0	1
IPDDI	0	0	0	1
ISOCHOLt	0	0	0	1
ITCOAL1m	0	0	0	1
ITCOALm	0	0	0	1
ITPtn	0	0	0	1
KCC2t	0	0	0	1
KCCt	0	0	0	1
KHK2	0	0	0	1
KHte	0	0	0	1
KSItly	0	0	0	1
L_LACt2r	0	0	0	1
L_LACt4r	0	0	0	1
L_LACtm	0	0	0	1
LACLt	0	0	0	1
LACZe	0	0	0	1
LCYSTAT	0	0	0	1
LCYSTt	0	0	0	1
LDH_L	0	0	0	1
LDH_Lm	0	0	0	1
LEUALAARGr	0	0	0	1
LEUALAARGt	0	0	0	1
LEUASNASPr	0	0	0	1
LEUASNASPt	0	0	0	1
LEUASPLYSr	0	0	0	1
LEUASPLYSt	0	0	0	1
LEUKTRA4t	0	0	0	1
LEUKTRD4t	0	0	0	1
LEUKTRE4t	0	0	0	1
LEULEUTRPr	0	0	0	1
LEULEUTRPt	0	0	0	1
LEUPROARGr	0	0	0	1
LEUPROARGt	0	0	0	1
LEUPROr	0	0	0	1
LEUPROt	0	0	0	1
LEUSERTRPr	0	0	0	1
LEUSERTRPt	0	0	0	1
LEUtec	0	0	0	1
LEUTRPARGr	0	0	0	1
LEUTRPARGt	0	0	0	1
LEUTRPr	0	0	0	1
LEUTRPt	0	0	0	1
LEUTYRTYRr	0	0	0	1
LEUTYRTYRt	0	0	0	1
LEUVALr	0	0	0	1
LEUVALt	0	0	0	1
LGNCt	0	0	0	1
LHCYSTIN	0	0	0	1
LHCYSTINt	0	0	0	1
LINKDEG1ly	0	0	0	1
LINKDEG2ly	0	0	0	1
LINKDEG3ly	0	0	0	1
LINKDEG4ly	0	0	0	1
LKYNRtr	0	0	0	1
LKYNRtr3	0	0	0	1
LNELDCCRNt	0	0	0	1
LNLCCRNNAt	0	0	0	1
LNLNCAt	0	0	0	1
LNLNCGCRNt	0	0	0	1
LPAMt	0	0	0	1
LPAMtm	0	0	0	1
LPCHOLt	0	0	0	1
LST4EXPTDhc	0	0	0	1
LST4EXPthc	0	0	0	1
LSTNM7TDhc	0	0	0	1
LSTNM7thc	0	0	0	1
LSTNRATt	0	0	0	1
LSTNtd	0	0	0	1
LYSARGLEUr	0	0	0	1
LYSARGLEUt	0	0	0	1
LYSCYSHISr	0	0	0	1
LYSCYSHISt	0	0	0	1
LYSGLNPHEr	0	0	0	1
LYSGLNPHEt	0	0	0	1
LYSGLUGLUr	0	0	0	1
LYSGLUGLUt	0	0	0	1
LYSLYSLYSr	0	0	0	1
LYSLYSLYSt	0	0	0	1
LYSPHEILEr	0	0	0	1
LYSPHEILEt	0	0	0	1
LYSt4	0	0	0	1
LYStiDF	0	0	0	1
LYSTRPARGr	0	0	0	1
LYSTRPARGt	0	0	0	1
LYSTYRILEr	0	0	0	1
LYSTYRILEt	0	0	0	1
LYSVALPHEr	0	0	0	1
LYSVALPHEt	0	0	0	1
LYSVALTRPr	0	0	0	1
LYSVALTRPt	0	0	0	1
MACACI	0	0	0	1
MAL_Lte	0	0	0	1
MAL_Ltx	0	0	0	1
MALOAtm	0	0	0	1
MALSO3tm	0	0	0	1
MALSO4tm	0	0	0	1
MALT	0	0	0	1
MALtm	0	0	0	1
MALTSULtm	0	0	0	1
MALTTTRt	0	0	0	1
MANt1r	0	0	0	1
MANt4	0	0	0	1
MANtly	0	0	0	1
MCPST	0	0	0	1
MDH	0	0	0	1
MDHm	0	0	0	1
MDHx	0	0	0	1
ME1m	0	0	0	1
ME2	0	0	0	1
ME2m	0	0	0	1
MECOALm	0	0	0	1
MECOAS1m	0	0	0	1
METARGLEUr	0	0	0	1
METARGLEUt	0	0	0	1
METASNTYRr	0	0	0	1
METASNTYRt	0	0	0	1
METGLNTYRr	0	0	0	1
METGLNTYRt	0	0	0	1
METGLYARGr	0	0	0	1
METGLYARGt	0	0	0	1
METHISLYSr	0	0	0	1
METHISLYSt	0	0	0	1
METLEUex	0	0	0	1
METMETILEr	0	0	0	1
METMETILEt	0	0	0	1
METPHEARGr	0	0	0	1
METPHEARGt	0	0	0	1
METt4	0	0	0	1
METtec	0	0	0	1
METTRPPHEr	0	0	0	1
METTRPPHEt	0	0	0	1
MEV_Rt	0	0	0	1
MI13456PK	0	0	0	1
MI1345PKc	0	0	0	1
MI145PP	0	0	0	1
MI14Ptn	0	0	0	1
MK10t	0	0	0	1
MK11t	0	0	0	1
MK7t	0	0	0	1
MK8t	0	0	0	1
MK9t	0	0	0	1
MLTG1	0	0	0	1
MLTHFtm	0	0	0	1
MMAt2e	0	0	0	1
MTHFC	0	0	0	1
MTHFCm	0	0	0	1
MTHFD	0	0	0	1
MTHFD2	0	0	0	1
MTHFD2m	0	0	0	1
MTHFDm	0	0	0	1
N2M2NMASNtly	0	0	0	1
NACHEX10ly	0	0	0	1
NACHEX11ly	0	0	0	1
NACHEX12ly	0	0	0	1
NACHEX13ly	0	0	0	1
NACHEX14ly	0	0	0	1
NACHEX15ly	0	0	0	1
NACHEX16ly	0	0	0	1
NACHEX17ly	0	0	0	1
NACHEX18ly	0	0	0	1
NACHEX19ly	0	0	0	1
NACHEX1ly	0	0	0	1
NACHEX20ly	0	0	0	1
NACHEX21ly	0	0	0	1
NACHEX22ly	0	0	0	1
NACHEX27ly	0	0	0	1
NACHEX2ly	0	0	0	1
NACHEX3ly	0	0	0	1
NACHEX4ly	0	0	0	1
NACHEX5ly	0	0	0	1
NACHEX8ly	0	0	0	1
NACHEX9ly	0	0	0	1
NACHEXA5ly	0	0	0	1
NACSMCTte	0	0	0	1
NACUP	0	0	0	1
NADPQNOXR	0	0	0	1
NADQNOXR	0	0	0	1
NADtn	0	0	0	1
NAHCO3_HCLt	0	0	0	1
NAt	0	0	0	1
NAt3_1	0	0	0	1
NAt3_1g	0	0	0	1
NAt5	0	0	0	1
NCAMUP	0	0	0	1
NCKt	0	0	0	1
NCNt	0	0	0	1
NDP3ex	0	0	0	1
NDPK1	0	0	0	1
NDPK10	0	0	0	1
NDPK10n	0	0	0	1
NDPK1m	0	0	0	1
NDPK1n	0	0	0	1
NDPK2	0	0	0	1
NDPK3	0	0	0	1
NDPK3n	0	0	0	1
NDPK4	0	0	0	1
NDPK4n	0	0	0	1
NDPK5	0	0	0	1
NDPK5n	0	0	0	1
NDPK6	0	0	0	1
NDPK6n	0	0	0	1
NDPK7	0	0	0	1
NDPK7m	0	0	0	1
NDPK7n	0	0	0	1
NDPK8	0	0	0	1
NDPK8n	0	0	0	1
NDPK9	0	0	0	1
NDPK9n	0	0	0	1
NFDLAChc	0	0	0	1
NFDLACtep	0	0	0	1
NFDOHtep	0	0	0	1
NH4t3r	0	0	0	1
NH4tb	0	0	0	1
NKCC2t	0	0	0	1
NKCCt	0	0	0	1
NMNATn	0	0	0	1
NMNATr	0	0	0	1
NMNS	0	0	0	1
NMNtn	0	0	0	1
NNDPR	0	0	0	1
NRPPHRt4_2_r	0	0	0	1
NRPPHRtu	0	0	0	1
NTD12	0	0	0	1
NTD4e	0	0	0	1
NTD9e	0	0	0	1
NTPP10	0	0	0	1
NTPP9	0	0	0	1
O2t	0	0	0	1
OAAt	0	0	0	1
OCDCAtr	0	0	0	1
OLEETH	0	0	0	1
ORN_Dte	0	0	0	1
ORN_Dtx	0	0	0	1
ORNDC	0	0	0	1
ORNt3m	0	0	0	1
ORNt4m	0	0	0	1
ORNTArm	0	0	0	1
OROT5Ptr	0	0	0	1
ORPT	0	0	0	1
OXYPtepv	0	0	0	1
OXYPthc	0	0	0	1
P5CDm	0	0	0	1
PA_HSter	0	0	0	1
PA_HStg	0	0	0	1
pac	0	0	0	1
PAILAR_HSPLA2	0	0	0	1
PAILPALM_HSPLA2	0	0	0	1
PAILPALM_HSSECt	0	0	0	1
PAILR_HSSECt	0	0	0	1
PAN4PP	0	0	0	1
PCHLN225_HSABCt	0	0	0	1
PCHOL_HStg	0	0	0	1
PCHOL2LINL_HSABCt	0	0	0	1
PCHOL2LINL_HSPLA2	0	0	0	1
PCHOL2OLE_HSABCt	0	0	0	1
PCHOL2OLE_HSPLA2	0	0	0	1
PCHOL2PALM_HSPLA2	0	0	0	1
PCHOL2PALM_HSte	0	0	0	1
PCHOL2STE_HSABCt	0	0	0	1
PCHOL2STE_HSPLA2	0	0	0	1
PCHOLAR_HSABCt	0	0	0	1
PCHOLAR_HSPLA2	0	0	0	1
PCHOLDEIC_HSPLA2	0	0	0	1
PCHOLDET_HSPLA2	0	0	0	1
PCHOLDOC_HSABCt	0	0	0	1
PCHOLDOC_HSPLA2	0	0	0	1
PCHOLEIC_HSABCt	0	0	0	1
PCHOLET_HSABCt	0	0	0	1
PCHOLHEP_HSABCt	0	0	0	1
PCHOLHEP_HSPLA2	0	0	0	1
PCHOLLINL_HSABCt	0	0	0	1
PCHOLLINL_HSPLA2	0	0	0	1
PCHOLMYR_HsABCt	0	0	0	1
PCHOLMYR_HSPLA2	0	0	0	1
PCHOLN15_HSABCt	0	0	0	1
PCHOLN15_HSPLA2	0	0	0	1
PCHOLN183_HSABCt	0	0	0	1
PCHOLN183_HSPLA2	0	0	0	1
PCHOLN1836_HSABCt	0	0	0	1
PCHOLN1836_HSPLA2	0	0	0	1
PCHOLN19_HSABCt	0	0	0	1
PCHOLN19_HSPLA2	0	0	0	1
PCHOLN201_HSABCt	0	0	0	1
PCHOLN201_HSPLA2	0	0	0	1
PCHOLN203_HSABCt	0	0	0	1
PCHOLN203_HSPLA2	0	0	0	1
PCHOLN204_HSABCt	0	0	0	1
PCHOLN204_HSPLA2	0	0	0	1
PCHOLN205_HSABCt	0	0	0	1
PCHOLN205_HSPLA2	0	0	0	1
PCHOLN224_HSABCt	0	0	0	1
PCHOLN224_HSPLA2	0	0	0	1
PCHOLN225_HSABCt	0	0	0	1
PCHOLN225_HSPLA2	0	0	0	1
PCHOLN2254_HSABCt	0	0	0	1
PCHOLN2254_HSPLA2	0	0	0	1
PCHOLN226_HSPLA2	0	0	0	1
PCHOLN24_HSPLA2	0	0	0	1
PCHOLN261_HSPLA2	0	0	0	1
PCHOLN261_HSte	0	0	0	1
PCHOLN264_HSABCt	0	0	0	1
PCHOLN28_HSPLA2	0	0	0	1
PCHOLN28_HSte	0	0	0	1
PCHOLN281_HSPLA2	0	0	0	1
PCHOLN281_HSte	0	0	0	1
PCHOLOLE_HSABCt	0	0	0	1
PCHOLOLE_HSPLA2	0	0	0	1
PCHOLP_hs	0	0	0	1
PCHOLPALM_HSPLA2	0	0	0	1
PCHOLPALME_HSPLA2	0	0	0	1
PCHOLPALME-HSABCt	0	0	0	1
PCHOLPg_hs	0	0	0	1
PCHOLPm_hs	0	0	0	1
PCHOLPr_hs	0	0	0	1
PCHOLSTE_HSABCt	0	0	0	1
PCHOLSTE_HSPLA2	0	0	0	1
PCREATte	0	0	0	1
PCREATtmdiffir	0	0	0	1
PCRNte	0	0	0	1
PCRNtm	0	0	0	1
PDX5PO	0	0	0	1
PE_HSter	0	0	0	1
PE12_HSABCt	0	0	0	1
Pe13_HSABCt	0	0	0	1
PE14_HSABCt	0	0	0	1
PE15_HSABCt	0	0	0	1
PE161_HSABCt	0	0	0	1
PE17_HSABCt	0	0	0	1
PE203_HSABCt	0	0	0	1
PE203_HSPLA2	0	0	0	1
PE224_HSPLA2	0	0	0	1
PE224_HSte	0	0	0	1
PE226_HSABCt	0	0	0	1
PE226_HSPLA2	0	0	0	1
PE2LINL_HSABCt	0	0	0	1
PE2LINL_HSPLA2	0	0	0	1
PEAR_HSABCt	0	0	0	1
PEAR_HSPLA2	0	0	0	1
PEDH12_HSPLA2	0	0	0	1
PEDH13_HSPLA2	0	0	0	1
PEDH14_HSPLA2	0	0	0	1
PEDH15_HSPLA2	0	0	0	1
PEDH161_HSPLA2	0	0	0	1
PEDH17_HSPLA2	0	0	0	1
PEDH203_HSABCt	0	0	0	1
PEDH203_HSPLA2	0	0	0	1
PEHSFABPe	0	0	0	1
PELINETH	0	0	0	1
PELINL_HSABCt	0	0	0	1
PELINL_HSPLA2	0	0	0	1
PELPALM_HSABCt	0	0	0	1
PENDECAETH	0	0	0	1
PEOLE_HSABCt	0	0	0	1
PEOLE_HSPLA2	0	0	0	1
PEPALM	0	0	0	1
PEPALM_HSASBCt	0	0	0	1
PEPALM_HSPLA2	0	0	0	1
PEPtr	0	0	0	1
PEt	0	0	0	1
PETOHMm_hs	0	0	0	1
PFK	0	0	0	1
PGDI	0	0	0	1
PGDIr	0	0	0	1
PGI	0	0	0	1
PGLYCt	0	0	0	1
PGPP_hs	0	0	0	1
PGPPT	0	0	0	1
PHCDm	0	0	0	1
PHCHGSm	0	0	0	1
PHEASNMETr	0	0	0	1
PHEASNMETt	0	0	0	1
PHEASPr	0	0	0	1
PHEASPt	0	0	0	1
PHEGLNPHEr	0	0	0	1
PHEGLNPHEt	0	0	0	1
PHELEUASPr	0	0	0	1
PHELEUASPt	0	0	0	1
PHELEUHISr	0	0	0	1
PHELEUHISt	0	0	0	1
PHELEUr	0	0	0	1
PHELEUt	0	0	0	1
PHELYSALAr	0	0	0	1
PHELYSALAt	0	0	0	1
PHELYSPROr	0	0	0	1
PHELYSPROt	0	0	0	1
PHEPHEASNr	0	0	0	1
PHEPHEASNt	0	0	0	1
PHEPHEr	0	0	0	1
PHEPHEt	0	0	0	1
PHEPHETHRr	0	0	0	1
PHEPHETHRt	0	0	0	1
PHEPROARGr	0	0	0	1
PHEPROARGt	0	0	0	1
PHESERTRPr	0	0	0	1
PHESERTRPt	0	0	0	1
PHEt4	0	0	0	1
PHETA1	0	0	0	1
PHETA1m	0	0	0	1
PHEtec	0	0	0	1
PHETHRLYSr	0	0	0	1
PHETHRLYSt	0	0	0	1
PHETRPLEUr	0	0	0	1
PHETRPLEUt	0	0	0	1
PHETYRGLNr	0	0	0	1
PHETYRGLNt	0	0	0	1
PHETYRLYSr	0	0	0	1
PHETYRLYSt	0	0	0	1
PHETYRr	0	0	0	1
PHETYRt	0	0	0	1
PHLAC	0	0	0	1
PHLACHt	0	0	0	1
PHPYRte	0	0	0	1
PHPYRtm	0	0	0	1
PHYHx	0	0	0	1
PHYTt	0	0	0	1
PI34P4Pn	0	0	0	1
PI3P3Pn	0	0	0	1
PI45PLC	0	0	0	1
PI4P3Kn	0	0	0	1
PI4PLC	0	0	0	1
PI4PLCn	0	0	0	1
PI5P3K	0	0	0	1
PIt6b	0	0	0	1
PIt7	0	0	0	1
PIt8	0	0	0	1
PIt9	0	0	0	1
PIter	0	0	0	1
PItn	0	0	0	1
PItx	0	0	0	1
PLA2_2	0	0	0	1
PMTCOAtx	0	0	0	1
PNTK	0	0	0	1
PPASMCT1	0	0	0	1
PPCDC	0	0	0	1
PPDOy	0	0	0	1
PPItr	0	0	0	1
PPItx	0	0	0	1
PPNCL3	0	0	0	1
PRDX	0	0	0	1
PRGSTRNt	0	0	0	1
PRISTANALtx	0	0	0	1
PRISTCOAtx	0	0	0	1
PRISTtx	0	0	0	1
PRO_Dtde	0	0	0	1
PROARGASPr	0	0	0	1
PROARGASPt	0	0	0	1
PROARGCYSr	0	0	0	1
PROARGCYSt	0	0	0	1
PROASNCYSr	0	0	0	1
PROASNCYSt	0	0	0	1
PROCYSr	0	0	0	1
PROCYSt	0	0	0	1
PRODt2r	0	0	0	1
PROFVSCOAhc	0	0	0	1
PROFVSCOAitx	0	0	0	1
PROFVShc	0	0	0	1
PROFVStev	0	0	0	1
PROGLULYSr	0	0	0	1
PROGLULYSt	0	0	0	1
PROHISr	0	0	0	1
PROHISt	0	0	0	1
PROHISTYRr	0	0	0	1
PROHISTYRt	0	0	0	1
PROLEUARGr	0	0	0	1
PROLEUARGt	0	0	0	1
PROPAT4te	0	0	0	1
PROPHEr	0	0	0	1
PROPHEt	0	0	0	1
PROSTGD2t	0	0	0	1
PROSTGE1t	0	0	0	1
PROSTGE2t	0	0	0	1
PROSTGE2t2	0	0	0	1
PROSTGE2t2m	0	0	0	1
PROSTGH2t	0	0	0	1
PROSTGI2t	0	0	0	1
PROt2r	0	0	0	1
PROt4	0	0	0	1
PROt4_2_r	0	0	0	1
PROTRPLYSr	0	0	0	1
PROTRPLYSt	0	0	0	1
PROTRPTHRr	0	0	0	1
PROTRPTHRt	0	0	0	1
PROVALGLNr	0	0	0	1
PROVALGLNt	0	0	0	1
PTCRTD	0	0	0	1
PTDCACRNCPT1	0	0	0	1
PTDCACRNCPT2	0	0	0	1
PTDCACRNt	0	0	0	1
PTPAT	0	0	0	1
PTVSTtep	0	0	0	1
PTVSTtu	0	0	0	1
PUNP5	0	0	0	1
PVD3	0	0	0	1
PVSOATPtu	0	0	0	1
PVStep	0	0	0	1
PYAM5POr	0	0	0	1
PYDAMtr	0	0	0	1
PYDXNtr	0	0	0	1
PYDXtr	0	0	0	1
PYK	0	0	0	1
PYRSMCT1	0	0	0	1
PYRt2p	0	0	0	1
PYRt2r	0	0	0	1
Q10H2e	0	0	0	1
q10h2tc	0	0	0	1
q10tm	0	0	0	1
QULNtr	0	0	0	1
r0002	0	0	0	1
r0009	0	0	0	1
r0021	0	0	0	1
r0027	0	0	0	1
r0033	0	0	0	1
r0051	0	0	0	1
r0081	0	0	0	1
r0082	0	0	0	1
r0083	0	0	0	1
r0084	0	0	0	1
r0139	0	0	0	1
r0149	0	0	0	1
r0170	0	0	0	1
r0173	0	0	0	1
r0179	0	0	0	1
r0181	0	0	0	1
r0193	0	0	0	1
r0196	0	0	0	1
r0202	0	0	0	1
r0210	0	0	0	1
r0249	0	0	0	1
r0280	0	0	0	1
r0309	0	0	0	1
r0317	0	0	0	1
r0360	0	0	0	1
r0361	0	0	0	1
r0363	0	0	0	1
r0364	0	0	0	1
r0380	0	0	0	1
r0381	0	0	0	1
r0388	0	0	0	1
r0389	0	0	0	1
r0391	0	0	0	1
r0408	0	0	0	1
r0409	0	0	0	1
r0410	0	0	0	1
r0422	0	0	0	1
r0423	0	0	0	1
r0424	0	0	0	1
r0425	0	0	0	1
r0426	0	0	0	1
r0434	0	0	0	1
r0437	0	0	0	1
r0450	0	0	0	1
r0463	0	0	0	1
r0470	0	0	0	1
r0475	0	0	0	1
r0483	0	0	0	1
r0494	0	0	0	1
r0497	0	0	0	1
r0512	0	0	0	1
r0517	0	0	0	1
r0525	0	0	0	1
r0531	0	0	0	1
r0537	0	0	0	1
r0545	0	0	0	1
r0547	0	0	0	1
r0552	0	0	0	1
r0553	0	0	0	1
r0568	0	0	0	1
r0575	0	0	0	1
r0579	0	0	0	1
r0587	0	0	0	1
r0590	0	0	0	1
r0604	0	0	0	1
r0610	0	0	0	1
r0611	0	0	0	1
r0615	0	0	0	1
r0617	0	0	0	1
r0669	0	0	0	1
r0670	0	0	0	1
r0671	0	0	0	1
r0686	0	0	0	1
r0707	0	0	0	1
r0737	0	0	0	1
r0758	0	0	0	1
r0779	0	0	0	1
r0782	0	0	0	1
r0784	0	0	0	1
r0786	0	0	0	1
r0792	0	0	0	1
r0801	0	0	0	1
r0809	0	0	0	1
r0812	0	0	0	1
r0817	0	0	0	1
r0819	0	0	0	1
r0821	0	0	0	1
r0822	0	0	0	1
r0829	0	0	0	1
r0830	0	0	0	1
r0834	0	0	0	1
r0835	0	0	0	1
r0838	0	0	0	1
r0840	0	0	0	1
r0841	0	0	0	1
r0842	0	0	0	1
r0860	0	0	0	1
r0871	0	0	0	1
r0879	0	0	0	1
r0885	0	0	0	1
r0908	0	0	0	1
r0909	0	0	0	1
r0913	0	0	0	1
r0915	0	0	0	1
r0917	0	0	0	1
r0931	0	0	0	1
r0932	0	0	0	1
r0936	0	0	0	1
r0937	0	0	0	1
r0941	0	0	0	1
r0946	0	0	0	1
r0960	0	0	0	1
r0963	0	0	0	1
r0973	0	0	0	1
r0974	0	0	0	1
r0983	0	0	0	1
r0984	0	0	0	1
r0986	0	0	0	1
r0998	0	0	0	1
r0999	0	0	0	1
r1001	0	0	0	1
r1030	0	0	0	1
r1051	0	0	0	1
r1078	0	0	0	1
r1088	0	0	0	1
r1144	0	0	0	1
r1147	0	0	0	1
r1148	0	0	0	1
r1156	0	0	0	1
r1291	0	0	0	1
r1364	0	0	0	1
r1365	0	0	0	1
r1383	0	0	0	1
r1391	0	0	0	1
r1392	0	0	0	1
r1400	0	0	0	1
r1411	0	0	0	1
r1418	0	0	0	1
r1423	0	0	0	1
r1428	0	0	0	1
r1429	0	0	0	1
r1435	0	0	0	1
r1457	0	0	0	1
r1467	0	0	0	1
r1493	0	0	0	1
r1536	0	0	0	1
r1544	0	0	0	1
r1546	0	0	0	1
r1547	0	0	0	1
r1548	0	0	0	1
r1549	0	0	0	1
r1551	0	0	0	1
r1552	0	0	0	1
r1553	0	0	0	1
r1554	0	0	0	1
r1556	0	0	0	1
r1557	0	0	0	1
r1559	0	0	0	1
r1560	0	0	0	1
r1561	0	0	0	1
r1562	0	0	0	1
r1564	0	0	0	1
r1565	0	0	0	1
r1566	0	0	0	1
r1567	0	0	0	1
r1568	0	0	0	1
r1569	0	0	0	1
r1570	0	0	0	1
r1571	0	0	0	1
r1573	0	0	0	1
r1574	0	0	0	1
r1575	0	0	0	1
r1576	0	0	0	1
r1578	0	0	0	1
r1579	0	0	0	1
r1580	0	0	0	1
r1581	0	0	0	1
r1583	0	0	0	1
r1584	0	0	0	1
r1585	0	0	0	1
r1586	0	0	0	1
r1587	0	0	0	1
r1588	0	0	0	1
r1589	0	0	0	1
r1590	0	0	0	1
r1591	0	0	0	1
r1592	0	0	0	1
r1593	0	0	0	1
r1594	0	0	0	1
r1595	0	0	0	1
r1596	0	0	0	1
r1597	0	0	0	1
r1598	0	0	0	1
r1599	0	0	0	1
r1600	0	0	0	1
r1602	0	0	0	1
r1603	0	0	0	1
r1604	0	0	0	1
r1605	0	0	0	1
r1606	0	0	0	1
r1607	0	0	0	1
r1608	0	0	0	1
r1609	0	0	0	1
r1610	0	0	0	1
r1611	0	0	0	1
r1612	0	0	0	1
r1613	0	0	0	1
r1614	0	0	0	1
r1615	0	0	0	1
r1616	0	0	0	1
r1617	0	0	0	1
r1618	0	0	0	1
r1619	0	0	0	1
r1620	0	0	0	1
r1621	0	0	0	1
r1622	0	0	0	1
r1623	0	0	0	1
r1624	0	0	0	1
r1625	0	0	0	1
r1626	0	0	0	1
r1627	0	0	0	1
r1628	0	0	0	1
r1629	0	0	0	1
r1630	0	0	0	1
r1632	0	0	0	1
r1634	0	0	0	1
r1635	0	0	0	1
r1636	0	0	0	1
r1637	0	0	0	1
r1638	0	0	0	1
r1639	0	0	0	1
r1640	0	0	0	1
r1641	0	0	0	1
r1642	0	0	0	1
r1643	0	0	0	1
r1644	0	0	0	1
r1645	0	0	0	1
r1646	0	0	0	1
r1647	0	0	0	1
r1648	0	0	0	1
r1649	0	0	0	1
r1650	0	0	0	1
r1651	0	0	0	1
r1652	0	0	0	1
r1653	0	0	0	1
r1654	0	0	0	1
r1655	0	0	0	1
r1656	0	0	0	1
r1657	0	0	0	1
r1658	0	0	0	1
r1659	0	0	0	1
r1660	0	0	0	1
r1661	0	0	0	1
r1662	0	0	0	1
r1664	0	0	0	1
r1665	0	0	0	1
r1666	0	0	0	1
r1667	0	0	0	1
r1669	0	0	0	1
r1670	0	0	0	1
r1671	0	0	0	1
r1931	0	0	0	1
r2007	0	0	0	1
r2038	0	0	0	1
r2052	0	0	0	1
r2054	0	0	0	1
r2079	0	0	0	1
r2080	0	0	0	1
r2082	0	0	0	1
r2083	0	0	0	1
r2084	0	0	0	1
r2085	0	0	0	1
r2086	0	0	0	1
r2088	0	0	0	1
r2089	0	0	0	1
r2090	0	0	0	1
r2091	0	0	0	1
r2092	0	0	0	1
r2094	0	0	0	1
r2095	0	0	0	1
r2096	0	0	0	1
r2097	0	0	0	1
r2098	0	0	0	1
r2099	0	0	0	1
r2100	0	0	0	1
r2101	0	0	0	1
r2102	0	0	0	1
r2103	0	0	0	1
r2104	0	0	0	1
r2105	0	0	0	1
r2106	0	0	0	1
r2107	0	0	0	1
r2108	0	0	0	1
r2109	0	0	0	1
r2110	0	0	0	1
r2111	0	0	0	1
r2112	0	0	0	1
r2113	0	0	0	1
r2114	0	0	0	1
r2115	0	0	0	1
r2116	0	0	0	1
r2117	0	0	0	1
r2118	0	0	0	1
r2119	0	0	0	1
r2120	0	0	0	1
r2121	0	0	0	1
r2122	0	0	0	1
r2123	0	0	0	1
r2124	0	0	0	1
r2125	0	0	0	1
r2126	0	0	0	1
r2127	0	0	0	1
r2128	0	0	0	1
r2129	0	0	0	1
r2130	0	0	0	1
r2131	0	0	0	1
r2132	0	0	0	1
r2133	0	0	0	1
r2139	0	0	0	1
r2140	0	0	0	1
r2141	0	0	0	1
r2144	0	0	0	1
r2145	0	0	0	1
r2149	0	0	0	1
r2150	0	0	0	1
r2193	0	0	0	1
r2194	0	0	0	1
r2195	0	0	0	1
r2197	0	0	0	1
r2198	0	0	0	1
r2199	0	0	0	1
r2200	0	0	0	1
r2201	0	0	0	1
r2202	0	0	0	1
r2308	0	0	0	1
r2309	0	0	0	1
r2310	0	0	0	1
r2311	0	0	0	1
r2313	0	0	0	1
r2314	0	0	0	1
r2315	0	0	0	1
r2316	0	0	0	1
r2319	0	0	0	1
r2320	0	0	0	1
r2323	0	0	0	1
r2325	0	0	0	1
r2326	0	0	0	1
r2327	0	0	0	1
r2328	0	0	0	1
r2329	0	0	0	1
r2330	0	0	0	1
r2332	0	0	0	1
r2333	0	0	0	1
r2334	0	0	0	1
r2335	0	0	0	1
r2338	0	0	0	1
r2341	0	0	0	1
r2342	0	0	0	1
r2343	0	0	0	1
r2344	0	0	0	1
r2346	0	0	0	1
r2347	0	0	0	1
r2353	0	0	0	1
r2354	0	0	0	1
r2355	0	0	0	1
r2358	0	0	0	1
r2360	0	0	0	1
r2361	0	0	0	1
r2362	0	0	0	1
r2363	0	0	0	1
r2364	0	0	0	1
r2365	0	0	0	1
r2366	0	0	0	1
r2367	0	0	0	1
r2368	0	0	0	1
r2369	0	0	0	1
r2371	0	0	0	1
r2372	0	0	0	1
r2373	0	0	0	1
r2374	0	0	0	1
r2375	0	0	0	1
r2376	0	0	0	1
r2377	0	0	0	1
r2378	0	0	0	1
r2379	0	0	0	1
r2380	0	0	0	1
r2405	0	0	0	1
r2419	0	0	0	1
r2420	0	0	0	1
r2433	0	0	0	1
r2435	0	0	0	1
r2436	0	0	0	1
r2437	0	0	0	1
r2438	0	0	0	1
r2471	0	0	0	1
r2506	0	0	0	1
r2507	0	0	0	1
r2509	0	0	0	1
r2516	0	0	0	1
r2519	0	0	0	1
r2521	0	0	0	1
r2525	0	0	0	1
r2526	0	0	0	1
r2532	0	0	0	1
r2534	0	0	0	1
r2535	0	0	0	1
r2539	0	0	0	1
RAI1	0	0	0	1
RAI2	0	0	0	1
RDH1	0	0	0	1
RE0383C	0	0	0	1
RE0453C	0	0	0	1
RE0453N	0	0	0	1
RE0579C	0	0	0	1
RE0830N	0	0	0	1
RE0915C	0	0	0	1
RE0915E	0	0	0	1
RE0926E	0	0	0	1
RE0936E	0	0	0	1
RE0937E	0	0	0	1
RE0938E	0	0	0	1
RE0944E	0	0	0	1
RE0958E	0	0	0	1
RE1077C	0	0	0	1
RE1342C	0	0	0	1
RE1518M	0	0	0	1
RE1520M	0	0	0	1
RE1521M	0	0	0	1
RE1522M	0	0	0	1
RE1525M	0	0	0	1
RE1526M	0	0	0	1
RE1527M	0	0	0	1
RE1530C	0	0	0	1
RE1532M	0	0	0	1
RE1533M	0	0	0	1
RE1534M	0	0	0	1
RE1573M	0	0	0	1
RE1691M	0	0	0	1
RE1709C	0	0	0	1
RE1709N	0	0	0	1
RE1807C	0	0	0	1
RE1860E	0	0	0	1
RE1918C	0	0	0	1
RE1919C	0	0	0	1
RE1921C	0	0	0	1
RE1933C	0	0	0	1
RE2078M	0	0	0	1
RE2079R	0	0	0	1
RE2080C	0	0	0	1
RE2130C	0	0	0	1
RE2269E	0	0	0	1
RE2270E	0	0	0	1
RE2273E	0	0	0	1
RE2296C	0	0	0	1
RE2304E	0	0	0	1
RE2327C	0	0	0	1
RE2349C	0	0	0	1
RE2445E	0	0	0	1
RE2526C	0	0	0	1
RE2541E	0	0	0	1
RE2605C	0	0	0	1
RE2626C	0	0	0	1
RE2626M	0	0	0	1
RE2640C	0	0	0	1
RE2644C	0	0	0	1
RE2660C	0	0	0	1
RE2660N	0	0	0	1
RE2799C	0	0	0	1
RE2888C	0	0	0	1
RE2898C	0	0	0	1
RE2992M	0	0	0	1
RE3010M	0	0	0	1
RE3050R	0	0	0	1
RE3073X	0	0	0	1
RE3074X	0	0	0	1
RE3081X	0	0	0	1
RE3082X	0	0	0	1
RE3086X	0	0	0	1
RE3095C	0	0	0	1
RE3156X	0	0	0	1
RE3157X	0	0	0	1
RE3158X	0	0	0	1
RE3159X	0	0	0	1
RE3177M	0	0	0	1
RE3178M	0	0	0	1
RE3179M	0	0	0	1
RE3185M	0	0	0	1
RE3186M	0	0	0	1
RE3189M	0	0	0	1
RE3190M	0	0	0	1
RE3191M	0	0	0	1
RE3192M	0	0	0	1
RE3193M	0	0	0	1
RE3194M	0	0	0	1
RE3195M	0	0	0	1
RE3218C	0	0	0	1
RE3237C	0	0	0	1
RE3238C	0	0	0	1
RE3272N	0	0	0	1
RE3301C	0	0	0	1
RE3346C	0	0	0	1
RE3346M	0	0	0	1
RE3352C	0	0	0	1
RE3381E	0	0	0	1
RE3421R	0	0	0	1
RE3423C	0	0	0	1
RE3431C	0	0	0	1
RE3432C	0	0	0	1
RE3520E	0	0	0	1
RE3524R	0	0	0	1
RE3626M	0	0	0	1
RE3628M	0	0	0	1
RETI1	0	0	0	1
RETI2	0	0	0	1
RETNGLCt	0	0	0	1
RETNGLCtr	0	0	0	1
RETNt	0	0	0	1
RNDR2	0	0	0	1
RNDR3	0	0	0	1
RNDR4	0	0	0	1
RPE	0	0	0	1
RPEc	0	0	0	1
RPI	0	0	0	1
RSVtev	0	0	0	1
RSVtu	0	0	0	1
RTOTAL3CRNCPT1	0	0	0	1
RTOTAL3CRNCPT2	0	0	0	1
RTOTAL3CRNt	0	0	0	1
S2T1g	0	0	0	1
S2T2g	0	0	0	1
S2T4g	0	0	0	1
S2TASE1ly	0	0	0	1
S2TASE2ly	0	0	0	1
S2TASE3ly	0	0	0	1
S2TASE4ly	0	0	0	1
S2TASE5ly	0	0	0	1
S3T1g	0	0	0	1
S3T2g	0	0	0	1
S3T3g	0	0	0	1
S3TASE1ly	0	0	0	1
S3TASE2ly	0	0	0	1
S3TASE3ly	0	0	0	1
S4T1g	0	0	0	1
S4T2g	0	0	0	1
S4T3g	0	0	0	1
S4TASE1ly	0	0	0	1
S4TASE2ly	0	0	0	1
S4TASE3ly	0	0	0	1
S4TASE4ly	0	0	0	1
S4TASE5ly	0	0	0	1
S6T19g	0	0	0	1
S6T20g	0	0	0	1
S6T21g	0	0	0	1
S6T23g	0	0	0	1
S6T25g	0	0	0	1
S6TASE10ly	0	0	0	1
S6TASE11ly	0	0	0	1
S6TASE12ly	0	0	0	1
S6TASE13ly	0	0	0	1
S6TASE14ly	0	0	0	1
S6TASE15ly	0	0	0	1
S6TASE16ly	0	0	0	1
S6TASE17ly	0	0	0	1
S6TASE18ly	0	0	0	1
S6TASE19ly	0	0	0	1
S6TASE1ly	0	0	0	1
S6TASE20ly	0	0	0	1
S6TASE21ly	0	0	0	1
S6TASE2ly	0	0	0	1
S6TASE3ly	0	0	0	1
S6TASE4ly	0	0	0	1
S6TASE5ly	0	0	0	1
S6TASE8ly	0	0	0	1
S6TASE9ly	0	0	0	1
SACCD3m	0	0	0	1
SACCD4m	0	0	0	1
SACCRP_Lte	0	0	0	1
SACCRP_Ltm	0	0	0	1
SALMCOM	0	0	0	1
SAMHISTA	0	0	0	1
SAMHISTAe	0	0	0	1
SBTR	0	0	0	1
SEBACACT	0	0	0	1
SEBACIDtd	0	0	0	1
SEBCOACROT	0	0	0	1
SELMETHt2e	0	0	0	1
SELMETHte	0	0	0	1
SERARGALAr	0	0	0	1
SERARGALAt	0	0	0	1
SERARGTRPr	0	0	0	1
SERARGTRPt	0	0	0	1
SERCYSARGr	0	0	0	1
SERCYSARGt	0	0	0	1
SERGLNexR	0	0	0	1
SERGLYexR	0	0	0	1
SERGLYGLUr	0	0	0	1
SERGLYGLUt	0	0	0	1
SERLYSHISr	0	0	0	1
SERLYSHISt	0	0	0	1
SERPHELYSr	0	0	0	1
SERPHELYSt	0	0	0	1
SERt4	0	0	0	1
SERtN1	0	0	0	1
SERTRPHISr	0	0	0	1
SERTRPHISt	0	0	0	1
SGPL12r	0	0	0	1
SIAASE2ly	0	0	0	1
SIAASEly	0	0	0	1
SIAT4Bg	0	0	0	1
sink_11docrtsl[c]	0	0	0	1
sink_17ahprgstrn[c]	0	0	0	1
sink_7klitchol[c]	0	0	0	1
sink_acac[m]	0	0	0	1
sink_ala_L[c]	0	0	0	1
sink_arg_L[c]	0	0	0	1
sink_asn_L[c]	0	0	0	1
sink_asp_L[c]	0	0	0	1
sink_avite1[c]	0	0	0	1
sink_bhb[m]	0	0	0	1
sink_c226coa[c]	0	0	0	1
sink_CE1273[c]	0	0	0	1
sink_chsterol[c]	0	0	0	1
sink_citr[c]	0	0	0	1
sink_coa[c]	0	0	0	1
sink_ctp[c]	0	0	0	1
sink_doco13ecoa[c]	0	0	0	1
sink_fad[c]	0	0	0	1
sink_fe3[c]	0	0	0	1
sink_gln_L[c]	0	0	0	1
sink_glu_L[c]	0	0	0	1
sink_gly[c]	0	0	0	1
sink_gtp[c]	0	0	0	1
sink_HC02192[c]	0	0	0	1
sink_HC02193[c]	0	0	0	1
sink_HC02197[c]	0	0	0	1
sink_HC02198[c]	0	0	0	1
sink_HC02220[c]	0	0	0	1
sink_his_L[c]	0	0	0	1
sink_ile_L[c]	0	0	0	1
sink_leu_L[c]	0	0	0	1
sink_lys_L[c]	0	0	0	1
sink_met_L[c]	0	0	0	1
sink_minohp[c]	0	0	0	1
sink_nadp[c]	0	0	0	1
sink_pail_hs[c]	0	0	0	1
sink_pe_hs[c]	0	0	0	1
sink_pglyc_hs[c]	0	0	0	1
sink_phe_L[c]	0	0	0	1
sink_pi[m]	0	0	0	1
sink_ps_hs[c]	0	0	0	1
sink_pydam[c]	0	0	0	1
sink_pydx[c]	0	0	0	1
sink_pydxn[c]	0	0	0	1
sink_Ser_Gly_Ala_X_Gly[r]	0	0	0	1
sink_ser_L[c]	0	0	0	1
sink_sphmyln_hs[c]	0	0	0	1
sink_tag_hs[c]	0	0	0	1
sink_tdechola[c]	0	0	0	1
sink_thf[c]	0	0	0	1
sink_thmpp[c]	0	0	0	1
sink_thmtp[c]	0	0	0	1
sink_thr_L[c]	0	0	0	1
sink_trp_L[c]	0	0	0	1
sink_tyr_L[c]	0	0	0	1
sink_utp[c]	0	0	0	1
sink_val_L[c]	0	0	0	1
sink_vitd3[c]	0	0	0	1
SLDt	0	0	0	1
SLDx	0	0	0	1
SMVACIDhep	0	0	0	1
SMVGLUChep	0	0	0	1
SMVthep	0	0	0	1
SMVtv	0	0	0	1
SO4HCOtex	0	0	0	1
SO4t4_2	0	0	0	1
SPH1Pte	0	0	0	1
SPHS1Ptr	0	0	0	1
SPRMt2r	0	0	0	1
SPRMTDe	0	0	0	1
SQLSr	0	0	0	1
SRR	0	0	0	1
SRTNENT4tc	0	0	0	1
SRTNt6_2_r	0	0	0	1
SRTNtu	0	0	0	1
ST3GAL21g	0	0	0	1
ST3GAL23g	0	0	0	1
ST3GAL61g	0	0	0	1
ST3GAL62g	0	0	0	1
ST6GALNAC27	0	0	0	1
ST8SIA51g	0	0	0	1
ST8SIA56g	0	0	0	1
STEETH	0	0	0	1
STRDNCCRNt	0	0	0	1
STRDNCt	0	0	0	1
SUBERCACT	0	0	0	1
SUBERCROT	0	0	0	1
SUCCt2m	0	0	0	1
SUCOAS1m	0	0	0	1
SUCOASm	0	0	0	1
TAGAT_Dt	0	0	0	1
TAGt	0	0	0	1
TCHOLAt	0	0	0	1
TCHOLAte	0	0	0	1
TCYNTt	0	0	0	1
TCYNTtm	0	0	0	1
TETDECAETH	0	0	0	1
TETPENT3COAtm	0	0	0	1
TETPENT3CPT1	0	0	0	1
TETPENT3CPT2	0	0	0	1
TETPENT3CRNt	0	0	0	1
TETPENT6COAtm	0	0	0	1
TETPENT6COAtx	0	0	0	1
TETPENT6CPT1	0	0	0	1
TETPENT6CPT2	0	0	0	1
TETPENT6CRNt	0	0	0	1
TETTET6COAtm	0	0	0	1
TETTET6CPT1	0	0	0	1
TETTET6CPT2	0	0	0	1
TETTET6CRNt	0	0	0	1
THBPTt	0	0	0	1
THCHOLSTOICtm	0	0	0	1
THD1m	0	0	0	1
The	0	0	0	1
THFt2	0	0	0	1
THFtl	0	0	0	1
THFtm	0	0	0	1
THMDt2r	0	0	0	1
THMMPt4	0	0	0	1
THMMPtrbc	0	0	0	1
THMP	0	0	0	1
THMt3	0	0	0	1
THMTP	0	0	0	1
THMtrbc	0	0	0	1
THRARGTYRr	0	0	0	1
THRARGTYRt	0	0	0	1
THRASNTYRr	0	0	0	1
THRASNTYRt	0	0	0	1
THRGLNexR	0	0	0	1
THRGLNGLUr	0	0	0	1
THRGLNGLUt	0	0	0	1
THRGLNTYRr	0	0	0	1
THRGLNTYRt	0	0	0	1
THRGLYexR	0	0	0	1
THRHISHISr	0	0	0	1
THRHISHISt	0	0	0	1
THRILEARGr	0	0	0	1
THRILEARGt	0	0	0	1
THRMETARGr	0	0	0	1
THRMETARGt	0	0	0	1
THRPHEARGr	0	0	0	1
THRPHEARGt	0	0	0	1
THRSERARGr	0	0	0	1
THRSERARGt	0	0	0	1
THRt4	0	0	0	1
THRTHRARGr	0	0	0	1
THRTHRARGt	0	0	0	1
THRTYRMETr	0	0	0	1
THRTYRMETt	0	0	0	1
THYMt	0	0	0	1
THYOXt	0	0	0	1
THYOXt2	0	0	0	1
TLACFVSitr	0	0	0	1
TLACFVStev	0	0	0	1
TMABADH	0	0	0	1
TMDOATPtsc	0	0	0	1
TMDOATtev	0	0	0	1
TMDOATthc	0	0	0	1
TMDPK	0	0	0	1
TMDtd	0	0	0	1
TMLYSOX	0	0	0	1
TMNDNCCOAtx	0	0	0	1
TMNDNCCRNt	0	0	0	1
TRIDECETH	0	0	0	1
TRIODTHYt	0	0	0	1
TRPALAPROr	0	0	0	1
TRPALAPROt	0	0	0	1
TRPARGALAr	0	0	0	1
TRPARGALAt	0	0	0	1
TRPASPASPr	0	0	0	1
TRPASPASPt	0	0	0	1
TRPGLNGLNr	0	0	0	1
TRPGLNGLNt	0	0	0	1
TRPGLUGLYr	0	0	0	1
TRPGLUGLYt	0	0	0	1
TRPGLULEUr	0	0	0	1
TRPGLULEUt	0	0	0	1
TRPGLUPROr	0	0	0	1
TRPGLUPROt	0	0	0	1
TRPGLUTYRr	0	0	0	1
TRPGLUTYRt	0	0	0	1
TRPGLYASPr	0	0	0	1
TRPGLYASPt	0	0	0	1
TRPGLYLEUr	0	0	0	1
TRPGLYLEUt	0	0	0	1
TRPGLYPHEr	0	0	0	1
TRPGLYPHEt	0	0	0	1
TRPGLYVALr	0	0	0	1
TRPGLYVALt	0	0	0	1
TRPHISMETr	0	0	0	1
TRPHISMETt	0	0	0	1
TRPILELYSr	0	0	0	1
TRPILELYSt	0	0	0	1
TRPILETRPr	0	0	0	1
TRPILETRPt	0	0	0	1
TRPLEUVALr	0	0	0	1
TRPLEUVALt	0	0	0	1
TRPLYSr	0	0	0	1
TRPLYSt	0	0	0	1
TRPMETARGr	0	0	0	1
TRPMETARGt	0	0	0	1
TRPMETVALr	0	0	0	1
TRPMETVALt	0	0	0	1
TRPPHEr	0	0	0	1
TRPPHEt	0	0	0	1
TRPPROLEUr	0	0	0	1
TRPPROLEUt	0	0	0	1
TRPPROVALr	0	0	0	1
TRPPROVALt	0	0	0	1
TRPSERTYRr	0	0	0	1
TRPSERTYRt	0	0	0	1
TRPt	0	0	0	1
TRPt4	0	0	0	1
TRPTHRGLUr	0	0	0	1
TRPTHRGLUt	0	0	0	1
TRPTHRILEr	0	0	0	1
TRPTHRILEt	0	0	0	1
TRPTHRTYRr	0	0	0	1
TRPTHRTYRt	0	0	0	1
TRPTYRGLNr	0	0	0	1
TRPTYRGLNt	0	0	0	1
TRPTYRTYRr	0	0	0	1
TRPTYRTYRt	0	0	0	1
TRPVALASPr	0	0	0	1
TRPVALASPt	0	0	0	1
TRYPTAOX	0	0	0	1
TRYPTAte	0	0	0	1
TTDCPT2	0	0	0	1
TTDCRNt	0	0	0	1
TYMte2	0	0	0	1
TYRALAPHEr	0	0	0	1
TYRALAPHEt	0	0	0	1
TYRALAr	0	0	0	1
TYRALAt	0	0	0	1
TYRARGGLUr	0	0	0	1
TYRARGGLUt	0	0	0	1
TYRARGSERr	0	0	0	1
TYRARGSERt	0	0	0	1
TYRASPARGr	0	0	0	1
TYRASPARGt	0	0	0	1
TYRCYSGLYr	0	0	0	1
TYRCYSGLYt	0	0	0	1
TYRCYSTHRr	0	0	0	1
TYRCYSTHRt	0	0	0	1
TYRGLUr	0	0	0	1
TYRGLUt	0	0	0	1
TYRLEUARGr	0	0	0	1
TYRLEUARGt	0	0	0	1
TYRPHETYRr	0	0	0	1
TYRPHETYRt	0	0	0	1
TYRt	0	0	0	1
TYRt4	0	0	0	1
TYRTA	0	0	0	1
TYRTAm	0	0	0	1
TYRTHRr	0	0	0	1
TYRTHRt	0	0	0	1
TYRTRPPHEr	0	0	0	1
TYRTRPPHEt	0	0	0	1
TYRTYRr	0	0	0	1
TYRTYRt	0	0	0	1
TYRVALMETr	0	0	0	1
TYRVALMETt	0	0	0	1
UAG4E	0	0	0	1
UCHOLt	0	0	0	1
UDPG3DOPA	0	0	0	1
UDPG4DOPA	0	0	0	1
UDPGLCAter	0	0	0	1
UDPGLCAtg	0	0	0	1
UDPGLCter	0	0	0	1
UDPGLCURtr	0	0	0	1
UDPGLDCg	0	0	0	1
UDPXYLter	0	0	0	1
UDPXYLtg	0	0	0	1
UGLT	0	0	0	1
UGT1A5r	0	0	0	1
UMPK	0	0	0	1
UMPK2	0	0	0	1
UMPK2n	0	0	0	1
UMPK3	0	0	0	1
UMPK3n	0	0	0	1
UMPK4	0	0	0	1
UMPK5	0	0	0	1
UMPK5n	0	0	0	1
UMPK6	0	0	0	1
UMPK6n	0	0	0	1
UMPK7	0	0	0	1
UMPK7n	0	0	0	1
UMPKn	0	0	0	1
UMPtr	0	0	0	1
URAt	0	0	0	1
URIK1	0	0	0	1
URIt	0	0	0	1
URIt2r	0	0	0	1
VALARGGLYr	0	0	0	1
VALARGGLYt	0	0	0	1
VALHISASNr	0	0	0	1
VALHISASNt	0	0	0	1
VALLEUPHEr	0	0	0	1
VALLEUPHEt	0	0	0	1
VALLYSTYRr	0	0	0	1
VALLYSTYRt	0	0	0	1
VALPHEARGr	0	0	0	1
VALPHEARGt	0	0	0	1
VALPROTRPr	0	0	0	1
VALPROTRPt	0	0	0	1
VALSERARGr	0	0	0	1
VALSERARGt	0	0	0	1
VALtec	0	0	0	1
VALTRPPHEr	0	0	0	1
VALTRPPHEt	0	0	0	1
VALTRPVALr	0	0	0	1
VALTRPVALt	0	0	0	1
VALVALr	0	0	0	1
VALVALt	0	0	0	1
VD3	0	0	0	1
VITEtl	0	0	0	1
XOLEST2te	0	0	0	1
XSERtg	0	0	0	1
XYLt	0	0	0	1
XYLTD_Dr	0	0	0	1
XYLTer	0	0	0	1
XYLtly	0	0	0	1
XYLTt	0	0	0	1
XYLUDte	0	0	0	1
XYLULte	0	0	0	1
XYLUR	0	0	0	1
