name	Mouse_Array_Rxns_Index	Mouse_Array_Rxns_Secondary	Rat_Array_Rxns_Index	Rat_Array_Rxns_Secondary	Rat_Seq_Rxns_Index	Rat_Seq_Rxns_Secondary
'2M3HBUc'	0	0	0	0	0	1
'2M3HBUte'	0	0	0	0	0	1
'2M3HBUtm'	0	0	0	0	0	1
'2M3HVACc'	0	0	0	0	0	1
'2M3HVACte'	0	0	0	0	0	1
'2M3OVACm'	0	0	0	0	0	1
'2M3OVACtm'	0	0	0	0	0	1
'2M3OVCOAm'	0	0	0	0	0	1
'3AIB_Dtm'	0	0	0	0	0	1
'3AIBTm'	0	0	0	0	0	1
'3AIBtmi'	0	0	0	0	0	1
'3DSPHR'	0	0	0	1	0	0
'3H3MGLTc'	0	0	0	0	0	1
'3H3MGLTte'	0	0	0	0	0	1
'3HPPt'	0	0	0	1	0	0
'3HPPtm'	0	0	0	1	0	0
'3M4HDXPAC_b'	0	0	1	0	0	0
'3M4HDXPAC_f'	0	0	1	0	0	0
'3MGLUTACc'	0	0	0	0	0	1
'3MGLUTACte'	0	0	0	0	0	1
'3MGLUTACtm'	0	0	0	0	0	1
'3MOX4HOXPGALDOX_NADP__b'	0	0	1	0	0	0
'3MOX4HOXPGALDOX_NADP__f'	0	0	1	0	0	0
'3MOX4HOXPGALDOX'	0	0	1	0	0	0
'3SALACBOXL'	0	0	0	0	1	0
'3SALATAi'	0	0	0	0	0	1
'3SALATAim'	0	0	0	0	0	1
'3SPYRSP'	0	0	0	0	0	1
'3SPYRSPm'	0	0	0	0	0	1
'4AABUTNt'	0	0	0	0	0	1
'4ABUTtm'	0	0	0	0	0	1
'4HOXPACDOX_NADP__b'	0	0	1	0	0	0
'4HOXPACDOX_NADP__f'	0	0	1	0	0	0
'5EIPENCm'	0	0	0	1	0	0
'5EIPENCte'	0	0	0	1	0	0
'5EIPENCtm'	0	0	0	1	0	0
'5MTHFt'	0	0	0	0	1	0
'6THFtm'	0	0	0	0	0	1
'ABTArm'	0	0	0	0	0	1
'ABUTt2rL'	0	0	0	1	0	0
'ACACT10m'	0	0	0	0	0	1
'ACACT4p'	0	0	0	1	0	1
'ACACT5p'	0	0	0	1	0	1
'ACACT6p'	0	0	0	1	0	1
'ACACT7p'	0	0	0	1	0	1
'ACACT8p'	0	0	0	1	0	0
'ACALDt'	0	0	0	1	0	0
'ACALDtm'	0	0	0	1	0	0
'ACETONEt2'	0	0	0	0	0	1
'ACETONEt2m'	0	0	0	0	0	1
'ACGALK'	0	0	0	1	0	0
'ACGALtly'	0	0	0	1	0	0
'ACGAM2E'	0	0	0	1	0	0
'ACGAM6PSi'	0	0	0	1	0	0
'ACGAMPM'	0	0	0	1	0	0
'ACNAMlt'	0	0	0	1	0	0
'ACNAMtr'	0	0	0	1	0	0
'ACNMLr'	0	0	0	1	0	0
'ACOAD10m'	0	0	1	0	1	0
'ACOAD1fm'	0	0	1	0	0	0
'ACOAD9m'	0	0	1	0	0	0
'ACOAO7p'	0	0	0	1	0	1
'ACONT'	0	0	1	0	0	0
'ADCim'	0	0	0	0	0	1
'ADNCYC'	0	0	1	0	0	1
'ADRNt'	0	0	0	1	0	0
'ADSL1'	0	0	1	0	0	0
'ADSL2'	0	0	1	0	0	0
'ADSS'	0	0	0	1	0	0
'AG13T16g'	0	0	0	1	0	0
'AG13T17g'	0	0	0	1	0	0
'AG13T18g'	0	0	0	1	0	0
'AG13T1g'	0	0	0	1	0	0
'AG13T2g'	0	0	0	1	0	0
'AG13T3g'	0	0	0	1	0	0
'AGTim'	0	0	0	0	0	1
'AGTix'	0	0	0	0	0	1
'AHC'	0	0	1	0	0	0
'AIRCr'	0	0	0	1	0	0
'AKGDm'	0	0	0	0	0	1
'ALAt4'	1	0	0	0	0	0
'ALCD1'	0	0	0	1	0	0
'ALDD20xm'	0	0	0	0	1	0
'ALDD2x'	0	0	1	0	0	0
'ALDD2xm'	0	0	0	1	1	0
'ALDD2y'	0	0	0	1	0	0
'AMPDA'	0	0	0	1	0	0
'AMPTASECG'	0	0	1	0	0	0
'APAT2rm'	0	0	0	1	0	0
'APRTO2'	0	0	0	0	0	1
'ARACHCOAtx'	0	0	0	0	0	1
'ARGtD_b'	1	0	0	0	0	0
'ARGtD_f'	1	0	0	0	0	0
'ARSA'	0	0	0	1	0	1
'ARTFR208'	0	0	0	1	0	0
'ASPDt6'	0	0	0	0	1	0
'ASPt6'	0	0	0	0	1	0
'ATP2ter'	0	0	0	1	0	0
'ATPH1e'	0	0	0	0	0	1
'B3GALT41g'	0	0	1	0	0	0
'B3GALT42g'	0	0	1	0	0	0
'B3GALT43g'	0	0	1	0	0	0
'B3GALT44g'	0	0	1	0	0	0
'BALAtmr'	0	0	0	1	0	0
'BDHm'	0	0	0	0	0	1
'BGAL1e'	0	0	0	1	0	0
'BGAL1l'	0	0	0	1	0	0
'BGAL3l'	0	0	0	1	0	0
'BHBtm'	0	0	0	0	0	1
'BILIRUBt2'	0	0	0	1	0	0
'BILIVERDt'	0	0	0	0	0	1
'BPNT'	0	0	0	1	0	1
'C03990t'	0	0	0	1	0	0
'C04805td'	0	0	0	0	0	1
'C14768td'	0	0	0	1	0	1
'C14769td1'	0	0	0	1	0	1
'C14770ATP'	0	0	0	1	0	1
'C14771ATP'	0	0	0	1	0	1
'C14STRr'	0	0	0	0	0	1
'C160CPT2'	0	0	0	1	0	0
'C161CPT12'	0	0	0	1	0	1
'C161CPT22'	0	0	0	1	0	0
'C180CPT2'	0	0	0	1	0	0
'C204CPT1'	0	0	0	1	0	0
'C204CPT2'	0	0	0	1	0	0
'C226CPT1'	0	0	0	1	0	0
'C226CPT2'	0	0	0	1	0	0
'C3STDH1Pr'	0	0	0	0	0	1
'C3STDH1r'	0	0	0	0	0	1
'C3STKR2r'	0	0	0	0	0	1
'C4STMO1r'	0	0	0	0	0	1
'C4STMO2Pr'	0	0	0	0	0	1
'C4STMO2r'	0	0	0	0	0	1
'C80CPT1'	0	0	0	1	0	0
'CAPROICc'	0	0	0	1	0	0
'CARNtr'	0	0	0	1	0	0
'CAt7r_b'	0	0	0	0	1	0
'CAt7r_f'	0	0	0	0	1	0
'CATm'	0	0	0	1	0	1
'CATp'	0	0	0	1	0	1
'CE2049te'	0	0	0	1	0	1
'CE2445t'	0	0	0	0	0	1
'CE2510ABCt'	0	0	1	0	0	0
'CE2513td'	0	0	0	1	0	0
'CE2537ABCt'	0	0	1	0	0	0
'CE4877te'	0	0	0	1	0	0
'CE5304t'	0	0	0	1	0	0
'CE6247t'	0	0	0	0	0	1
'CE7081tr'	0	0	0	1	0	0
'CE7082ATP'	0	0	0	1	0	0
'CE7090te'	0	0	0	1	0	0
'CERT1rt'	0	0	0	1	0	0
'CHOLATEt_b'	0	0	1	0	0	0
'CHOLATEt_f'	0	0	1	0	0	0
'CHOLt4_b'	0	0	0	0	1	0
'CHOLt4_f'	0	0	0	0	1	0
'CHOLtu'	0	0	0	0	0	1
'CITt4_2_s'	0	0	0	0	0	1
'CITt4_4_b'	0	0	1	0	0	0
'CITt4_4_f'	0	0	1	0	0	0
'CLOXAtex2'	0	0	0	0	0	1
'CLPNDCPT1'	0	0	0	1	0	0
'CLPNDCPT2'	0	0	0	1	0	0
'CMPACNAtg'	0	0	0	1	0	0
'CO2ter'	0	0	0	0	0	1
'CORE2GTg'	0	0	0	1	0	0
'CORE3GTg'	0	0	0	1	0	0
'CORE4GTg'	0	0	0	1	0	0
'COt'	0	0	0	0	0	1
'CPPPGO'	0	0	0	0	0	1
'CRVNCtr'	0	0	0	1	0	0
'CRVSM1hr'	0	0	1	0	0	0
'CRVSM23hr'	0	0	1	0	0	0
'CYOOm2i'	0	0	0	0	0	1
'CYSO'	0	0	0	0	0	1
'CYSTA'	0	0	0	0	0	1
'D_3AIBt'	0	0	0	0	0	1
'D_LACtm'	0	0	0	1	0	0
'DAGK_hs'	0	0	1	0	1	0
'DCATDc_b'	0	0	1	0	0	0
'DCATDc_f'	0	0	1	0	0	0
'DCIm'	0	0	0	1	0	0
'DCSPTN1COAtx'	0	0	0	1	0	0
'DCSPTN1CPT1'	0	0	0	1	0	0
'DCSPTN1CPT2'	0	0	0	1	0	0
'DESAT14_9'	0	0	0	1	0	1
'DESAT16_2'	0	0	0	1	0	1
'DESAT18_10'	0	0	0	1	0	0
'DESAT18_4'	0	0	0	1	0	0
'DESAT18_5'	0	0	0	1	0	1
'DESAT18_6'	0	0	0	1	0	1
'DESAT18_7'	0	0	0	1	0	1
'DESAT18_8'	0	0	0	1	0	0
'DESAT18_9'	0	0	0	1	0	0
'DESAT20_1'	0	0	0	0	0	1
'DESAT20_2'	0	0	0	1	0	0
'DHCR243r'	0	0	0	0	0	1
'DHCR71r'	0	0	0	0	0	1
'DHEASt_b'	0	0	1	0	0	0
'DHEASt_f'	0	0	1	0	0	0
'DIGALSIDEtg'	0	0	0	1	0	0
'DIGALSIDEtl'	0	0	0	1	0	0
'DLNLCGCPT2'	0	0	0	1	0	0
'DM_mi14p[c]'	0	0	0	0	0	1
'DMATT'	0	0	0	0	0	1
'DOCO13EFATP'	0	0	1	0	0	0
'DOCOSACTDr'	0	0	0	1	0	0
'DPMVDc'	0	0	0	0	0	1
'DPMVDx'	0	0	0	0	0	1
'DURIK1'	1	0	0	0	0	0
'EBP1r'	0	0	0	0	0	1
'ECOAH1m'	0	0	0	1	0	0
'ECOAH1x'	0	0	0	1	0	1
'EIC21114TRc'	0	0	0	1	0	0
'EIC21114TRte'	0	0	0	1	0	0
'EICOSTETCPT1'	0	0	0	0	0	1
'EICOSTETCPT2'	0	0	0	0	0	1
'ELAIDCPT1'	0	0	0	1	0	0
'ELAIDCPT2'	0	0	0	1	0	0
'ELAIDt_b'	0	0	1	0	0	0
'ELAIDt_f'	0	0	1	0	0	0
'ESTRONESt_b'	0	0	1	0	0	0
'ESTRONESt_f'	0	0	1	0	0	0
'EX_2m3hbu[e]'	0	0	0	0	0	1
'EX_2m3hvac[e]'	0	0	0	0	0	1
'EX_3aib_D[e]'	0	0	0	0	0	1
'EX_3aib[e]'	0	0	0	0	0	1
'EX_3h3mglt[e]'	0	0	0	0	0	1
'EX_3hpp[e]'	0	0	0	1	0	0
'EX_3mglutac[e]'	0	0	0	0	0	1
'EX_4aabutn[e]'	0	0	0	0	0	1
'EX_5eipenc[e]'	0	0	0	1	0	0
'EX_ac[e]'	0	0	0	0	0	1
'EX_acac[e]'	0	0	0	0	0	1
'EX_acald[e]'	0	0	0	1	0	0
'EX_acetone[e]'	0	0	0	0	0	1
'EX_acnam[e]'	0	0	0	1	0	0
'EX_adrn[e]'	0	0	0	1	0	0
'EX_ala_B[e]'	0	0	0	1	0	0
'EX_arach[e]'	0	0	0	1	0	0
'EX_arachd[e]'	0	0	0	1	0	0
'EX_bhb[e]'	0	0	0	0	0	1
'EX_biliverd[e]'	0	0	0	0	0	1
'EX_C04805[e]'	0	0	0	0	0	1
'EX_C14768[e]'	0	0	0	1	0	1
'EX_C14769[e]'	0	0	0	1	0	1
'EX_C14770[e]'	0	0	0	1	0	1
'EX_C14771[e]'	0	0	0	1	0	1
'EX_caproic[e]'	0	0	0	1	0	0
'EX_carn[e]'	0	0	0	1	0	0
'EX_CE2049[e]'	0	0	0	1	0	1
'EX_CE2445[e]'	0	0	0	0	0	1
'EX_CE4877[e]'	0	0	0	1	0	0
'EX_CE5304[e]'	0	0	0	1	0	0
'EX_CE6247[e]'	0	0	0	0	0	1
'EX_CE7082[e]'	0	0	0	1	0	0
'EX_CE7090[e]'	0	0	0	1	0	0
'EX_chol[e]'	0	0	0	0	0	1
'EX_cit[e]'	0	0	0	1	0	0
'EX_cit[s]'	0	0	0	0	0	1
'EX_clpnd[e]'	0	0	0	1	0	0
'EX_co[e]'	0	0	0	0	0	1
'EX_dcsptn1[e]'	0	0	0	1	0	0
'EX_dlnlcg[e]'	0	0	0	1	0	1
'EX_doco13ac[e]'	0	0	0	1	0	0
'EX_eic21114tr[e]'	0	0	0	1	0	0
'EX_eicostet[e]'	0	0	0	1	0	0
'EX_elaid[e]'	0	0	0	1	0	0
'EX_glcn[e]'	0	0	0	1	0	0
'EX_glu_L[e]'	0	0	0	1	0	1
'EX_glyc_R[e]'	0	0	0	0	0	1
'EX_glyclt[e]'	0	0	0	0	0	1
'EX_h2o2[e]'	0	0	0	0	0	1
'EX_HC02180[e]'	0	0	0	1	0	0
'EX_HC02187[e]'	0	0	0	1	0	0
'EX_HC02192[e]'	0	0	0	1	0	0
'EX_HC02193[e]'	0	0	0	1	0	0
'EX_HC02197[e]'	0	0	0	1	0	0
'EX_HC02198[e]'	0	0	0	1	0	0
'EX_HC02202[e]'	0	0	0	1	0	1
'EX_HC02203[e]'	0	0	0	1	0	0
'EX_HC02204[e]'	0	0	0	1	0	1
'EX_HC02205[e]'	0	0	0	1	0	0
'EX_HC02207[e]'	0	0	0	1	0	0
'EX_HC02213[e]'	0	0	0	1	0	1
'EX_hdca[e]'	0	0	0	1	0	0
'EX_hdcea[e]'	0	0	0	1	0	1
'EX_hexdtr[e]'	0	0	0	1	0	0
'EX_hpdca[e]'	0	0	0	1	0	0
'EX_hpdece[e]'	0	0	0	1	0	0
'EX_hxa[e]'	0	0	0	1	0	0
'EX_i[e]'	0	0	0	1	0	1
'EX_inost[e]'	0	0	0	0	0	1
'EX_lneldc[e]'	0	0	0	1	0	0
'EX_lnlc[e]'	0	0	0	1	0	0
'EX_lnlnca[e]'	0	0	0	1	0	0
'EX_lthstrl[e]'	0	0	0	0	0	1
'EX_M00117[e]'	0	0	0	1	0	1
'EX_M01197[e]'	0	0	0	1	0	0
'EX_M02053[e]'	0	0	0	1	0	0
'EX_M02613[e]'	0	0	0	1	0	0
'EX_M02745[e]'	0	0	0	1	0	0
'EX_mev_R[e]'	0	0	0	0	0	1
'EX_ocdca[e]'	0	0	0	1	0	0
'EX_ocdcea[e]'	0	0	0	1	0	0
'EX_oxa[e]'	0	0	0	0	0	1
'EX_pailar_hs[e]'	0	0	0	0	0	1
'EX_pailpalm_hs[e]'	0	0	0	0	0	1
'EX_ppa[e]'	0	0	0	0	0	1
'EX_ppiogly[e]'	0	0	0	0	0	1
'EX_prostgd2[e]'	0	0	0	1	0	0
'EX_prostge1[e]'	0	0	0	1	0	1
'EX_prostge2[e]'	0	0	0	1	0	0
'EX_prostgh2[e]'	0	0	0	1	0	0
'EX_ptdca[e]'	0	0	0	1	0	0
'EX_sfcys[e]'	0	0	0	0	0	1
'EX_so3[e]'	0	0	0	0	0	1
'EX_so4[e]'	0	0	0	1	0	1
'EX_sphgn[e]'	0	0	0	1	0	0
'EX_strdnc[e]'	0	0	0	1	0	0
'EX_taur[e]'	0	0	0	0	0	1
'EX_tdchola[e]'	0	0	0	1	0	0
'EX_thexdd[e]'	0	0	0	1	0	0
'EX_thyox_L[e]'	0	0	0	1	0	1
'EX_tmndnc[e]'	0	0	0	1	0	0
'EX_triodthy[e]'	0	0	0	1	0	0
'EX_tsul[e]'	0	0	0	0	0	1
'EX_ttdca[e]'	0	0	0	1	0	0
'EX_ttdcea[e]'	0	0	0	1	0	0
'EX_txa2[e]'	0	0	0	1	0	0
'EX_vacc[e]'	0	0	0	1	0	0
'EX_xolest_hs[e]'	0	0	0	1	0	0
'FADH2tru'	0	0	0	0	0	1
'FADtru'	0	0	0	0	0	1
'FAOXC101C102m'	0	0	1	0	0	0
'FAOXC101C102x'	0	0	0	1	0	1
'FAOXC101x'	0	0	0	1	0	1
'FAOXC102C101m'	0	0	0	1	0	0
'FAOXC102C103m'	0	0	1	0	0	0
'FAOXC102C103x'	0	0	0	1	0	1
'FAOXC102C81m'	0	0	0	1	0	0
'FAOXC102C81x'	0	0	0	1	0	1
'FAOXC102m'	0	0	0	1	0	0
'FAOXC102x'	0	0	0	1	0	1
'FAOXC103C102m'	0	0	0	1	0	0
'FAOXC103C102x'	0	0	0	1	0	1
'FAOXC10C10OHm'	0	0	0	1	0	0
'FAOXC10C8x'	0	0	0	1	0	1
'FAOXC11'	0	0	1	0	0	0
'FAOXC11C9m'	0	0	0	1	0	0
'FAOXC121C101m'	0	0	0	1	0	1
'FAOXC122x'	0	0	0	1	0	0
'FAOXC123C102m'	0	0	0	1	0	0
'FAOXC123C102x'	0	0	0	1	0	1
'FAOXC123m'	0	0	0	1	0	0
'FAOXC123x'	0	0	0	1	0	1
'FAOXC12C10m'	0	0	0	1	0	0
'FAOXC12C12OHm'	0	0	0	1	0	0
'FAOXC13C11m'	0	0	0	1	0	0
'FAOXC140'	0	0	1	0	1	0
'FAOXC141C121m'	0	0	0	1	0	1
'FAOXC142C122x'	0	0	0	1	0	0
'FAOXC143C123m'	0	0	0	1	0	0
'FAOXC143C123x'	0	0	0	1	0	1
'FAOXC14C12m'	0	0	0	1	0	0
'FAOXC14C14OHm'	0	0	0	1	0	0
'FAOXC150m'	0	0	1	0	1	0
'FAOXC15C13m'	0	0	0	1	0	0
'FAOXC160'	0	0	1	0	1	0
'FAOXC16080m'	0	0	1	0	1	0
'FAOXC161802m'	0	0	1	0	1	0
'FAOXC16180m'	0	0	1	0	1	0
'FAOXC161C141m'	0	0	0	1	0	1
'FAOXC163C142x'	0	0	0	1	0	0
'FAOXC163C143m'	0	0	0	1	0	0
'FAOXC163C164Gm'	0	0	0	1	0	0
'FAOXC163C164x'	0	0	0	1	0	0
'FAOXC163GC142m'	0	0	0	1	0	0
'FAOXC163Gm'	0	0	0	1	0	0
'FAOXC163x'	0	0	0	1	0	0
'FAOXC164C143m'	0	0	0	1	0	0
'FAOXC164C143x'	0	0	0	1	0	1
'FAOXC164C163x'	0	0	0	1	0	0
'FAOXC164C165m'	0	0	0	1	0	0
'FAOXC164C165x'	0	0	0	1	0	1
'FAOXC164GC163m'	0	0	0	1	0	0
'FAOXC164m'	0	0	0	1	0	0
'FAOXC164x'	0	0	0	1	0	1
'FAOXC165C164m'	0	0	0	1	0	0
'FAOXC165C164x'	0	0	0	1	0	1
'FAOXC16BRx'	0	0	1	0	0	0
'FAOXC16C14m'	0	0	0	1	0	0
'FAOXC170m'	0	0	1	0	0	0
'FAOXC17C15m'	0	0	0	1	0	0
'FAOXC180'	0	0	1	0	1	0
'FAOXC1811601m'	0	0	1	0	1	0
'FAOXC1811602m'	0	0	1	0	1	0
'FAOXC1811603m'	0	0	1	0	1	0
'FAOXC181C161m'	0	0	0	1	0	0
'FAOXC182806m'	0	0	1	0	1	0
'FAOXC18280m'	0	0	1	0	1	0
'FAOXC183803m'	0	0	1	0	1	0
'FAOXC183806m'	0	0	1	0	1	0
'FAOXC183C163Gm'	0	0	0	1	0	0
'FAOXC183C163m'	0	0	0	1	0	0
'FAOXC18480m'	0	0	1	0	1	0
'FAOXC184C163m'	0	0	0	1	0	0
'FAOXC184C163x'	0	0	0	1	0	0
'FAOXC184C164m'	0	0	0	1	0	0
'FAOXC184C164x'	0	0	0	1	0	1
'FAOXC184m'	0	0	0	1	0	0
'FAOXC184x'	0	0	0	1	0	0
'FAOXC185C164m'	0	0	0	1	0	0
'FAOXC185m'	0	0	0	1	0	0
'FAOXC200180m'	0	0	1	0	1	0
'FAOXC200180x'	0	0	0	0	0	1
'FAOXC2031836m'	0	0	1	0	1	0
'FAOXC204'	0	0	1	0	1	0
'FAOXC204184m'	0	0	1	0	1	0
'FAOXC204C184m'	0	0	0	1	0	0
'FAOXC204C205x'	0	0	0	1	0	0
'FAOXC2051843m'	0	0	1	0	1	0
'FAOXC2051843x'	0	0	0	1	0	1
'FAOXC205C184x'	0	0	0	1	0	0
'FAOXC205C185m'	0	0	0	1	0	0
'FAOXC2242046m'	0	0	1	0	1	0
'FAOXC2251836m'	0	0	1	0	1	0
'FAOXC2251836x'	0	0	0	1	0	0
'FAOXC2252053m'	0	0	1	0	1	0
'FAOXC225C204m'	0	0	0	1	0	0
'FAOXC225C204x'	0	0	0	1	0	0
'FAOXC225C226m'	0	0	0	1	0	0
'FAOXC225C226x'	0	0	0	1	0	0
'FAOXC225m'	0	0	0	1	0	0
'FAOXC225x'	0	0	0	1	0	0
'FAOXC226'	0	0	1	0	1	0
'FAOXC226205m'	0	0	1	0	1	0
'FAOXC226C205m'	0	0	0	1	0	0
'FAOXC226C225m'	0	0	0	1	0	0
'FAOXC226C225x'	0	0	0	1	0	0
'FAOXC226C227m'	0	0	0	1	0	0
'FAOXC226m'	0	0	0	1	0	0
'FAOXC227C226m'	0	0	0	1	0	0
'FAOXC5C3x'	0	0	0	1	0	0
'FAOXC61C4m'	0	0	0	1	0	0
'FAOXC61m'	0	0	0	1	0	0
'FAOXC61x'	0	0	0	1	0	1
'FAOXC7C5m'	0	0	0	1	0	0
'FAOXC80'	0	0	1	0	1	0
'FAOXC81C61m'	0	0	0	1	0	0
'FAOXC81C61x'	0	0	0	1	0	1
'FAOXC9C7m'	0	0	0	1	0	0
'FAOXTC101TC102m'	0	0	1	0	0	0
'FAOXTC102C101m'	0	0	0	1	0	0
'FAOXTC122m'	0	0	0	1	0	0
'FAOXTC122TC101m'	0	0	0	1	0	0
'FAOXTC142TC122m'	0	0	0	1	0	0
'FAOXTC162TC142m'	0	0	0	1	0	0
'FAOXTC182TC162m'	0	0	0	1	0	0
'FATP6t_b'	0	0	1	0	0	0
'FATP6t_f'	0	0	1	0	0	0
'FATP7t_b'	0	0	1	0	0	0
'FATP7t_f'	0	0	1	0	0	0
'FATP8t_b'	0	0	1	0	0	0
'FATP8t_f'	0	0	1	0	0	0
'FATP9t_b'	0	0	1	0	0	0
'FATP9t_f'	0	0	1	0	0	0
'FBA'	0	0	0	0	0	1
'FBA2'	0	0	0	0	0	1
'FCLTm'	0	0	0	0	0	1
'FOAXC122C101x'	0	0	0	1	0	0
'FOLOAT2tc_b'	0	0	1	0	0	0
'FOLOAT2tc_f'	0	0	1	0	0	0
'FOLOATPtc_b'	0	0	1	0	0	0
'FOLOATPtc_f'	0	0	1	0	0	0
'FORtr'	0	0	0	0	0	1
'FPGS2m'	0	0	0	0	0	1
'FPGS3'	0	0	0	0	0	1
'FPGSm'	0	0	0	0	0	1
'FTHFDH'	0	0	0	0	0	1
'G14T18g'	0	0	0	1	0	0
'G14T19g'	0	0	0	1	0	0
'G14T20g'	0	0	0	1	0	0
'G14T21g'	0	0	0	1	0	0
'G14T2g'	0	0	0	1	0	0
'G14T3g'	0	0	0	1	0	0
'G14T4g'	0	0	0	1	0	0
'G14T5g'	0	0	0	1	0	0
'G6PDH1rer_b'	0	0	1	0	0	0
'G6PDH1rer_f'	0	0	1	0	0	0
'G6PDH2rer_b'	0	0	1	0	0	0
'G6PDH2rer_f'	0	0	1	0	0	0
'G6Pter'	0	0	0	1	0	0
'GAL3ST11'	0	0	0	1	0	1
'GALASE16ly'	0	0	0	1	0	0
'GALASE17ly'	0	0	0	1	0	0
'GALASE18ly'	0	0	0	1	0	0
'GALASE19ly'	0	0	0	1	0	0
'GALASE20ly'	0	0	0	1	0	0
'GALGLUSIDEtg'	0	0	0	1	0	0
'GALGLUSIDEtl'	0	0	0	1	0	0
'GALGT1'	0	0	1	0	0	0
'GALGT2'	0	0	1	0	0	0
'GALGT3'	0	0	1	0	0	0
'GALGT4'	0	0	1	0	0	0
'GALNTg'	0	0	0	1	1	0
'GALt1r_b'	0	0	0	0	1	0
'GALt1r_f'	0	0	0	0	1	0
'GAPD'	0	0	0	0	0	1
'GARFT'	0	0	0	1	0	0
'GCALDD'	0	0	1	0	0	0
'GCALDDm'	0	0	0	0	1	0
'GCHOLAt_b'	0	0	1	0	0	0
'GCHOLAt_f'	0	0	1	0	0	0
'GCHOLAte'	0	0	0	1	0	0
'GD1Atg'	0	0	0	1	0	0
'GD1Btl'	0	0	0	1	0	0
'GD3tlc'	0	0	0	1	0	0
'GF6PTA'	0	0	0	1	0	0
'GLACO'	0	0	1	0	0	0
'GLAl'	0	0	0	1	0	0
'GLCAASE1ly'	0	0	1	0	0	0
'GLCAASE4ly'	0	0	1	0	0	0
'GLCAASE5ly'	0	0	1	0	0	0
'GLCAASE6ly'	0	0	1	0	0	0
'GLCAASE7ly'	0	0	1	0	0	0
'GLCAASE8ly'	0	0	1	0	0	0
'GLCAASE9ly'	0	0	1	0	0	0
'GLCNte'	0	0	0	1	0	0
'GLCt1r_b'	0	0	0	0	1	0
'GLCt1r_f'	0	0	0	0	1	0
'GLUDC'	0	0	0	0	1	0
'GLUPRT'	0	0	0	1	0	0
'GLUt6_s'	0	0	0	0	1	0
'GLUt6'	0	0	0	1	1	0
'GLXO1'	0	0	0	0	0	1
'GLXtm'	0	0	0	0	0	1
'GLXtp'	0	0	0	0	0	1
'GLYC_Rt'	0	0	0	0	0	1
'GLYCLTtd'	0	0	0	0	0	1
'GLYCLTtm'	0	0	0	0	0	1
'GLYCLTtp'	0	0	0	0	0	1
'GLYCTO1p'	0	0	0	0	0	1
'GLYOX'	0	0	0	1	0	0
'GLYOXm'	0	0	0	1	0	0
'GLYtp'	0	0	0	0	0	1
'GPIDA2er'	0	0	0	0	1	0
'GPIDAer'	0	0	0	0	1	0
'GRTT'	0	0	0	0	0	1
'GTHP'	0	0	0	1	1	0
'GTHPm'	0	0	0	1	1	0
'GUACYC'	0	0	1	0	1	0
'GUAPRT'	0	0	1	0	0	0
'H2O2t'	0	0	0	0	0	1
'H2O2tm'	0	0	0	0	0	1
'H2O2tp'	0	0	0	0	0	1
'H2Ot'	0	0	0	0	1	0
'HACD1m'	0	0	0	1	0	0
'HACD1x'	0	0	0	1	0	1
'HACD9m'	0	0	0	0	0	1
'HC00900t2'	0	0	0	1	0	0
'HCO3_CLt'	0	0	0	0	1	0
'HDCEAtr_b'	0	0	1	0	0	0
'HDCEAtr_f'	0	0	1	0	0	0
'HEXA2l'	0	0	0	1	0	0
'HEXCOAACBP'	0	0	0	1	0	0
'HEXDTRm'	0	0	0	1	0	0
'HEXDTRte'	0	0	0	1	0	0
'HEXDTRtm'	0	0	0	1	0	0
'HISTAtu'	0	0	0	1	0	0
'HMBS'	0	0	0	0	0	1
'HMR_0003'	0	0	1	0	0	0
'HMR_0167'	0	0	0	1	0	0
'HMR_0188'	0	0	1	0	0	0
'HMR_0189'	0	0	0	1	0	0
'HMR_0192'	0	0	1	0	0	0
'HMR_0200'	0	0	1	0	0	0
'HMR_0204'	0	0	1	0	0	0
'HMR_0209'	0	0	1	0	0	0
'HMR_0210'	0	0	0	1	0	0
'HMR_0215'	0	0	0	1	0	0
'HMR_0233'	0	0	1	0	0	0
'HMR_0241'	0	0	1	0	0	0
'HMR_0245'	0	0	1	0	0	0
'HMR_0255'	0	0	1	0	0	0
'HMR_0259'	0	0	1	0	0	0
'HMR_0267'	0	0	1	0	0	0
'HMR_0271'	0	0	1	0	0	0
'HMR_0276'	0	0	0	1	0	0
'HMR_0279'	0	0	1	0	0	0
'HMR_0289'	0	0	1	0	0	0
'HMR_0293'	0	0	1	0	0	0
'HMR_0297'	0	0	1	0	0	0
'HMR_0301'	0	0	1	0	0	0
'HMR_0302'	0	0	0	1	0	0
'HMR_0305'	0	0	1	0	0	0
'HMR_0309'	0	0	1	0	0	0
'HMR_0319'	0	0	1	0	0	0
'HMR_0323'	0	0	1	0	0	0
'HMR_0327'	0	0	1	0	0	0
'HMR_0345'	0	0	1	0	0	0
'HMR_0358'	0	0	0	1	0	0
'HMR_0359'	0	0	0	1	0	0
'HMR_0366'	0	0	0	1	0	0
'HMR_0367'	0	0	0	1	0	0
'HMR_0378'	0	0	0	1	0	0
'HMR_0381'	0	0	1	0	0	0
'HMR_0382'	0	0	0	1	0	0
'HMR_0385'	0	0	1	0	0	0
'HMR_0389'	0	0	1	0	0	0
'HMR_0390'	0	0	0	1	0	0
'HMR_0393'	0	0	1	0	0	0
'HMR_0414'	0	0	0	1	0	0
'HMR_0429'	0	0	1	0	0	0
'HMR_0433'	0	0	1	0	0	0
'HMR_0437'	0	0	1	0	0	0
'HMR_0438'	0	0	0	1	0	0
'HMR_0482'	0	0	0	0	0	1
'HMR_0672'	0	0	1	0	0	0
'HMR_0753_b'	0	0	1	0	0	0
'HMR_0753_f'	0	0	1	0	0	0
'HMR_0765'	0	0	1	0	1	0
'HMR_0815'	0	0	1	0	0	0
'HMR_0819'	0	0	0	1	0	0
'HMR_0821'	0	0	0	1	0	0
'HMR_0824'	0	0	0	1	0	0
'HMR_0827'	0	0	1	0	0	0
'HMR_0828'	0	0	0	1	0	0
'HMR_0831'	0	0	0	1	0	0
'HMR_0835'	0	0	0	1	0	0
'HMR_0836'	0	0	0	1	0	0
'HMR_0841'	0	0	0	1	0	0
'HMR_0842'	0	0	1	0	0	0
'HMR_0843'	0	0	1	0	0	0
'HMR_0942'	0	0	1	0	0	1
'HMR_0946'	0	0	1	0	0	1
'HMR_0950'	0	0	1	0	0	1
'HMR_0954'	0	0	1	0	0	1
'HMR_0960'	0	0	0	0	1	0
'HMR_0962'	0	0	0	0	0	1
'HMR_0963'	0	0	0	0	1	0
'HMR_0979'	0	0	0	0	0	1
'HMR_0980'	0	0	0	0	0	1
'HMR_0981'	0	0	0	0	0	1
'HMR_1127'	0	0	0	0	0	1
'HMR_1243'	0	0	0	0	0	1
'HMR_1284'	0	0	0	0	0	1
'HMR_1305'	0	0	0	0	1	0
'HMR_1307'	0	0	0	0	1	0
'HMR_1332'	0	0	0	1	0	0
'HMR_1390'	0	0	0	1	1	0
'HMR_1392_b'	0	0	0	0	1	0
'HMR_1392_f'	0	0	0	0	1	0
'HMR_1392'	0	0	0	1	0	0
'HMR_1465'	0	0	0	1	0	1
'HMR_1467'	0	0	0	1	0	1
'HMR_1470'	0	0	0	1	0	1
'HMR_1473'	0	0	0	1	0	1
'HMR_1484'	0	0	0	1	0	1
'HMR_1490'	0	0	0	1	0	1
'HMR_1493'	0	0	0	1	0	1
'HMR_1494'	0	0	0	1	0	1
'HMR_1495'	0	0	0	1	0	1
'HMR_1496'	0	0	0	1	0	1
'HMR_1500'	0	0	0	1	0	1
'HMR_1502'	0	0	0	1	0	1
'HMR_1503'	0	0	0	1	0	1
'HMR_1504'	0	0	0	1	0	1
'HMR_1505'	0	0	0	1	0	1
'HMR_1509'	0	0	0	1	0	1
'HMR_1512'	0	0	0	1	0	1
'HMR_1516'	0	0	0	1	0	1
'HMR_1526'	0	0	0	1	0	1
'HMR_1536'	0	0	0	1	0	1
'HMR_1538'	0	0	0	1	0	1
'HMR_1539'	0	0	0	1	0	1
'HMR_1540'	0	0	0	1	0	1
'HMR_1543'	0	0	0	1	0	1
'HMR_1544'	0	0	0	1	0	1
'HMR_1545'	0	0	0	1	0	1
'HMR_1546'	0	0	0	1	0	1
'HMR_1547'	0	0	0	1	0	1
'HMR_1548'	0	0	0	1	0	1
'HMR_1549'	0	0	0	1	0	1
'HMR_1550'	0	0	0	1	0	1
'HMR_1551'	0	0	0	1	0	1
'HMR_1552'	0	0	0	1	0	1
'HMR_1620_b'	0	0	1	0	0	0
'HMR_1620_f'	0	0	1	0	0	0
'HMR_1623'	0	0	0	1	0	0
'HMR_1627'	0	0	1	0	0	0
'HMR_1665'	0	0	1	0	0	0
'HMR_1666'	0	0	1	0	0	0
'HMR_1706'	0	0	0	1	0	1
'HMR_1754'	0	0	1	0	0	0
'HMR_1756'	0	0	1	0	0	0
'HMR_1807'	0	0	0	1	0	1
'HMR_2029'	0	0	1	0	0	0
'HMR_2218'	0	0	1	0	0	0
'HMR_2259'	0	0	0	1	0	0
'HMR_2260'	0	0	0	1	0	0
'HMR_2261'	0	0	1	0	0	0
'HMR_2262'	0	0	0	1	0	0
'HMR_2263'	0	0	0	1	0	0
'HMR_2264'	0	0	0	1	0	0
'HMR_2265'	0	0	1	0	0	0
'HMR_2266'	0	0	0	1	0	0
'HMR_2269'	0	0	1	0	0	0
'HMR_2281'	0	0	0	1	0	1
'HMR_2282'	0	0	0	1	0	1
'HMR_2284'	0	0	0	1	0	1
'HMR_2286'	0	0	0	1	0	1
'HMR_2287'	0	0	0	1	0	1
'HMR_2288'	0	0	0	1	0	1
'HMR_2289'	0	0	0	1	0	1
'HMR_2293'	0	0	0	1	0	0
'HMR_2294'	0	0	0	1	0	0
'HMR_2295'	0	0	0	1	0	1
'HMR_2336'	0	0	1	0	0	0
'HMR_2342'	0	0	0	1	0	0
'HMR_2343'	0	0	0	1	0	0
'HMR_2344'	0	0	1	0	0	0
'HMR_2345'	0	0	0	1	0	0
'HMR_2347'	0	0	0	1	0	0
'HMR_2348'	0	0	0	1	0	0
'HMR_2349'	0	0	1	0	0	0
'HMR_2350'	0	0	0	1	0	0
'HMR_2353'	0	0	0	1	0	0
'HMR_2354'	0	0	0	1	0	0
'HMR_2355'	0	0	1	0	0	0
'HMR_2356'	0	0	0	1	0	0
'HMR_2359'	0	0	0	1	0	1
'HMR_2361'	0	0	0	1	0	0
'HMR_2362'	0	0	0	1	0	0
'HMR_2363'	0	0	1	0	0	0
'HMR_2364'	0	0	0	1	0	0
'HMR_2365'	0	0	0	1	0	1
'HMR_2368'	0	0	0	1	0	0
'HMR_2380'	0	0	0	0	0	1
'HMR_2433'	0	0	0	1	0	0
'HMR_2434'	0	0	0	1	0	0
'HMR_2435'	0	0	1	0	0	0
'HMR_2436'	0	0	0	1	0	0
'HMR_2457'	0	0	1	0	0	1
'HMR_2472'	0	0	0	1	0	0
'HMR_2484'	0	0	0	1	0	0
'HMR_2530'	0	0	0	1	0	0
'HMR_2533'	0	0	0	1	0	0
'HMR_2535'	0	0	1	0	0	0
'HMR_2537'	0	0	0	1	0	0
'HMR_2540'	0	0	0	1	0	0
'HMR_2541'	0	0	0	1	0	0
'HMR_2542'	0	0	1	0	0	0
'HMR_2543'	0	0	0	1	0	0
'HMR_2558'	0	0	0	1	0	0
'HMR_2560'	0	0	0	1	0	0
'HMR_2571'	0	0	0	1	0	0
'HMR_2581'	0	0	0	1	1	0
'HMR_2585'	0	0	0	1	1	0
'HMR_2611'	0	0	0	1	0	0
'HMR_2613'	0	0	0	1	0	0
'HMR_2620'	0	0	0	1	0	0
'HMR_2621'	0	0	0	1	0	0
'HMR_2622'	0	0	0	1	0	0
'HMR_2633'	0	0	0	1	0	0
'HMR_2634'	0	0	0	1	0	0
'HMR_2635'	0	0	0	1	0	0
'HMR_2648'	0	0	0	1	0	1
'HMR_2649'	0	0	0	1	0	1
'HMR_2650'	0	0	0	1	0	1
'HMR_2651'	0	0	0	1	0	1
'HMR_2652'	0	0	0	1	0	1
'HMR_2653'	0	0	0	1	0	1
'HMR_2659'	0	0	0	1	0	0
'HMR_2666'	0	0	0	1	0	0
'HMR_2668'	0	0	0	1	0	0
'HMR_2669'	0	0	0	1	0	0
'HMR_2670'	0	0	0	1	0	0
'HMR_2671'	0	0	0	1	0	0
'HMR_2675'	0	0	0	1	0	0
'HMR_2676'	0	0	0	1	0	0
'HMR_2677'	0	0	0	1	0	0
'HMR_2681'	0	0	0	1	0	0
'HMR_2682'	0	0	0	1	0	0
'HMR_2683'	0	0	0	1	0	0
'HMR_2687'	0	0	0	1	0	0
'HMR_2688'	0	0	0	1	0	0
'HMR_2689'	0	0	0	1	0	0
'HMR_2690'	0	0	0	1	0	0
'HMR_2691'	0	0	0	1	0	0
'HMR_2692'	0	0	0	1	0	0
'HMR_2693'	0	0	0	1	0	1
'HMR_2695'	0	0	0	1	0	1
'HMR_2697'	0	0	0	1	0	1
'HMR_2699'	0	0	0	1	0	0
'HMR_2700'	0	0	0	1	0	0
'HMR_2701'	0	0	0	1	0	0
'HMR_2702'	0	0	0	1	0	0
'HMR_2705'	0	0	0	1	0	0
'HMR_2706'	0	0	0	1	0	0
'HMR_2707'	0	0	0	1	0	0
'HMR_2708'	0	0	0	1	0	0
'HMR_2709'	0	0	0	1	0	0
'HMR_2710'	0	0	0	1	0	0
'HMR_2736'	0	0	0	1	0	0
'HMR_2737'	0	0	0	1	0	0
'HMR_2738'	0	0	0	1	0	0
'HMR_2744'	0	0	0	1	0	0
'HMR_2768'	0	0	0	1	0	0
'HMR_2769'	0	0	0	1	0	0
'HMR_2770'	0	0	0	1	0	0
'HMR_2771'	0	0	0	1	0	0
'HMR_2772'	0	0	0	1	0	0
'HMR_2773'	0	0	0	1	0	0
'HMR_2817'	0	0	0	1	0	0
'HMR_2819'	0	0	0	1	0	0
'HMR_2851'	0	0	0	1	0	0
'HMR_2852'	0	0	0	1	0	0
'HMR_2861'	0	0	0	1	0	0
'HMR_2862'	0	0	0	1	0	0
'HMR_2942'	0	0	1	0	0	0
'HMR_2943'	0	0	1	0	0	0
'HMR_2944'	0	0	1	0	0	0
'HMR_2945'	0	0	1	0	0	0
'HMR_2946'	0	0	1	0	0	0
'HMR_2947'	0	0	1	0	0	0
'HMR_2948'	0	0	1	0	0	0
'HMR_2951'	0	0	1	0	0	0
'HMR_2954'	0	0	1	0	0	0
'HMR_2955'	0	0	1	0	0	0
'HMR_2956'	0	0	1	0	0	0
'HMR_2957'	0	0	1	0	0	0
'HMR_2961'	0	0	1	0	0	0
'HMR_2962'	0	0	1	0	0	0
'HMR_2963'	0	0	1	0	0	0
'HMR_2964'	0	0	1	0	0	0
'HMR_2965'	0	0	1	0	0	0
'HMR_2966'	0	0	1	0	0	0
'HMR_2967'	0	0	1	0	0	0
'HMR_2968'	0	0	1	0	0	0
'HMR_2969'	0	0	1	0	0	0
'HMR_2970'	0	0	1	0	0	0
'HMR_2971'	0	0	1	0	0	0
'HMR_2972'	0	0	1	0	0	0
'HMR_2973'	0	0	1	0	0	0
'HMR_2974'	0	0	1	0	0	0
'HMR_2975'	0	0	1	0	0	0
'HMR_2976'	0	0	1	0	0	0
'HMR_2977'	0	0	1	0	0	0
'HMR_2978'	0	0	1	0	0	0
'HMR_2979'	0	0	1	0	0	0
'HMR_2980'	0	0	1	0	0	0
'HMR_2982'	0	0	1	0	0	0
'HMR_2983'	0	0	1	0	0	0
'HMR_2985'	0	0	1	0	0	0
'HMR_2986'	0	0	1	0	0	0
'HMR_2988'	0	0	1	0	0	0
'HMR_2989'	0	0	1	0	0	0
'HMR_2990'	0	0	1	0	0	0
'HMR_2994'	0	0	1	0	0	0
'HMR_2998'	0	0	1	0	0	0
'HMR_2999'	0	0	1	0	0	0
'HMR_3001'	0	0	1	0	0	0
'HMR_3002'	0	0	1	0	0	0
'HMR_3003'	0	0	1	0	0	0
'HMR_3023'	0	0	1	0	0	0
'HMR_3070'	0	0	0	0	0	1
'HMR_3071'	0	0	0	0	0	1
'HMR_3072'	0	0	0	0	0	1
'HMR_3073'	0	0	0	0	0	1
'HMR_3074'	0	0	0	1	0	0
'HMR_3075'	0	0	0	1	0	0
'HMR_3076'	0	0	0	1	0	0
'HMR_3094'	0	0	0	1	0	1
'HMR_3095'	0	0	0	1	0	1
'HMR_3096'	0	0	0	1	0	1
'HMR_3097'	0	0	0	1	0	1
'HMR_3098'	0	0	0	1	0	1
'HMR_3099'	0	0	0	1	0	1
'HMR_3100'	0	0	0	1	0	1
'HMR_3101'	0	0	0	1	0	1
'HMR_3102'	0	0	0	1	0	1
'HMR_3107'	0	0	1	0	0	0
'HMR_3111'	0	0	1	0	0	0
'HMR_3115'	0	0	1	0	0	0
'HMR_3116'	0	0	0	1	0	0
'HMR_3117'	0	0	0	1	0	0
'HMR_3118'	0	0	0	1	0	0
'HMR_3121'	0	0	1	0	0	0
'HMR_3128'	0	0	1	0	0	0
'HMR_3135'	0	0	1	0	0	0
'HMR_3142'	0	0	1	0	0	0
'HMR_3149'	0	0	1	0	0	0
'HMR_3170'	0	0	1	0	0	0
'HMR_3171'	0	0	0	1	0	0
'HMR_3172'	0	0	0	1	0	0
'HMR_3173'	0	0	0	1	0	0
'HMR_3174'	0	0	1	0	0	0
'HMR_3175'	0	0	0	1	0	0
'HMR_3176'	0	0	0	1	0	0
'HMR_3177'	0	0	0	1	0	0
'HMR_3178'	0	0	1	0	0	0
'HMR_3179'	0	0	0	1	0	0
'HMR_3180'	0	0	0	1	0	0
'HMR_3181'	0	0	0	1	0	0
'HMR_3182'	0	0	1	0	0	0
'HMR_3183'	0	0	0	1	0	0
'HMR_3184'	0	0	0	1	0	0
'HMR_3185'	0	0	0	1	0	0
'HMR_3186'	0	0	1	0	0	0
'HMR_3187'	0	0	0	1	0	0
'HMR_3188'	0	0	0	1	0	0
'HMR_3189'	0	0	0	1	0	0
'HMR_3190'	0	0	1	0	0	0
'HMR_3191'	0	0	0	1	0	0
'HMR_3192'	0	0	0	1	0	0
'HMR_3193'	0	0	0	1	0	0
'HMR_3194'	0	0	1	0	0	0
'HMR_3195'	0	0	0	1	0	0
'HMR_3196'	0	0	0	1	0	0
'HMR_3197'	0	0	0	1	0	0
'HMR_3198'	0	0	1	0	0	0
'HMR_3199'	0	0	0	1	0	0
'HMR_3200'	0	0	0	1	0	0
'HMR_3201'	0	0	0	1	0	0
'HMR_3202'	0	0	0	1	1	0
'HMR_3203'	0	0	0	1	0	0
'HMR_3204'	0	0	0	1	0	0
'HMR_3205'	0	0	0	1	0	0
'HMR_3218'	0	0	1	0	0	0
'HMR_3219'	0	0	0	1	0	0
'HMR_3220'	0	0	0	1	0	0
'HMR_3221'	0	0	0	1	0	0
'HMR_3222'	0	0	1	0	0	0
'HMR_3223'	0	0	0	1	0	0
'HMR_3224'	0	0	0	1	0	0
'HMR_3225'	0	0	0	1	0	0
'HMR_3229'	0	0	0	1	0	0
'HMR_3230'	0	0	1	0	0	0
'HMR_3231'	0	0	0	1	0	0
'HMR_3232'	0	0	0	1	0	0
'HMR_3233'	0	0	0	1	0	0
'HMR_3234'	0	0	1	0	0	0
'HMR_3235'	0	0	0	1	0	0
'HMR_3236'	0	0	0	1	0	0
'HMR_3237'	0	0	0	1	0	0
'HMR_3240'	0	0	1	0	0	0
'HMR_3241'	0	0	0	1	0	0
'HMR_3242'	0	0	0	1	0	0
'HMR_3243'	0	0	0	1	0	0
'HMR_3244'	0	0	1	0	0	0
'HMR_3245'	0	0	0	1	0	0
'HMR_3246'	0	0	0	1	0	0
'HMR_3247'	0	0	0	1	0	0
'HMR_3296'	0	0	0	1	0	0
'HMR_3321'	0	0	0	1	0	1
'HMR_3322'	0	0	0	1	0	1
'HMR_3396'	0	0	0	1	0	1
'HMR_3397'	0	0	0	1	0	1
'HMR_3398'	0	0	1	0	0	0
'HMR_3406'	0	0	1	0	0	0
'HMR_3407'	0	0	1	0	0	0
'HMR_3408'	0	0	1	0	0	0
'HMR_3409'	0	0	1	0	0	0
'HMR_3411'	0	0	1	0	0	0
'HMR_3413'	0	0	1	0	0	0
'HMR_3414'	0	0	1	0	0	1
'HMR_3416'	0	0	1	0	0	0
'HMR_3421'	0	0	1	0	0	1
'HMR_3422'	0	0	1	0	0	0
'HMR_3423'	0	0	1	0	0	0
'HMR_3424'	0	0	1	0	0	0
'HMR_3425'	0	0	1	0	0	0
'HMR_3426'	0	0	1	0	0	0
'HMR_3427'	0	0	1	0	0	0
'HMR_3428'	0	0	1	0	0	0
'HMR_3429'	0	0	1	0	0	0
'HMR_3431'	0	0	1	0	0	0
'HMR_3432'	0	0	1	0	0	0
'HMR_3433'	0	0	1	0	0	0
'HMR_3446'	0	0	0	1	0	1
'HMR_3447'	0	0	0	1	0	1
'HMR_3448'	0	0	1	0	0	0
'HMR_3452'	0	0	1	0	0	1
'HMR_3453'	0	0	0	1	0	1
'HMR_3454'	0	0	0	1	0	1
'HMR_3455'	0	0	0	1	0	1
'HMR_3456'	0	0	1	0	0	1
'HMR_3457'	0	0	0	1	0	1
'HMR_3522'	0	0	1	0	0	0
'HMR_3633'	0	0	0	1	0	0
'HMR_3660'	0	0	0	1	0	0
'HMR_3692'	0	0	0	1	0	0
'HMR_3719'	0	0	0	1	0	0
'HMR_3915'	0	0	0	1	0	0
'HMR_3953'	0	0	0	1	0	0
'HMR_4079'	0	0	0	0	1	0
'HMR_4630'	0	0	0	0	0	1
'HMR_4783'	0	0	0	1	0	1
'HMR_5420'	0	0	0	0	0	1
'HMR_6515'	0	0	0	0	0	1
'HMR_6534'	0	0	1	0	1	0
'HMR_6564'	0	0	0	1	0	0
'HMR_6790'	0	0	1	0	0	0
'HMR_6826'	0	0	0	1	0	0
'HMR_6834'	0	0	0	1	0	0
'HMR_6854'	0	0	0	1	0	1
'HMR_7703'	0	0	0	0	0	1
'HMR_7758'	0	0	0	1	0	0
'HMR_8505'	0	0	0	0	0	1
'HMR_8510'	0	0	0	1	0	0
'HMR_8776'	0	0	0	0	0	1
'HMR_9590'	0	0	1	0	0	0
'HMR_9620'	0	0	0	0	1	0
'HMR_9627'	0	0	0	1	0	0
'HMR_9640'	0	0	0	1	0	0
'HMR_9674'	0	0	0	1	0	0
'HMR_9719'	0	0	1	0	0	0
'HMR_9797'	0	0	0	1	0	0
'HMR_9803'	0	0	0	1	0	0
'HMR_9804_b'	0	0	1	0	0	0
'HMR_9804_f'	0	0	1	0	0	0
'HOXG'	0	0	1	0	0	1
'HPDCAt'	0	0	0	1	0	0
'HPDECECOAm'	0	0	0	1	0	0
'HPDECEm'	0	0	0	1	0	0
'HPDECEte'	0	0	0	1	0	0
'HPDECEtm'	0	0	0	1	0	0
'HPYRDCm'	0	0	0	0	0	1
'HSD17B42x'	0	0	0	1	0	1
'HSD17B9r'	0	0	0	0	0	1
'HSD3A1r'	0	0	0	1	0	0
'HSD3A2r'	0	0	0	1	0	0
'HSD3B2r'	0	0	0	0	0	1
'Htmi'	0	0	0	0	0	1
'HXAt3'	0	0	0	1	0	0
'HXCOAc'	0	0	0	1	0	0
'HXPRT'	0	0	1	0	0	0
'HYPTROX'	0	0	0	1	0	1
'IPDPtx'	0	0	0	0	0	1
'KCC2t'	0	0	0	0	1	0
'KCCt'	0	0	0	0	1	0
'KHK'	0	0	0	0	0	1
'KSII_CORE2t'	0	0	0	1	0	0
'KSII_CORE2tly'	0	0	0	1	0	0
'KSII_CORE4t'	0	0	0	1	0	0
'KSII_CORE4tly'	0	0	0	1	0	0
'LALDO'	0	0	0	1	0	0
'LCADi_D'	0	0	1	0	0	0
'LCADi'	0	0	1	0	0	0
'LCADim'	0	0	0	0	1	0
'LDH_Lm'	0	0	0	0	0	1
'LEUt4'	1	0	0	0	0	0
'LGNCt_b'	0	0	1	0	0	0
'LGNCt_f'	0	0	1	0	0	0
'LNELDCCPT1'	0	0	0	1	0	0
'LNELDCCPT2'	0	0	0	1	0	0
'LNLCCPT2'	0	0	0	1	0	0
'LNLNCACPT1'	0	0	0	1	0	0
'LNLNCACPT2'	0	0	0	1	0	0
'LNLNCACRNt'	0	0	0	1	0	0
'LNLNCAt'	0	0	0	1	0	0
'LNSTLSr'	0	0	0	0	0	1
'LSTO1r'	0	0	0	0	0	1
'LTHSTRLt'	0	0	0	0	0	1
'LTHSTRLtr'	0	0	0	1	0	1
'LYStiDF'	1	0	0	0	0	0
'MACOXO'	0	0	1	0	0	0
'MALTt1r_b'	0	0	0	0	1	0
'MALTt1r_f'	0	0	0	0	1	0
'MANt1r_b'	0	0	0	0	1	0
'MANt1r_f'	0	0	0	0	1	0
'MANt4'	0	0	0	0	0	1
'MELATNOX'	0	0	1	0	0	1
'METAT'	0	0	0	1	0	0
'METS'	0	0	0	1	0	0
'MEV_Rt'	0	0	0	0	0	1
'MEVK1c'	0	0	0	0	0	1
'MEVK1x'	0	0	0	0	0	1
'MGCHrm'	0	0	0	0	0	1
'MI13456PK'	0	0	0	0	0	1
'MI1345PKc'	0	0	0	0	0	1
'MI1345PP'	0	0	0	1	0	1
'MI134PP'	0	0	0	1	0	1
'MI145PK'	0	0	1	0	0	0
'MI145PP'	0	0	0	1	0	0
'MI14P4P'	0	0	0	1	0	1
'MI14PP'	0	0	0	1	0	1
'MI14Ptn'	0	0	0	1	0	0
'MI1PP'	0	0	0	1	0	1
'MI1PS'	0	0	0	0	0	1
'MI34PP'	0	0	0	1	0	1
'MI3PP'	0	0	0	1	0	1
'MI4PP'	0	0	0	1	0	1
'MMEm'	0	0	0	0	0	1
'MMMm'	0	0	0	0	0	1
'MMSAD1m'	0	0	0	0	0	1
'MMSAD3m'	0	0	0	1	0	0
'N3Tg'	0	0	0	1	0	0
'NABTNO'	0	0	0	0	0	1
'NACHEX23ly'	0	0	0	1	0	0
'NACHEX24ly'	0	0	0	1	0	0
'NACHEX25ly'	0	0	0	1	0	0
'NACHEX26ly'	0	0	0	1	0	0
'NAGA2ly'	0	0	0	1	0	0
'NAGLCAly'	0	0	0	1	0	0
'NAIt'	0	0	0	1	1	0
'NAt_s'	0	0	0	0	1	0
'NAt'	0	0	0	0	1	0
'NAt3_1_b'	0	0	1	0	1	0
'NAt3_1_f'	0	0	1	0	1	0
'NAt5_b'	0	0	1	0	0	0
'NAt5_f'	0	0	1	0	0	0
'NBAHH_ir'	0	0	0	0	0	1
'NCKt_b'	0	0	0	0	1	0
'NCKt_f'	0	0	0	0	1	0
'NDP7g'	0	0	0	1	0	0
'NEU11l'	0	0	0	1	0	0
'NEU24'	0	0	0	1	0	0
'NRVNCABCt'	0	0	1	0	0	0
'NTD7e'	0	0	0	0	0	1
'O2ter'	0	0	0	0	0	1
'O2tm'	0	0	0	0	0	1
'O2tp'	0	0	0	0	0	1
'OCCOAtx'	0	0	0	1	0	1
'OCD11COACPT1'	0	0	0	1	0	0
'OCD11CRNCACT'	0	0	0	1	0	0
'OCD11CRNCPT2'	0	0	0	1	0	0
'OCT11EFATP'	0	0	1	0	0	0
'ORNTArm'	1	0	0	0	0	0
'OROTGLUt_b'	0	0	1	0	0	0
'OROTGLUt_f'	0	0	1	0	0	0
'OROTGLUt'	0	0	0	0	0	1
'OXYPtepv'	0	0	0	1	0	0
'OXYPthc_b'	0	0	1	0	0	0
'OXYPthc_f'	0	0	1	0	0	0
'P4501B1r'	0	0	1	0	0	0
'P45027A12m'	0	0	0	1	0	1
'P45027A13m'	0	0	0	1	0	1
'P45027A15m'	0	0	0	1	0	1
'P45027A16m'	0	0	0	1	0	1
'PAILAR_HSPLA2'	0	0	0	0	1	0
'PAILPALM_HSPLA2'	0	0	0	0	1	0
'PAILPALM_HSSECt'	0	0	0	0	0	1
'PAILR_HSSECt'	0	0	0	0	0	1
'PAPStg'	0	0	0	1	0	1
'PAPtg'	0	0	0	1	0	1
'PCHOL2LINL_HSPLA2'	0	0	0	0	1	0
'PCHOL2OLE_HSPLA2'	0	0	0	0	1	0
'PCHOL2PALM_HSPLA2'	0	0	0	0	1	0
'PCHOL2STE_HSPLA2'	0	0	0	0	1	0
'PCHOLAR_HSPLA2'	0	0	0	0	1	0
'PCHOLDEIC_HSPLA2'	0	0	0	0	1	0
'PCHOLDET_HSPLA2'	0	0	0	0	1	0
'PCHOLDOC_HSPLA2'	0	0	0	0	1	0
'PCHOLHEP_HSPLA2'	0	0	0	0	1	0
'PCHOLLINL_HSPLA2'	0	0	0	0	1	0
'PCHOLMYR_HSPLA2'	0	0	0	0	1	0
'PCHOLN15_HSPLA2'	0	0	0	0	1	0
'PCHOLN183_HSPLA2'	0	0	0	0	1	0
'PCHOLN1836_HSPLA2'	0	0	0	0	1	0
'PCHOLN19_HSPLA2'	0	0	0	0	1	0
'PCHOLN201_HSPLA2'	0	0	0	0	1	0
'PCHOLN203_HSPLA2'	0	0	0	0	1	0
'PCHOLN204_HSPLA2'	0	0	0	0	1	0
'PCHOLN205_HSPLA2'	0	0	0	0	1	0
'PCHOLN224_HSPLA2'	0	0	0	0	1	0
'PCHOLN225_HSPLA2'	0	0	0	0	1	0
'PCHOLN2254_HSPLA2'	0	0	0	0	1	0
'PCHOLN226_HSPLA2'	0	0	0	0	1	0
'PCHOLN24_HSPLA2'	0	0	0	0	1	0
'PCHOLN261_HSPLA2'	0	0	0	0	1	0
'PCHOLN28_HSPLA2'	0	0	0	0	1	0
'PCHOLN281_HSPLA2'	0	0	0	0	1	0
'PCHOLOLE_HSPLA2'	0	0	0	0	1	0
'PCHOLPALM_HSPLA2'	0	0	0	0	1	0
'PCHOLPALME_HSPLA2'	0	0	0	0	1	0
'PCHOLSTE_HSPLA2'	0	0	0	0	1	0
'PDE1'	0	0	0	1	1	0
'PDE4'	0	0	0	0	1	0
'PE203_HSPLA2'	0	0	0	0	1	0
'PE224_HSPLA2'	0	0	0	0	1	0
'PE226_HSPLA2'	0	0	0	0	1	0
'PE2LINL_HSPLA2'	0	0	0	0	1	0
'PEAR_HSPLA2'	0	0	0	0	1	0
'PEDH12_HSPLA2'	0	0	0	0	1	0
'PEDH13_HSPLA2'	0	0	0	0	1	0
'PEDH14_HSPLA2'	0	0	0	0	1	0
'PEDH15_HSPLA2'	0	0	0	0	1	0
'PEDH161_HSPLA2'	0	0	0	0	1	0
'PEDH17_HSPLA2'	0	0	0	0	1	0
'PEDH203_HSPLA2'	0	0	0	0	1	0
'PELINL_HSPLA2'	0	0	0	0	1	0
'PEOLE_HSPLA2'	0	0	0	0	1	0
'PEPALM_HSPLA2'	0	0	0	0	1	0
'PFK'	0	0	0	0	1	0
'PGLer'	0	0	1	0	0	0
'PGS'	0	0	0	0	1	0
'PGSr'	0	0	0	0	1	0
'PHEMEtm'	0	0	0	0	0	1
'PHEt4'	1	0	0	0	0	0
'PI3P4K'	0	0	1	0	0	0
'PI45PLC'	1	0	0	1	1	0
'PI4PLC'	1	0	0	1	1	0
'PI4PLCn'	0	0	0	1	1	0
'PI5P3K'	0	0	1	0	0	0
'PI5P4K'	0	0	1	0	0	0
'PIK3'	0	0	1	0	0	0
'PIK4'	0	0	1	0	0	0
'PIPLC'	1	0	0	1	1	0
'PLA2_2'	0	0	0	0	1	0
'PLA2_2e'	0	0	0	0	1	0
'PMEVKc'	0	0	0	0	0	1
'PMEVKx'	0	0	0	0	0	1
'PMTCOAFABP1tc'	0	0	0	1	0	0
'PPIOGLYc'	0	0	0	0	0	1
'PPIOGLYte'	0	0	0	0	0	1
'PPIOGLYtm'	0	0	0	0	0	1
'PPPG9tm'	0	0	0	0	0	1
'PPPGOm'	0	0	0	0	0	1
'PRAGSr'	0	0	0	1	0	0
'PRASCS'	0	0	0	1	0	0
'PRDX'	0	0	0	1	0	1
'PRFGS'	0	0	0	1	0	0
'PROSTGE2t_b'	0	0	1	0	0	0
'PROSTGE2t_f'	0	0	1	0	0	0
'PROSTGE2t2'	0	0	0	1	0	0
'PTDCACRNCPT1'	0	0	0	1	0	0
'PTDCACRNCPT2'	0	0	0	1	0	0
'PTRCAT1'	0	0	0	0	0	1
'PTVSTtep'	0	0	0	1	0	0
'PTVSTtu_b'	0	0	1	0	0	0
'PTVSTtu_f'	0	0	1	0	0	0
'r0021'	0	0	1	0	0	0
'r0022'	0	0	1	0	0	1
'r0023'	1	0	0	0	0	1
'r0283'	0	0	0	0	1	0
'r0308'	0	0	0	1	0	1
'r0309'	0	0	1	0	0	0
'r0310'	0	0	1	0	0	0
'r0311'	0	0	1	0	0	0
'r0339'	0	0	0	0	0	1
'r0365'	0	0	0	1	0	0
'r0381'	0	0	0	1	0	1
'r0391'	0	0	0	0	1	0
'r0392'	0	0	0	0	1	0
'r0393'	0	0	0	0	1	0
'r0408'	0	0	0	0	1	0
'r0409'	0	0	0	0	1	0
'r0431'	0	0	0	1	0	0
'r0432'	0	0	0	1	0	0
'r0440'	0	0	0	1	0	1
'r0465'	0	0	0	0	1	0
'r0466'	0	0	0	0	0	1
'r0488'	0	0	0	0	0	1
'r0510'	0	0	0	1	0	1
'r0545'	0	0	1	0	0	0
'r0547_b'	0	0	1	0	0	0
'r0547_f'	0	0	1	0	0	0
'r0571'	0	0	0	0	0	1
'r0595'	0	0	0	0	0	1
'r0596'	0	0	0	1	0	0
'r0610'	0	0	0	0	1	0
'r0611'	0	0	0	0	1	0
'r0616'	0	0	0	1	0	1
'r0633'	0	0	1	0	0	0
'r0634'	0	0	0	1	0	0
'r0636'	0	0	0	1	0	0
'r0638'	0	0	1	0	0	0
'r0639'	0	0	0	1	0	0
'r0642'	0	0	0	0	1	0
'r0643'	0	0	0	0	1	0
'r0652'	0	0	1	0	0	0
'r0653'	0	0	0	1	0	0
'r0655'	0	0	1	0	0	0
'r0660'	0	0	0	1	0	0
'r0661'	0	0	0	1	0	1
'r0666'	0	0	0	1	0	0
'r0688'	0	0	0	0	1	0
'r0714'	0	0	0	1	0	0
'r0715'	0	0	0	1	0	1
'r0716'	0	0	0	1	0	0
'r0717'	0	0	0	1	0	1
'r0718'	0	0	0	1	0	0
'r0719'	0	0	0	1	0	1
'r0720'	0	0	0	1	0	0
'r0721'	0	0	0	1	0	1
'r0722'	0	0	0	1	0	0
'r0723'	0	0	0	1	0	1
'r0724'	0	0	0	1	0	0
'r0726'	0	0	0	1	0	0
'r0727'	0	0	0	1	0	1
'r0728'	0	0	0	1	0	0
'r0729'	0	0	0	1	0	1
'r0735'	0	0	1	0	0	0
'r0758'	0	0	0	0	1	0
'r0781'	0	0	0	0	0	1
'r0783'	0	0	0	1	0	1
'r0791'	0	0	1	0	0	0
'r0795'	0	0	0	0	0	1
'r0839'	0	0	0	1	0	1
'r0899'	0	0	0	1	0	0
'r0963'	0	0	0	0	1	0
'r0990'	0	0	0	1	0	0
'r1003'	0	0	0	1	0	1
'r1005'	0	0	0	1	0	0
'r1088'	0	0	0	1	0	0
'r1090'	0	0	1	0	0	0
'r1116'	0	0	0	0	0	1
'r1134'	0	0	0	0	0	1
'r1135'	0	0	0	0	0	1
'r1144'	0	0	0	1	0	1
'r1146'	0	0	0	0	0	1
'r1251'	0	0	1	0	0	0
'r1252'	0	0	1	0	0	1
'r1253'	0	0	1	0	0	0
'r1254'	0	0	1	0	0	0
'r1255'	0	0	1	0	0	0
'r1257'	0	0	1	0	0	0
'r1259'	0	0	1	0	0	0
'r1260'	0	0	1	0	0	0
'r1262'	0	0	1	0	0	0
'r1383'	0	0	0	0	0	1
'r1443'	0	0	0	1	0	1
'r1444'	0	0	0	1	0	1
'r1445'	0	0	0	1	0	1
'r1472'	0	0	0	1	0	0
'r1474'	0	0	0	1	0	0
'r1477'	0	0	0	1	0	0
'r1481'	0	0	0	1	0	0
'r1487'	0	0	1	0	0	0
'r1519'	0	0	0	1	0	0
'r1522'	0	0	0	1	0	0
'r1527'	0	0	0	1	0	0
'r1529'	0	0	0	1	0	0
'r2139_b'	0	0	1	0	0	0
'r2139_f'	0	0	1	0	0	0
'r2140_b'	0	0	1	0	0	0
'r2140_f'	0	0	1	0	0	0
'r2141_b'	0	0	1	0	0	0
'r2141_f'	0	0	1	0	0	0
'r2142_b'	0	0	1	0	0	0
'r2142_f'	0	0	1	0	0	0
'r2143_b'	0	0	1	0	0	0
'r2143_f'	0	0	1	0	0	0
'r2144_b'	0	0	1	0	0	0
'r2144_f'	0	0	1	0	0	0
'r2145_b'	0	0	1	0	0	0
'r2145_f'	0	0	1	0	0	0
'r2146'	0	0	1	0	0	0
'r2149_b'	0	0	1	0	0	0
'r2149_f'	0	0	1	0	0	0
'r2150_b'	0	0	1	0	0	0
'r2150_f'	0	0	1	0	0	0
'r2193_b'	0	0	1	0	0	0
'r2193_f'	0	0	1	0	0	0
'r2194_b'	0	0	1	0	0	0
'r2194_f'	0	0	1	0	0	0
'r2195_b'	0	0	1	0	0	0
'r2195_f'	0	0	1	0	0	0
'r2196_b'	0	0	1	0	0	0
'r2196_f'	0	0	1	0	0	0
'r2197_b'	0	0	1	0	0	0
'r2197_f'	0	0	1	0	0	0
'r2308_b'	0	0	1	0	0	0
'r2308_f'	0	0	1	0	0	0
'r2309_b'	0	0	1	0	0	0
'r2309_f'	0	0	1	0	0	0
'r2310_b'	0	0	1	0	0	0
'r2310_f'	0	0	1	0	0	0
'r2311_b'	0	0	1	0	0	0
'r2311_f'	0	0	1	0	0	0
'r2321'	0	0	0	1	0	1
'r2338'	0	0	0	1	0	0
'r2342'	0	0	0	1	0	0
'r2343'	0	0	0	1	0	0
'r2357'	0	0	0	1	0	0
'r2359'	0	0	0	1	0	0
'r2434'	0	0	0	1	0	0
'r2497'	0	0	1	0	0	1
'r2514e'	0	0	0	1	0	0
'r2537'	0	0	0	1	0	0
'RDH1a'	0	0	1	0	0	0
'RE0124C'	0	0	0	1	0	0
'RE0512X'	0	0	0	1	0	1
'RE0577C'	0	0	0	1	0	0
'RE0578C'	0	0	0	1	0	0
'RE0583C'	0	0	0	1	0	0
'RE0915E'	0	0	0	0	1	0
'RE0926E'	0	0	0	0	1	0
'RE0944E'	0	0	0	0	1	0
'RE0958E'	0	0	0	0	1	0
'RE1447M'	0	0	0	1	0	0
'RE1516X'	0	0	0	1	0	1
'RE1517X'	0	0	0	1	0	1
'RE1518M'	0	0	0	0	0	1
'RE1518X'	0	0	0	1	0	1
'RE1519X'	0	0	0	1	0	1
'RE1520X'	0	0	0	1	0	1
'RE1521M'	0	0	0	0	0	1
'RE1521X'	0	0	0	1	0	1
'RE1522X'	0	0	0	1	0	1
'RE1523X'	0	0	0	1	0	1
'RE1525X'	0	0	0	1	0	1
'RE1526M'	0	0	0	0	0	1
'RE1526X'	0	0	0	1	0	1
'RE1527X'	0	0	0	1	0	1
'RE1530C'	0	1	0	0	0	0
'RE1531X'	0	0	0	1	0	1
'RE1532X'	0	0	0	1	0	1
'RE1533M'	0	0	0	0	0	1
'RE1533X'	0	0	0	1	0	1
'RE1534X'	0	0	0	1	0	1
'RE1573M'	0	0	0	0	0	1
'RE1573X'	0	0	0	1	0	1
'RE1834M'	0	0	0	1	0	0
'RE1834X'	0	0	0	1	0	0
'RE2069C'	0	0	0	1	0	0
'RE2235R'	0	0	1	0	0	0
'RE2407C'	0	0	0	1	0	1
'RE2410C'	0	0	0	1	0	1
'RE2426C'	0	0	0	1	0	1
'RE2445E'	0	0	0	0	1	0
'RE2541E'	0	0	0	0	1	0
'RE2625M'	0	0	0	1	0	1
'RE2626M'	0	0	0	0	0	1
'RE2666G'	0	0	0	1	0	0
'RE2972M'	0	0	1	0	0	0
'RE2985M'	0	0	0	1	0	1
'RE2985X'	0	0	0	1	0	1
'RE2986X'	0	0	0	1	0	1
'RE2987X'	0	0	0	1	0	1
'RE2988X'	0	0	0	1	0	1
'RE2989X'	0	0	0	1	0	1
'RE2990X'	0	0	0	1	0	1
'RE2991X'	0	0	0	1	0	1
'RE2992M'	0	0	0	1	0	1
'RE2992X'	0	0	0	1	0	1
'RE2993X'	0	0	0	1	0	1
'RE2994X'	0	0	0	1	0	1
'RE2996X'	0	0	0	1	0	1
'RE2997X'	0	0	0	1	0	1
'RE2998M'	0	0	0	0	0	1
'RE2999M'	0	0	0	0	0	1
'RE3000M'	0	0	0	0	0	1
'RE3001M'	0	0	0	0	0	1
'RE3002X'	0	0	0	1	0	1
'RE3003M'	0	0	0	0	0	1
'RE3004M'	0	0	0	0	0	1
'RE3005M'	0	0	0	0	0	1
'RE3006M'	0	0	0	0	0	1
'RE3011M'	0	0	0	0	0	1
'RE3012M'	0	0	0	0	1	0
'RE3038C_b'	0	0	0	0	1	0
'RE3038C_f'	0	0	0	0	1	0
'RE3040C_b'	0	0	0	0	1	0
'RE3040C_f'	0	0	0	0	1	0
'RE3074X'	0	0	1	0	0	0
'RE3079X'	0	0	1	0	0	0
'RE3106C'	0	0	0	0	0	1
'RE3110C'	0	0	0	0	0	1
'RE3112C'	0	0	0	0	0	1
'RE3113C'	0	0	0	0	0	1
'RE3114R'	0	0	1	0	0	0
'RE3119C'	0	0	0	1	0	0
'RE3120C'	0	0	0	1	0	0
'RE3121C'	0	0	0	1	0	0
'RE3122C'	0	0	0	1	0	0
'RE3132R'	0	0	1	0	0	0
'RE3134C'	0	0	0	1	0	1
'RE3136C'	0	0	0	1	0	1
'RE3146R'	0	0	1	0	0	0
'RE3160R'	0	0	1	0	0	0
'RE3161C'	0	0	0	1	0	0
'RE3162C'	0	0	0	1	0	0
'RE3163C'	0	0	0	1	0	0
'RE3164C'	0	0	0	1	0	0
'RE3180C'	0	0	0	1	0	1
'RE3181C'	0	0	0	1	0	1
'RE3185M_b'	0	0	1	0	1	0
'RE3185M_f'	0	0	1	0	1	0
'RE3186M_b'	0	0	1	0	1	0
'RE3186M_f'	0	0	1	0	1	0
'RE3238C'	0	0	0	1	0	0
'RE3251M'	0	0	0	1	0	1
'RE3258C_b'	0	0	0	0	1	0
'RE3258C_f'	0	0	0	0	1	0
'RE3258C'	0	0	0	1	0	0
'RE3259C_b'	0	0	0	0	1	0
'RE3259C_f'	0	0	0	0	1	0
'RE3307C'	0	0	0	0	0	1
'RE3346M'	0	0	0	0	1	0
'RE3381E'	0	0	0	0	1	0
'RE3422C'	0	0	0	1	0	0
'RE3430M'	0	0	0	0	0	1
'RE3432M'	0	0	0	0	0	1
'RE3470C'	0	0	0	0	0	1
'RE3470M'	0	0	0	0	0	1
'RE3476C'	0	0	0	0	0	1
'RE3476M'	0	0	0	0	0	1
'RE3488R'	0	0	0	1	1	0
'RE3490C'	0	0	0	1	0	0
'RE3496C'	0	0	0	1	0	1
'RE3526C'	0	0	0	0	0	1
'RE3526M'	0	0	0	0	0	1
'RE3556C'	0	0	0	1	0	1
'RE3565C'	0	0	0	1	0	1
'RE3566C'	0	0	0	1	0	0
'RE3568C'	0	0	0	1	0	1
'RE3587C'	0	0	0	1	0	1
'RE3597C'	0	0	0	0	0	1
'RE3597M'	0	0	0	0	0	1
'RE3624M'	0	0	0	0	0	1
'RE3626M'	0	0	0	1	0	0
'RE3628M'	0	0	0	1	0	0
'RSVtev'	0	0	0	1	0	0
'RSVtu_b'	0	0	1	0	0	0
'RSVtu_f'	0	0	1	0	0	0
'S23T2g'	0	0	0	1	0	0
'S23T4g'	0	0	0	1	0	0
'S2TASE1ly'	0	0	1	0	0	0
'S2TASE2ly'	0	0	1	0	0	0
'S2TASE3ly'	0	0	1	0	0	0
'S6T16g'	0	0	0	1	0	0
'S6T17g'	0	0	0	1	0	0
'S6T18g'	0	0	0	1	0	0
'S6T1g'	0	0	0	1	0	0
'S6T25g'	0	0	1	0	0	0
'S6T2g'	0	0	0	1	0	0
'S6T3g'	0	0	0	1	0	0
'S6TASE22ly'	0	0	0	1	0	0
'S6TASE23ly'	0	0	0	1	0	0
'S6TASE24ly'	0	0	0	1	0	0
'S6TASE25ly'	0	0	0	1	0	0
'S6TASE26ly'	0	0	0	1	0	0
'SADT'	0	0	0	1	0	1
'Ser_Thrtg'	0	0	0	1	0	0
'SERPT'	0	0	0	1	0	0
'SFCYSc'	0	0	0	0	0	1
'SFCYSe'	0	0	0	0	0	1
'SGALSIDEtg'	0	0	0	1	0	1
'SGALSIDEtl'	0	0	0	1	0	1
'SIAASE3ly'	0	0	0	1	0	0
'SIAASE4ly'	0	0	0	1	0	0
'SIAT9g'	0	0	0	1	0	0
'sink_4abut[l]'	0	0	0	1	0	0
'sink_acac[m]'	0	0	0	0	0	1
'sink_arachd[c]'	0	0	0	1	0	0
'sink_bhb[m]'	0	0	0	0	0	1
'sink_c226coa[c]'	0	0	0	1	0	0
'sink_crvnc[c]'	0	0	0	1	0	0
'sink_doco13ecoa[c]'	0	0	0	1	0	0
'sink_HC02192[c]'	0	0	0	1	0	0
'sink_HC02193[c]'	0	0	0	1	0	0
'sink_HC02197[c]'	0	0	0	1	0	0
'sink_HC02198[c]'	0	0	0	1	0	0
'sink_hdca[c]'	0	0	0	1	0	0
'sink_lnlc[c]'	0	0	0	1	0	0
'sink_lnlccoa[c]'	0	0	0	1	0	0
'sink_lnlncacoa[c]'	0	0	0	1	0	0
'sink_minohp[c]'	0	0	0	0	0	1
'sink_odecoa[c]'	0	0	0	1	0	0
'sink_prostgh2[c]'	0	0	0	1	0	0
'sink_stcoa[c]'	0	0	0	1	0	0
'sink_tdchola[c]'	0	0	0	1	0	0
'sink_tmndnc[c]'	0	0	0	1	0	0
'sink_tmndnccoa[c]'	0	0	0	1	0	0
'SMVACIDhep'	0	0	1	0	0	0
'SO4HCOtex'	0	0	1	0	1	0
'SO4t4_2'	0	0	0	1	1	0
'SO4tl'	0	0	0	1	0	1
'SOAT12'	0	0	0	1	0	0
'SPHGNte'	0	0	0	1	0	0
'SQLEr'	0	0	0	0	0	1
'SRTNt6_2_r_b'	0	0	1	0	0	0
'SRTNt6_2_r_f'	0	0	1	0	0	0
'ST3GAL22g'	0	0	0	1	0	0
'STCOAtx'	0	0	0	1	0	0
'STRDNCCPT1'	0	0	0	1	0	0
'STRDNCCPT2'	0	0	0	1	0	1
'SUCD1m'	0	0	0	0	0	1
'SULFOX'	0	0	0	0	0	1
'TAURt4_2_r'	0	0	0	0	0	1
'TCHOLAt_b'	0	0	1	0	0	0
'TCHOLAt_f'	0	0	1	0	0	0
'TCHOLAte'	0	0	0	1	0	0
'THCHOLSTOICtm'	0	0	0	1	0	0
'THEXDDm'	0	0	0	1	0	0
'THEXDDte'	0	0	0	1	0	0
'THEXDDtm'	0	0	0	1	0	0
'THYOXt_b'	0	0	1	0	0	0
'THYOXt_f'	0	0	1	0	0	0
'THYOXt2'	0	0	0	1	1	0
'TMNDNCCOAtx'	0	0	0	1	0	1
'TMNDNCCPT2'	0	0	0	1	0	0
'TPI'	0	0	0	0	0	1
'TRIODTHYt_b'	0	0	1	0	0	0
'TRIODTHYt_f'	0	0	1	0	0	0
'TTDCAtr_b'	0	0	1	0	0	0
'TTDCAtr_f'	0	0	1	0	0	0
'TTDCEAc'	0	0	0	1	0	1
'TTDCEAt'	0	0	0	1	0	0
'TXA2te'	0	0	0	1	0	0
'TXASr'	0	0	0	1	0	0
'UAGALDP'	0	0	0	1	0	0
'UAGDP'	0	0	0	1	0	0
'UDCHOLt'	0	0	0	1	0	0
'UDPACGALtl'	0	0	0	1	0	0
'UDPGALt2r'	0	0	0	1	0	0
'UDPGALtg'	0	0	0	1	0	0
'UDPtl'	0	0	0	1	0	0
'UGALNACtg'	0	0	0	1	0	0
'UGCG'	0	0	0	1	0	0
'UGLCNACtg'	0	0	0	1	0	0
'UPP3S'	0	0	0	0	0	1
'UPPDC1'	0	0	0	0	0	1
'UREAt'	0	0	0	0	1	0
'UREAt5'	0	0	0	0	0	1
'VACCt'	0	0	0	1	0	0
'XOL7AH3ATP'	0	0	1	0	0	0
'XOL7AH3t'	0	0	0	1	0	0
'XOLESTte'	0	0	0	1	0	0
'XYLt_b'	0	0	0	0	1	0
'XYLt_f'	0	0	0	0	1	0
