del_rxnID_KO	prctile_CP	prctile_PC	prctile_CB	prctile_BC	prctile_CBR	prctile_BRC	prctile_CBNR	prctile_BNRC	subSystem_CP	subSystem_PC	subSystem_CB	subSystem_BC	subSystem_CBR	subSystem_BRC	subSystem_CBNR	subSystem_BNRC	MetabolicUnits_CP	MetabolicUnits_PC	MetabolicUnits_CB	MetabolicUnits_BC	MetabolicUnits_CBR	MetabolicUnits_BRC	MetabolicUnits_CBNR	MetabolicUnits_BNRC	Localization_CP	Localization_PC	Localization_CB	Localization_BC	Localization_CBR	Localization_BRC	Localization_CBNR	Localization_BNRC
HMR_2739	79.8850574712644	68.2869198312236	59.1081267217631	79.8639455782313	64.3578387953941	70.1510470305527	97.210953346856	77.34375	Fatty acid oxidation	Fatty acid oxidation	Fatty acid oxidation	Fatty acid oxidation	Fatty acid oxidation	Fatty acid oxidation	Fatty acid oxidation	Fatty acid oxidation	NA	NA	NA	NA	NA	NA	NA	NA	[c]	[c]	[c]	[c]	[c]	[c]	[c]	[c]
HMR_2740	79.8850574712644	68.2869198312236	59.1081267217631	79.8639455782313	64.3578387953941	70.1510470305527	97.210953346856	77.34375	Transport, mitochondrial	Transport, mitochondrial	Transport, mitochondrial	Transport, mitochondrial	Transport, mitochondrial	Transport, mitochondrial	Transport, mitochondrial	Transport, mitochondrial	NA	NA	NA	NA	NA	NA	NA	NA	intercompartmental	intercompartmental	intercompartmental	intercompartmental	intercompartmental	intercompartmental	intercompartmental	intercompartmental
HMR_2741	79.8850574712644	68.2869198312236	59.1081267217631	79.8639455782313	64.3578387953941	70.1510470305527	97.210953346856	77.34375	Transport, mitochondrial	Transport, mitochondrial	Transport, mitochondrial	Transport, mitochondrial	Transport, mitochondrial	Transport, mitochondrial	Transport, mitochondrial	Transport, mitochondrial	NA	NA	NA	NA	NA	NA	NA	NA	[m]	[m]	[m]	[m]	[m]	[m]	[m]	[m]
HMR_3433	79.8850574712644	68.2869198312236	59.1081267217631	79.8639455782313	64.3578387953941	70.1510470305527	97.210953346856	77.34375	Fatty acid oxidation	Fatty acid oxidation	Fatty acid oxidation	Fatty acid oxidation	Fatty acid oxidation	Fatty acid oxidation	Fatty acid oxidation	Fatty acid oxidation	NA	NA	NA	NA	NA	NA	NA	NA	[m]	[m]	[m]	[m]	[m]	[m]	[m]	[m]
NACHEX21ly	79.8174442190669	45.1139240506329	66.6322314049587	74.1156462585034	NA	61.8777892207346	90.027045300879	97.4354619565217	Keratan sulfate degradation	Keratan sulfate degradation	Keratan sulfate degradation	Keratan sulfate degradation	Keratan sulfate degradation	Keratan sulfate degradation	Keratan sulfate degradation	Keratan sulfate degradation	NA	NA	NA	NA	NA	NA	NA	NA	[l]	[l]	[l]	[l]	[l]	[l]	[l]	[l]
PMANM	79.6146044624746	61.7215189873418	96.5392561983471	75.1530612244898	62.7989371124889	67.9539993134226	94.5740365111562	76.4945652173913	Fructose and mannose metabolism	Fructose and mannose metabolism	Fructose and mannose metabolism	Fructose and mannose metabolism	Fructose and mannose metabolism	Fructose and mannose metabolism	Fructose and mannose metabolism	Fructose and mannose metabolism	NA	NA	NA	NA	NA	NA	NA	NA	[c]	[c]	[c]	[c]	[c]	[c]	[c]	[c]
HS4ly	79.5807978363759	42.6329113924051	56.4566115702479	72.6190476190476	64.7652790079717	62.1352557500858	73.2420554428668	96.9259510869565	Heparan sulfate degradation	Heparan sulfate degradation	Heparan sulfate degradation	Heparan sulfate degradation	Heparan sulfate degradation	Heparan sulfate degradation	Heparan sulfate degradation	Heparan sulfate degradation	heparan sulphate degradation, lysosome	heparan sulphate degradation, lysosome	heparan sulphate degradation, lysosome	heparan sulphate degradation, lysosome	heparan sulphate degradation, lysosome	heparan sulphate degradation, lysosome	heparan sulphate degradation, lysosome	heparan sulphate degradation, lysosome	[l]	[l]	[l]	[l]	[l]	[l]	[l]	[l]
S3TASE2ly	79.5807978363759	42.6329113924051	56.4566115702479	72.6190476190476	64.7652790079717	62.1352557500858	73.2420554428668	96.9259510869565	Heparan sulfate degradation	Heparan sulfate degradation	Heparan sulfate degradation	Heparan sulfate degradation	Heparan sulfate degradation	Heparan sulfate degradation	Heparan sulfate degradation	Heparan sulfate degradation	NA	NA	NA	NA	NA	NA	NA	NA	[l]	[l]	[l]	[l]	[l]	[l]	[l]	[l]
S2TASE5ly	78.2792427315754	48.1856540084388	60.5716253443526	79.7619047619048	69.7608503100089	NA	96.4164976335362	73.1317934782609	Chondroitin sulfate degradation	Chondroitin sulfate degradation	Chondroitin sulfate degradation	Chondroitin sulfate degradation	Chondroitin sulfate degradation	NA	Chondroitin sulfate degradation	Chondroitin sulfate degradation	chondroitin degradation, lysosome	chondroitin degradation, lysosome	chondroitin degradation, lysosome	chondroitin degradation, lysosome	chondroitin degradation, lysosome	NA	chondroitin degradation, lysosome	chondroitin degradation, lysosome	[l]	[l]	[l]	[l]	[l]	NA	[l]	[l]
HS3ly	78.2285327924273	64.6751054852321	56.4910468319559	96.4115646258503	64.6412754650133	65.653964984552	92.5963488843813	69.2085597826087	Heparan sulfate degradation	Heparan sulfate degradation	Heparan sulfate degradation	Heparan sulfate degradation	Heparan sulfate degradation	Heparan sulfate degradation	Heparan sulfate degradation	Heparan sulfate degradation	heparan sulphate degradation, lysosome	heparan sulphate degradation, lysosome	heparan sulphate degradation, lysosome	heparan sulphate degradation, lysosome	heparan sulphate degradation, lysosome	heparan sulphate degradation, lysosome	heparan sulphate degradation, lysosome	heparan sulphate degradation, lysosome	[l]	[l]	[l]	[l]	[l]	[l]	[l]	[l]
S6TASE3ly	78.2285327924273	64.6751054852321	56.4910468319559	96.4115646258503	64.6412754650133	65.653964984552	92.5963488843813	69.2085597826087	Heparan sulfate degradation	Heparan sulfate degradation	Heparan sulfate degradation	Heparan sulfate degradation	Heparan sulfate degradation	Heparan sulfate degradation	Heparan sulfate degradation	Heparan sulfate degradation	NA	NA	NA	NA	NA	NA	NA	NA	[l]	[l]	[l]	[l]	[l]	[l]	[l]	[l]
S2TASE1ly	78.1778228532792	68.7426160337553	63.9634986225895	65.1190476190476	72.7723649247121	61.7919670442842	92.0216362407032	71.5523097826087	Heparan sulfate degradation	Heparan sulfate degradation	Heparan sulfate degradation	Heparan sulfate degradation	Heparan sulfate degradation	Heparan sulfate degradation	Heparan sulfate degradation	Heparan sulfate degradation	NA	NA	NA	NA	NA	NA	NA	NA	[l]	[l]	[l]	[l]	[l]	[l]	[l]	[l]
HMR_2433	77.5354969574037	25.6708860759494	42.7685950413223	79.1326530612245	70.2391496899911	22.9316855475455	97.684246112238	22.163722826087	Fatty acid synthesis	Fatty acid synthesis	Fatty acid synthesis	Fatty acid synthesis	Fatty acid synthesis	Fatty acid synthesis	Fatty acid synthesis	Fatty acid synthesis	NA	NA	NA	NA	NA	NA	NA	NA	[c]	[c]	[c]	[c]	[c]	[c]	[c]	[c]
HMR_2434	77.5354969574037	23.5949367088608	42.7685950413223	79.1326530612245	70.2391496899911	22.9316855475455	97.684246112238	22.163722826087	Fatty acid synthesis	Fatty acid synthesis	Fatty acid synthesis	Fatty acid synthesis	Fatty acid synthesis	Fatty acid synthesis	Fatty acid synthesis	Fatty acid synthesis	NA	NA	NA	NA	NA	NA	NA	NA	[c]	[c]	[c]	[c]	[c]	[c]	[c]	[c]
HMR_2435	77.5354969574037	23.5949367088608	42.7685950413223	79.1326530612245	70.2391496899911	22.9316855475455	97.684246112238	22.163722826087	Fatty acid synthesis	Fatty acid synthesis	Fatty acid synthesis	Fatty acid synthesis	Fatty acid synthesis	Fatty acid synthesis	Fatty acid synthesis	Fatty acid synthesis	NA	NA	NA	NA	NA	NA	NA	NA	[c]	[c]	[c]	[c]	[c]	[c]	[c]	[c]
HMR_2436	77.5354969574037	23.5949367088608	42.7685950413223	79.1326530612245	70.2391496899911	22.9316855475455	97.684246112238	22.163722826087	Fatty acid synthesis	Fatty acid synthesis	Fatty acid synthesis	Fatty acid synthesis	Fatty acid synthesis	Fatty acid synthesis	Fatty acid synthesis	Fatty acid synthesis	NA	NA	NA	NA	NA	NA	NA	NA	[c]	[c]	[c]	[c]	[c]	[c]	[c]	[c]
3HPVSTETtev	77.3326572008114	69.3164556962025	43.4056473829201	96.4795918367347	61.2754650132861	68.8465499485067	71.1629479377958	96.2126358695652	Drug metabolism	Drug metabolism	Drug metabolism	Drug metabolism	Drug metabolism	Drug metabolism	Drug metabolism	Drug metabolism	NA	NA	NA	NA	NA	NA	NA	NA	intercompartmental	intercompartmental	intercompartmental	intercompartmental	intercompartmental	intercompartmental	intercompartmental	intercompartmental
EX_3hpvstet[e]	77.3326572008114	69.3164556962025	43.4056473829201	96.4795918367347	61.2754650132861	68.8465499485067	71.1629479377958	96.2126358695652	Exchange/demand reaction	Exchange/demand reaction	Exchange/demand reaction	Exchange/demand reaction	Exchange/demand reaction	Exchange/demand reaction	Exchange/demand reaction	Exchange/demand reaction	NA	NA	NA	NA	NA	NA	NA	NA	[e]	[e]	[e]	[e]	[e]	[e]	[e]	[e]
3HPVSCOAhc	77.3326572008114	69.3164556962025	43.4056473829201	96.4795918367347	61.2754650132861	68.8465499485067	71.1629479377958	96.2126358695652	Drug metabolism	Drug metabolism	Drug metabolism	Drug metabolism	Drug metabolism	Drug metabolism	Drug metabolism	Drug metabolism	NA	NA	NA	NA	NA	NA	NA	NA	[c]	[c]	[c]	[c]	[c]	[c]	[c]	[c]
3HPVSTEThc	77.3326572008114	69.3164556962025	43.4056473829201	96.4795918367347	61.2754650132861	68.8465499485067	71.1629479377958	96.2126358695652	Drug metabolism	Drug metabolism	Drug metabolism	Drug metabolism	Drug metabolism	Drug metabolism	Drug metabolism	Drug metabolism	NA	NA	NA	NA	NA	NA	NA	NA	[c]	[c]	[c]	[c]	[c]	[c]	[c]	[c]
ADRNCPT2	77.1805273833671	32.3881856540084	98.0027548209366	53.1972789115646	60.6731620903454	30.0377617576382	96.2474645030426	41.898777173913	Fatty acid oxidation	Fatty acid oxidation	Fatty acid oxidation	Fatty acid oxidation	Fatty acid oxidation	Fatty acid oxidation	Fatty acid oxidation	Fatty acid oxidation	carnitine shuttle	carnitine shuttle	carnitine shuttle	carnitine shuttle	carnitine shuttle	carnitine shuttle	carnitine shuttle	carnitine shuttle	[m]	[m]	[m]	[m]	[m]	[m]	[m]	[m]
EX_serlyshis[e]	76.7072346179851	46.8185654008439	35.5888429752066	46.3095238095238	58.7245349867139	47.0820460006866	97.7856659905341	60.5638586956522	Exchange/demand reaction	Exchange/demand reaction	Exchange/demand reaction	Exchange/demand reaction	Exchange/demand reaction	Exchange/demand reaction	Exchange/demand reaction	Exchange/demand reaction	NA	NA	NA	NA	NA	NA	NA	NA	[e]	[e]	[e]	[e]	[e]	[e]	[e]	[e]
SERLYSHISt	76.7072346179851	46.8185654008439	35.5888429752066	46.3095238095238	58.7245349867139	47.0820460006866	97.7856659905341	60.5638586956522	Transport, extracellular	Transport, extracellular	Transport, extracellular	Transport, extracellular	Transport, extracellular	Transport, extracellular	Transport, extracellular	Transport, extracellular	NA	NA	NA	NA	NA	NA	NA	NA	intercompartmental	intercompartmental	intercompartmental	intercompartmental	intercompartmental	intercompartmental	intercompartmental	intercompartmental
SERLYSHISr	76.7072346179851	46.8185654008439	35.5888429752066	46.3095238095238	58.7245349867139	47.0820460006866	97.7856659905341	60.5638586956522	Peptide metabolism	Peptide metabolism	Peptide metabolism	Peptide metabolism	Peptide metabolism	Peptide metabolism	Peptide metabolism	Peptide metabolism	NA	NA	NA	NA	NA	NA	NA	NA	[c]	[c]	[c]	[c]	[c]	[c]	[c]	[c]
S6TASE21ly	76.5382014874915	64.1856540084388	57.7307162534435	67.9931972789116	NA	62.1009268795057	90.0101419878296	79.2289402173913	Keratan sulfate degradation	Keratan sulfate degradation	Keratan sulfate degradation	Keratan sulfate degradation	Keratan sulfate degradation	Keratan sulfate degradation	Keratan sulfate degradation	Keratan sulfate degradation	NA	NA	NA	NA	NA	NA	NA	NA	[l]	[l]	[l]	[l]	[l]	[l]	[l]	[l]
ABUTt2r	75.5240027045301	69.0295358649789	92.0282369146005	99.7108843537415	58.8662533215235	1.09852385856505	60.209601081812	99.9320652173913	Transport, extracellular	Transport, extracellular	Transport, extracellular	Transport, extracellular	Transport, extracellular	Transport, extracellular	Transport, extracellular	Transport, extracellular	NA	NA	NA	NA	NA	NA	NA	NA	intercompartmental	intercompartmental	intercompartmental	intercompartmental	intercompartmental	intercompartmental	intercompartmental	intercompartmental
EX_4hpro[e]	74.3576741041244	56.4894514767932	65.9951790633609	53.1632653061225	73.5341009743136	67.0957775489186	97.2785665990534	72.1467391304348	Exchange/demand reaction	Exchange/demand reaction	Exchange/demand reaction	Exchange/demand reaction	Exchange/demand reaction	Exchange/demand reaction	Exchange/demand reaction	Exchange/demand reaction	NA	NA	NA	NA	NA	NA	NA	NA	[e]	[e]	[e]	[e]	[e]	[e]	[e]	[e]
EX_tyrargser[e]	73.3096686950642	52.2194092827004	39.2906336088154	50.8333333333333	71.0894596988485	45.8290422245108	97.9039891818797	63.0604619565217	Exchange/demand reaction	Exchange/demand reaction	Exchange/demand reaction	Exchange/demand reaction	Exchange/demand reaction	Exchange/demand reaction	Exchange/demand reaction	Exchange/demand reaction	NA	NA	NA	NA	NA	NA	NA	NA	[e]	[e]	[e]	[e]	[e]	[e]	[e]	[e]
TYRARGSERt	73.3096686950642	52.2194092827004	39.2906336088154	50.8333333333333	71.0894596988485	45.8290422245108	97.9039891818797	63.0604619565217	Transport, extracellular	Transport, extracellular	Transport, extracellular	Transport, extracellular	Transport, extracellular	Transport, extracellular	Transport, extracellular	Transport, extracellular	NA	NA	NA	NA	NA	NA	NA	NA	intercompartmental	intercompartmental	intercompartmental	intercompartmental	intercompartmental	intercompartmental	intercompartmental	intercompartmental
TYRARGSERr	73.3096686950642	52.2194092827004	39.2906336088154	50.8333333333333	71.0894596988485	45.8290422245108	97.9039891818797	63.0604619565217	Peptide metabolism	Peptide metabolism	Peptide metabolism	Peptide metabolism	Peptide metabolism	Peptide metabolism	Peptide metabolism	Peptide metabolism	NA	NA	NA	NA	NA	NA	NA	NA	[c]	[c]	[c]	[c]	[c]	[c]	[c]	[c]
r0355	72.2785665990534	72.168776371308	15.4442148760331	30.7142857142857	26.2178919397697	19.7219361483007	29.9019607843137	99.1508152173913	Glycolysis/gluconeogenesis	Glycolysis/gluconeogenesis	Glycolysis/gluconeogenesis	Glycolysis/gluconeogenesis	Glycolysis/gluconeogenesis	Glycolysis/gluconeogenesis	Glycolysis/gluconeogenesis	Glycolysis/gluconeogenesis	glycolysis	glycolysis	glycolysis	glycolysis	glycolysis	glycolysis	glycolysis	glycolysis	[c]	[c]	[c]	[c]	[c]	[c]	[c]	[c]
CRMte	68.8640973630832	19.2067510548523	28.3057851239669	83.7925170068027	29.5482728077945	31.7885341572262	98.9858012170385	63.9945652173913	Sphingolipid metabolism	Sphingolipid metabolism	Sphingolipid metabolism	Sphingolipid metabolism	Sphingolipid metabolism	Sphingolipid metabolism	Sphingolipid metabolism	Sphingolipid metabolism	NA	NA	NA	NA	NA	NA	NA	NA	intercompartmental	intercompartmental	intercompartmental	intercompartmental	intercompartmental	intercompartmental	intercompartmental	intercompartmental
CRVSM1hr	65.6017579445571	76.9451476793249	84.7279614325069	64.1496598639456	51.3197519929141	NA	46.501014198783	96.9599184782609	Drug metabolism	Drug metabolism	Drug metabolism	Drug metabolism	Drug metabolism	NA	Drug metabolism	Drug metabolism	NA	NA	NA	NA	NA	NA	NA	NA	[r]	[r]	[r]	[r]	[r]	NA	[r]	[r]
CVM1GLUChc	65.6017579445571	76.9451476793249	84.7279614325069	64.1496598639456	51.3197519929141	NA	46.501014198783	96.9599184782609	Drug metabolism	Drug metabolism	Drug metabolism	Drug metabolism	Drug metabolism	NA	Drug metabolism	Drug metabolism	NA	NA	NA	NA	NA	NA	NA	NA	[r]	[r]	[r]	[r]	[r]	NA	[r]	[r]
HMR_0203	65.2974983096687	62.4472573839662	22.5723140495868	98.265306122449	NA	36.2169584620666	35.8519269776876	80.0611413043478	Transport, extracellular	Transport, extracellular	Transport, extracellular	Transport, extracellular	Transport, extracellular	Transport, extracellular	Transport, extracellular	Transport, extracellular	NA	NA	NA	NA	NA	NA	NA	NA	intercompartmental	intercompartmental	intercompartmental	intercompartmental	intercompartmental	intercompartmental	intercompartmental	intercompartmental
EX_thymd[e]	61.7816091954023	78.3628691983122	87.6721763085399	50.2891156462585	49.4242692648361	NA	36.342123056119	95.414402173913	Exchange/demand reaction	Exchange/demand reaction	Exchange/demand reaction	Exchange/demand reaction	Exchange/demand reaction	NA	Exchange/demand reaction	Exchange/demand reaction	NA	NA	NA	NA	NA	NA	NA	NA	[e]	[e]	[e]	[e]	[e]	NA	[e]	[e]
HMR_9640	58.6375929682218	35.7130801687764	6.54269972451791	95.8503401360544	10.0974313551816	NA	19.6754563894523	95.7201086956522	Transport, extracellular	Transport, extracellular	Transport, extracellular	Transport, extracellular	Transport, extracellular	NA	Transport, extracellular	Transport, extracellular	NA	NA	NA	NA	NA	NA	NA	NA	intercompartmental	intercompartmental	intercompartmental	intercompartmental	intercompartmental	NA	intercompartmental	intercompartmental
r1553	54.5469912102772	14.0590717299578	28.7706611570248	27.4829931972789	4.32240921169176	22.1077926536217	99.8816768086545	12.3301630434783	Transport, extracellular	Transport, extracellular	Transport, extracellular	Transport, extracellular	Transport, extracellular	Transport, extracellular	Transport, extracellular	Transport, extracellular	NA	NA	NA	NA	NA	NA	NA	NA	intercompartmental	intercompartmental	intercompartmental	intercompartmental	intercompartmental	intercompartmental	intercompartmental	intercompartmental
r1648	52.7383367139959	38.9535864978903	72.4345730027548	13.3163265306122	20.1240035429584	39.5983522142121	99.4759972954699	36.71875	Transport, extracellular	Transport, extracellular	Transport, extracellular	Transport, extracellular	Transport, extracellular	Transport, extracellular	Transport, extracellular	Transport, extracellular	NA	NA	NA	NA	NA	NA	NA	NA	intercompartmental	intercompartmental	intercompartmental	intercompartmental	intercompartmental	intercompartmental	intercompartmental	intercompartmental
r1590	51.9776876267749	5.53586497890295	73.1060606060606	7.48299319727891	6.30646589902569	26.8966700995537	99.6619337390128	50.883152173913	Transport, extracellular	Transport, extracellular	Transport, extracellular	Transport, extracellular	Transport, extracellular	Transport, extracellular	Transport, extracellular	Transport, extracellular	NA	NA	NA	NA	NA	NA	NA	NA	intercompartmental	intercompartmental	intercompartmental	intercompartmental	intercompartmental	intercompartmental	intercompartmental	intercompartmental
TCHOLAte	51.6903313049358	13.5021097046413	77.7720385674931	9.65986394557823	NA	27.2227943700652	99.4083840432725	23.2846467391304	Transport, extracellular	Transport, extracellular	Transport, extracellular	Transport, extracellular	Transport, extracellular	Transport, extracellular	Transport, extracellular	Transport, extracellular	NA	NA	NA	NA	NA	NA	NA	NA	intercompartmental	intercompartmental	intercompartmental	intercompartmental	intercompartmental	intercompartmental	intercompartmental	intercompartmental
HMR_9191	50.5578093306288	2.12658227848101	71.728650137741	8.57142857142857	12.1877767936227	42.2245108135942	98.7153482082488	9.57880434782609	Transport, extracellular	Transport, extracellular	Transport, extracellular	Transport, extracellular	Transport, extracellular	Transport, extracellular	Transport, extracellular	Transport, extracellular	NA	NA	NA	NA	NA	NA	NA	NA	intercompartmental	intercompartmental	intercompartmental	intercompartmental	intercompartmental	intercompartmental	intercompartmental	intercompartmental
r1552	50.5409060175794	15.4599156118143	5.3202479338843	4.89795918367347	NA	0.738070717473395	99.9830966869506	19.9898097826087	Transport, extracellular	Transport, extracellular	Transport, extracellular	Transport, extracellular	Transport, extracellular	Transport, extracellular	Transport, extracellular	Transport, extracellular	NA	NA	NA	NA	NA	NA	NA	NA	intercompartmental	intercompartmental	intercompartmental	intercompartmental	intercompartmental	intercompartmental	intercompartmental	intercompartmental
CYSGLYexR	50.1183231913455	8.81012658227848	24.982782369146	6.66666666666667	4.87156775907883	10.641949879849	99.7971602434077	24.3716032608696	Transport, extracellular	Transport, extracellular	Transport, extracellular	Transport, extracellular	Transport, extracellular	Transport, extracellular	Transport, extracellular	Transport, extracellular	NA	NA	NA	NA	NA	NA	NA	NA	intercompartmental	intercompartmental	intercompartmental	intercompartmental	intercompartmental	intercompartmental	intercompartmental	intercompartmental
THRGLYexR	49.104124408384	13.4345991561181	75.9986225895317	28.1802721088435	4.25155004428698	11.1912118091315	99.8985801217038	14.4870923913043	Transport, extracellular	Transport, extracellular	Transport, extracellular	Transport, extracellular	Transport, extracellular	Transport, extracellular	Transport, extracellular	Transport, extracellular	NA	NA	NA	NA	NA	NA	NA	NA	intercompartmental	intercompartmental	intercompartmental	intercompartmental	intercompartmental	intercompartmental	intercompartmental	intercompartmental
r1635	48.8505747126437	6.09282700421941	35.1584022038567	13.0272108843537	26.2887511071745	2.02540336422932	99.2224475997295	12.7377717391304	Transport, extracellular	Transport, extracellular	Transport, extracellular	Transport, extracellular	Transport, extracellular	Transport, extracellular	Transport, extracellular	Transport, extracellular	NA	NA	NA	NA	NA	NA	NA	NA	intercompartmental	intercompartmental	intercompartmental	intercompartmental	intercompartmental	intercompartmental	intercompartmental	intercompartmental
r2140	48.580121703854	8.30379746835443	0.137741046831956	13.2993197278912	10.1505757307352	12.4270511500172	99.7802569303583	16.4402173913043	Transport, extracellular	Transport, extracellular	Transport, extracellular	Transport, extracellular	Transport, extracellular	Transport, extracellular	Transport, extracellular	Transport, extracellular	NA	NA	NA	NA	NA	NA	NA	NA	intercompartmental	intercompartmental	intercompartmental	intercompartmental	intercompartmental	intercompartmental	intercompartmental	intercompartmental
r1629	48.5125084516565	11.0210970464135	25.8780991735537	14.3707482993197	NA	31.8743563336766	99.5098039215686	19.4123641304348	Transport, extracellular	Transport, extracellular	Transport, extracellular	Transport, extracellular	Transport, extracellular	Transport, extracellular	Transport, extracellular	Transport, extracellular	NA	NA	NA	NA	NA	NA	NA	NA	intercompartmental	intercompartmental	intercompartmental	intercompartmental	intercompartmental	intercompartmental	intercompartmental	intercompartmental
r1637	48.3603786342123	12.0337552742616	1.8767217630854	8.36734693877551	7.79450841452613	35.444558874013	99.3576741041244	13.0434782608696	Transport, extracellular	Transport, extracellular	Transport, extracellular	Transport, extracellular	Transport, extracellular	Transport, extracellular	Transport, extracellular	Transport, extracellular	NA	NA	NA	NA	NA	NA	NA	NA	intercompartmental	intercompartmental	intercompartmental	intercompartmental	intercompartmental	intercompartmental	intercompartmental	intercompartmental
r2127	48.2589587559162	14.210970464135	12.58608815427	7.53401360544218	0.0354295837023915	13.4912461380021	99.0365111561866	11.6338315217391	Transport, extracellular	Transport, extracellular	Transport, extracellular	Transport, extracellular	Transport, extracellular	Transport, extracellular	Transport, extracellular	Transport, extracellular	NA	NA	NA	NA	NA	NA	NA	NA	intercompartmental	intercompartmental	intercompartmental	intercompartmental	intercompartmental	intercompartmental	intercompartmental	intercompartmental
r1612	47.3799864773496	16.6413502109705	28.271349862259	12.108843537415	15.7307351638618	1.51047030552695	99.1379310344828	20.3974184782609	Transport, extracellular	Transport, extracellular	Transport, extracellular	Transport, extracellular	Transport, extracellular	Transport, extracellular	Transport, extracellular	Transport, extracellular	NA	NA	NA	NA	NA	NA	NA	NA	intercompartmental	intercompartmental	intercompartmental	intercompartmental	intercompartmental	intercompartmental	intercompartmental	intercompartmental
r1568	47.2954699121028	10.042194092827	19.8347107438017	12.8231292517007	11.0894596988485	22.6570545829042	99.3069641649763	14.1134510869565	Transport, extracellular	Transport, extracellular	Transport, extracellular	Transport, extracellular	Transport, extracellular	Transport, extracellular	Transport, extracellular	Transport, extracellular	NA	NA	NA	NA	NA	NA	NA	NA	intercompartmental	intercompartmental	intercompartmental	intercompartmental	intercompartmental	intercompartmental	intercompartmental	intercompartmental
LTC4CP	47.2616632860041	67.2236286919831	2.5137741046832	72.3299319727891	11.7449069973428	NA	12.3225152129817	96.4504076086957	Eicosanoid metabolism	Eicosanoid metabolism	Eicosanoid metabolism	Eicosanoid metabolism	Eicosanoid metabolism	NA	Eicosanoid metabolism	Eicosanoid metabolism	NA	NA	NA	NA	NA	NA	NA	NA	[c]	[c]	[c]	[c]	[c]	NA	[c]	[c]
r1547	47.0081135902637	14.5822784810127	27.4621212121212	26.7687074829932	4.37555358724535	1.25300377617576	99.8647734956051	24.5754076086957	Transport, extracellular	Transport, extracellular	Transport, extracellular	Transport, extracellular	Transport, extracellular	Transport, extracellular	Transport, extracellular	Transport, extracellular	NA	NA	NA	NA	NA	NA	NA	NA	intercompartmental	intercompartmental	intercompartmental	intercompartmental	intercompartmental	intercompartmental	intercompartmental	intercompartmental
5MTHFt2	46.8897903989182	8.18565400843882	74.4318181818182	16.2244897959184	1.82462356067316	20.7346378304154	0.118323191345504	99.9830163043478	Transport, extracellular	Transport, extracellular	Transport, extracellular	Transport, extracellular	Transport, extracellular	Transport, extracellular	Transport, extracellular	Transport, extracellular	NA	NA	NA	NA	NA	NA	NA	NA	intercompartmental	intercompartmental	intercompartmental	intercompartmental	intercompartmental	intercompartmental	intercompartmental	intercompartmental
PIt8	46.31507775524	17.2658227848101	76.5151515151515	24.2176870748299	NA	43.5976656368005	99.4929006085193	12.4320652173913	Transport, extracellular	Transport, extracellular	Transport, extracellular	Transport, extracellular	Transport, extracellular	Transport, extracellular	Transport, extracellular	Transport, extracellular	NA	NA	NA	NA	NA	NA	NA	NA	intercompartmental	intercompartmental	intercompartmental	intercompartmental	intercompartmental	intercompartmental	intercompartmental	intercompartmental
r1627	46.2474645030426	9.08016877637131	2.37603305785124	10.0680272108844	22.1789193976971	1.69927909371782	99.340770791075	15.3872282608696	Transport, extracellular	Transport, extracellular	Transport, extracellular	Transport, extracellular	Transport, extracellular	Transport, extracellular	Transport, extracellular	Transport, extracellular	NA	NA	NA	NA	NA	NA	NA	NA	intercompartmental	intercompartmental	intercompartmental	intercompartmental	intercompartmental	intercompartmental	intercompartmental	intercompartmental
THYOXt2	46.1460446247465	13.4514767932489	78.5296143250689	8.84353741496599	1.52347209920283	28.1496738757295	99.3745774171738	5.94429347826087	Transport, extracellular	Transport, extracellular	Transport, extracellular	Transport, extracellular	Transport, extracellular	Transport, extracellular	Transport, extracellular	Transport, extracellular	NA	NA	NA	NA	NA	NA	NA	NA	intercompartmental	intercompartmental	intercompartmental	intercompartmental	intercompartmental	intercompartmental	intercompartmental	intercompartmental
r1569	45.9432048681542	9.14767932489451	71.4187327823691	8.31632653061224	8.87511071744907	38.2766906968761	99.5774171737661	12.0244565217391	Transport, extracellular	Transport, extracellular	Transport, extracellular	Transport, extracellular	Transport, extracellular	Transport, extracellular	Transport, extracellular	Transport, extracellular	NA	NA	NA	NA	NA	NA	NA	NA	intercompartmental	intercompartmental	intercompartmental	intercompartmental	intercompartmental	intercompartmental	intercompartmental	intercompartmental
r2097	45.7234617985125	6.75105485232067	15.495867768595	16.5986394557823	14.6678476527901	15.9114315139032	98.6646382691007	16.8138586956522	Transport, extracellular	Transport, extracellular	Transport, extracellular	Transport, extracellular	Transport, extracellular	Transport, extracellular	Transport, extracellular	Transport, extracellular	NA	NA	NA	NA	NA	NA	NA	NA	intercompartmental	intercompartmental	intercompartmental	intercompartmental	intercompartmental	intercompartmental	intercompartmental	intercompartmental
NCNt	45.5713319810683	33.7552742616034	13.8774104683196	4.52380952380952	12.400354295837	35.1184346035015	12.9141311697093	99.8471467391304	Transport, extracellular	Transport, extracellular	Transport, extracellular	Transport, extracellular	Transport, extracellular	Transport, extracellular	Transport, extracellular	Transport, extracellular	NA	NA	NA	NA	NA	NA	NA	NA	intercompartmental	intercompartmental	intercompartmental	intercompartmental	intercompartmental	intercompartmental	intercompartmental	intercompartmental
r1548	44.7261663286004	13.5864978902954	11.0709366391185	5.57823129251701	4.53498671390611	2.72914521112255	99.8309668695064	13.5869565217391	Transport, extracellular	Transport, extracellular	Transport, extracellular	Transport, extracellular	Transport, extracellular	Transport, extracellular	Transport, extracellular	Transport, extracellular	NA	NA	NA	NA	NA	NA	NA	NA	intercompartmental	intercompartmental	intercompartmental	intercompartmental	intercompartmental	intercompartmental	intercompartmental	intercompartmental
r1567	44.5740365111562	23.3248945147679	37.654958677686	22.6530612244898	35.2170062001771	17.8681771369722	99.0703177822853	12.5509510869565	Transport, extracellular	Transport, extracellular	Transport, extracellular	Transport, extracellular	Transport, extracellular	Transport, extracellular	Transport, extracellular	Transport, extracellular	NA	NA	NA	NA	NA	NA	NA	NA	intercompartmental	intercompartmental	intercompartmental	intercompartmental	intercompartmental	intercompartmental	intercompartmental	intercompartmental
r1561	44.0162271805274	7.37552742616034	36.1225895316804	20.8163265306122	5.47387068201949	34.0027463096464	99.1210277214334	16.9667119565217	Transport, extracellular	Transport, extracellular	Transport, extracellular	Transport, extracellular	Transport, extracellular	Transport, extracellular	Transport, extracellular	Transport, extracellular	NA	NA	NA	NA	NA	NA	NA	NA	intercompartmental	intercompartmental	intercompartmental	intercompartmental	intercompartmental	intercompartmental	intercompartmental	intercompartmental
r0942	42.7484787018256	11.6455696202532	0.120523415977961	14.7789115646258	24.5881310894597	45.9491932715414	20.7234617985125	95.414402173913	Transport, extracellular	Transport, extracellular	Transport, extracellular	Transport, extracellular	Transport, extracellular	Transport, extracellular	Transport, extracellular	Transport, extracellular	NA	NA	NA	NA	NA	NA	NA	NA	intercompartmental	intercompartmental	intercompartmental	intercompartmental	intercompartmental	intercompartmental	intercompartmental	intercompartmental
r1600	40.7538877620013	18.5316455696203	8.17837465564738	10.3061224489796	12.1169176262179	7.89564023343632	99.3238674780257	12.6698369565217	Transport, extracellular	Transport, extracellular	Transport, extracellular	Transport, extracellular	Transport, extracellular	Transport, extracellular	Transport, extracellular	Transport, extracellular	NA	NA	NA	NA	NA	NA	NA	NA	intercompartmental	intercompartmental	intercompartmental	intercompartmental	intercompartmental	intercompartmental	intercompartmental	intercompartmental
HMR_3951	40.3313049357674	13.4683544303797	69.8519283746556	9.98299319727891	10.4517271922055	19.121180913148	2.07910750507099	98.930027173913	Transport, extracellular	Transport, extracellular	Transport, extracellular	Transport, extracellular	Transport, extracellular	Transport, extracellular	Transport, extracellular	Transport, extracellular	NA	NA	NA	NA	NA	NA	NA	NA	intercompartmental	intercompartmental	intercompartmental	intercompartmental	intercompartmental	intercompartmental	intercompartmental	intercompartmental
r2200	40.1960784313725	76.7594936708861	0.654269972451791	NA	NA	NA	0.557809330628803	95.414402173913	Transport, extracellular	Transport, extracellular	Transport, extracellular	NA	Transport, extracellular	NA	Transport, extracellular	Transport, extracellular	NA	NA	NA	NA	NA	NA	NA	NA	intercompartmental	intercompartmental	intercompartmental	NA	intercompartmental	NA	intercompartmental	intercompartmental
TXA2tr	38.3198106828938	3.49367088607595	9.55578512396694	NA	NA	NA	7.42055442866802	95.414402173913	Transport, endoplasmic reticular	Transport, endoplasmic reticular	Transport, endoplasmic reticular	NA	Transport, endoplasmic reticular	NA	Transport, endoplasmic reticular	Transport, endoplasmic reticular	NA	NA	NA	NA	NA	NA	NA	NA	intercompartmental	intercompartmental	intercompartmental	NA	intercompartmental	NA	intercompartmental	intercompartmental
NTD12	38.1676808654496	61.8396624472574	43.4573002754821	77.7551020408163	64.162976085031	66.8554754548575	93.1879648411089	72.9110054347826	Nucleotide interconversion	Nucleotide interconversion	Nucleotide interconversion	Nucleotide interconversion	Nucleotide interconversion	Nucleotide interconversion	Nucleotide interconversion	Nucleotide interconversion	purine catabolism, cytosol	purine catabolism, cytosol	purine catabolism, cytosol	purine catabolism, cytosol	purine catabolism, cytosol	purine catabolism, cytosol	purine catabolism, cytosol	purine catabolism, cytosol	[c]	[c]	[c]	[c]	[c]	[c]	[c]	[c]
NTPP10	38.1676808654496	61.8396624472574	43.4573002754821	77.7551020408163	64.162976085031	66.8554754548575	93.1879648411089	72.9110054347826	Nucleotide interconversion	Nucleotide interconversion	Nucleotide interconversion	Nucleotide interconversion	Nucleotide interconversion	Nucleotide interconversion	Nucleotide interconversion	Nucleotide interconversion	purine catabolism, cytosol	purine catabolism, cytosol	purine catabolism, cytosol	purine catabolism, cytosol	purine catabolism, cytosol	purine catabolism, cytosol	purine catabolism, cytosol	purine catabolism, cytosol	[c]	[c]	[c]	[c]	[c]	[c]	[c]	[c]
ACGPID	38.1338742393509	61.7215189873418	64.9276859504132	64.4727891156463	68.6448184233835	68.4517679368349	89.367816091954	74.5754076086957	Phosphatidylinositol phosphate metabolism	Phosphatidylinositol phosphate metabolism	Phosphatidylinositol phosphate metabolism	Phosphatidylinositol phosphate metabolism	Phosphatidylinositol phosphate metabolism	Phosphatidylinositol phosphate metabolism	Phosphatidylinositol phosphate metabolism	Phosphatidylinositol phosphate metabolism	NA	NA	NA	NA	NA	NA	NA	NA	[c]	[c]	[c]	[c]	[c]	[c]	[c]	[c]
DAG_HSter	38.1338742393509	61.7215189873418	64.9276859504132	64.4727891156463	68.6448184233835	68.4517679368349	89.367816091954	74.5754076086957	Transport, endoplasmic reticular	Transport, endoplasmic reticular	Transport, endoplasmic reticular	Transport, endoplasmic reticular	Transport, endoplasmic reticular	Transport, endoplasmic reticular	Transport, endoplasmic reticular	Transport, endoplasmic reticular	NA	NA	NA	NA	NA	NA	NA	NA	intercompartmental	intercompartmental	intercompartmental	intercompartmental	intercompartmental	intercompartmental	intercompartmental	intercompartmental
DOLMANP_Uter	38.1338742393509	61.7215189873418	64.9276859504132	64.4727891156463	68.6448184233835	68.4517679368349	89.367816091954	74.5754076086957	N-glycan synthesis	N-glycan synthesis	N-glycan synthesis	N-glycan synthesis	N-glycan synthesis	N-glycan synthesis	N-glycan synthesis	N-glycan synthesis	NA	NA	NA	NA	NA	NA	NA	NA	intercompartmental	intercompartmental	intercompartmental	intercompartmental	intercompartmental	intercompartmental	intercompartmental	intercompartmental
DOLPMT3_Uer	38.1338742393509	61.7215189873418	64.9276859504132	64.4727891156463	68.6448184233835	68.4517679368349	89.367816091954	74.5754076086957	N-glycan synthesis	N-glycan synthesis	N-glycan synthesis	N-glycan synthesis	N-glycan synthesis	N-glycan synthesis	N-glycan synthesis	N-glycan synthesis	NA	NA	NA	NA	NA	NA	NA	NA	[c]	[c]	[c]	[c]	[c]	[c]	[c]	[c]
DOLPMT4_Uer	38.1338742393509	68.0337552742616	64.9276859504132	64.4727891156463	68.6448184233835	68.4517679368349	89.367816091954	74.5754076086957	N-glycan synthesis	N-glycan synthesis	N-glycan synthesis	N-glycan synthesis	N-glycan synthesis	N-glycan synthesis	N-glycan synthesis	N-glycan synthesis	NA	NA	NA	NA	NA	NA	NA	NA	intercompartmental	intercompartmental	intercompartmental	intercompartmental	intercompartmental	intercompartmental	intercompartmental	intercompartmental
GACPAILter	38.1338742393509	61.7215189873418	64.9276859504132	64.4727891156463	68.6448184233835	68.4517679368349	89.367816091954	74.5754076086957	Transport, endoplasmic reticular	Transport, endoplasmic reticular	Transport, endoplasmic reticular	Transport, endoplasmic reticular	Transport, endoplasmic reticular	Transport, endoplasmic reticular	Transport, endoplasmic reticular	Transport, endoplasmic reticular	NA	NA	NA	NA	NA	NA	NA	NA	intercompartmental	intercompartmental	intercompartmental	intercompartmental	intercompartmental	intercompartmental	intercompartmental	intercompartmental
GPIAT	38.1338742393509	61.7215189873418	64.9276859504132	64.4727891156463	68.6448184233835	68.4517679368349	89.367816091954	74.5754076086957	Phosphatidylinositol phosphate metabolism	Phosphatidylinositol phosphate metabolism	Phosphatidylinositol phosphate metabolism	Phosphatidylinositol phosphate metabolism	Phosphatidylinositol phosphate metabolism	Phosphatidylinositol phosphate metabolism	Phosphatidylinositol phosphate metabolism	Phosphatidylinositol phosphate metabolism	NA	NA	NA	NA	NA	NA	NA	NA	[c]	[c]	[c]	[c]	[c]	[c]	[c]	[c]
GPIMTer_U	38.1338742393509	61.7215189873418	64.9276859504132	64.4727891156463	68.6448184233835	68.4517679368349	89.367816091954	74.5754076086957	Phosphatidylinositol phosphate metabolism	Phosphatidylinositol phosphate metabolism	Phosphatidylinositol phosphate metabolism	Phosphatidylinositol phosphate metabolism	Phosphatidylinositol phosphate metabolism	Phosphatidylinositol phosphate metabolism	Phosphatidylinositol phosphate metabolism	Phosphatidylinositol phosphate metabolism	NA	NA	NA	NA	NA	NA	NA	NA	[r]	[r]	[r]	[r]	[r]	[r]	[r]	[r]
PIACGT	38.1338742393509	61.7215189873418	64.9276859504132	64.4727891156463	68.6448184233835	68.4517679368349	89.367816091954	74.5754076086957	Phosphatidylinositol phosphate metabolism	Phosphatidylinositol phosphate metabolism	Phosphatidylinositol phosphate metabolism	Phosphatidylinositol phosphate metabolism	Phosphatidylinositol phosphate metabolism	Phosphatidylinositol phosphate metabolism	Phosphatidylinositol phosphate metabolism	Phosphatidylinositol phosphate metabolism	NA	NA	NA	NA	NA	NA	NA	NA	[c]	[c]	[c]	[c]	[c]	[c]	[c]	[c]
r1447	37.5084516565247	47.9831223628692	63.3436639118457	81.0374149659864	65.2612931798051	64.126330243735	89.2156862745098	70.5163043478261	Fatty acid oxidation	Fatty acid oxidation	Fatty acid oxidation	Fatty acid oxidation	Fatty acid oxidation	Fatty acid oxidation	Fatty acid oxidation	Fatty acid oxidation	betaoxidation	betaoxidation	betaoxidation	betaoxidation	betaoxidation	betaoxidation	betaoxidation	betaoxidation	[m]	[m]	[m]	[m]	[m]	[m]	[m]	[m]
ACNMLr	37.2718052738337	53.7215189873418	59.8657024793388	74.2006802721088	67.6527900797166	65.6024716786818	97.5659229208925	69.8029891304348	Aminosugar metabolism	Aminosugar metabolism	Aminosugar metabolism	Aminosugar metabolism	Aminosugar metabolism	Aminosugar metabolism	Aminosugar metabolism	Aminosugar metabolism	NA	NA	NA	NA	NA	NA	NA	NA	[c]	[c]	[c]	[c]	[c]	[c]	[c]	[c]
ACGAM2E	37.2718052738337	53.7215189873418	59.8657024793388	74.2006802721088	67.6527900797166	65.6024716786818	97.5659229208925	69.8029891304348	Aminosugar metabolism	Aminosugar metabolism	Aminosugar metabolism	Aminosugar metabolism	Aminosugar metabolism	Aminosugar metabolism	Aminosugar metabolism	Aminosugar metabolism	NA	NA	NA	NA	NA	NA	NA	NA	[c]	[c]	[c]	[c]	[c]	[c]	[c]	[c]
C8CRNe	37.0351588911427	34.4641350210971	66.7183195592286	66.3945578231292	62.5863596102746	NA	94.0331304935767	69.53125	Fatty acid oxidation	Fatty acid oxidation	Fatty acid oxidation	Fatty acid oxidation	Fatty acid oxidation	NA	Fatty acid oxidation	Fatty acid oxidation	NA	NA	NA	NA	NA	NA	NA	NA	intercompartmental	intercompartmental	intercompartmental	intercompartmental	intercompartmental	NA	intercompartmental	intercompartmental
EX_c8crn[e]	37.0351588911427	34.4641350210971	66.7183195592286	66.3945578231292	62.5863596102746	NA	94.0331304935767	69.53125	Exchange/demand reaction	Exchange/demand reaction	Exchange/demand reaction	Exchange/demand reaction	Exchange/demand reaction	NA	Exchange/demand reaction	Exchange/demand reaction	NA	NA	NA	NA	NA	NA	NA	NA	[e]	[e]	[e]	[e]	[e]	NA	[e]	[e]
UDPG4DOPA	37.0013522650439	66.042194092827	63.6363636363636	80.1530612244898	62.2852081488043	69.9279093717817	76.3522650439486	82.8634510869565	Tyrosine metabolism	Tyrosine metabolism	Tyrosine metabolism	Tyrosine metabolism	Tyrosine metabolism	Tyrosine metabolism	Tyrosine metabolism	Tyrosine metabolism	NA	NA	NA	NA	NA	NA	NA	NA	[c]	[c]	[c]	[c]	[c]	[c]	[c]	[c]
UDPG3DOPA	37.0013522650439	66.042194092827	63.6363636363636	80.1530612244898	62.2852081488043	69.9279093717817	76.3522650439486	82.8634510869565	Tyrosine metabolism	Tyrosine metabolism	Tyrosine metabolism	Tyrosine metabolism	Tyrosine metabolism	Tyrosine metabolism	Tyrosine metabolism	Tyrosine metabolism	NA	NA	NA	NA	NA	NA	NA	NA	[c]	[c]	[c]	[c]	[c]	[c]	[c]	[c]
DOPA4GLCURt	37.0013522650439	66.042194092827	63.6363636363636	80.1530612244898	62.2852081488043	69.9279093717817	76.3522650439486	82.8634510869565	Transport, extracellular	Transport, extracellular	Transport, extracellular	Transport, extracellular	Transport, extracellular	Transport, extracellular	Transport, extracellular	Transport, extracellular	NA	NA	NA	NA	NA	NA	NA	NA	intercompartmental	intercompartmental	intercompartmental	intercompartmental	intercompartmental	intercompartmental	intercompartmental	intercompartmental
EX_dopa4glcur[e]	37.0013522650439	66.042194092827	63.6363636363636	80.1530612244898	62.2852081488043	69.9279093717817	76.3522650439486	82.8634510869565	Exchange/demand reaction	Exchange/demand reaction	Exchange/demand reaction	Exchange/demand reaction	Exchange/demand reaction	Exchange/demand reaction	Exchange/demand reaction	Exchange/demand reaction	NA	NA	NA	NA	NA	NA	NA	NA	[e]	[e]	[e]	[e]	[e]	[e]	[e]	[e]
DOPA3GLCURt	37.0013522650439	66.042194092827	63.6363636363636	80.1530612244898	62.2852081488043	69.9279093717817	76.3522650439486	82.8634510869565	Transport, extracellular	Transport, extracellular	Transport, extracellular	Transport, extracellular	Transport, extracellular	Transport, extracellular	Transport, extracellular	Transport, extracellular	NA	NA	NA	NA	NA	NA	NA	NA	intercompartmental	intercompartmental	intercompartmental	intercompartmental	intercompartmental	intercompartmental	intercompartmental	intercompartmental
EX_dopa3glcur[e]	37.0013522650439	66.042194092827	63.6363636363636	80.1530612244898	62.2852081488043	69.9279093717817	76.3522650439486	82.8634510869565	Exchange/demand reaction	Exchange/demand reaction	Exchange/demand reaction	Exchange/demand reaction	Exchange/demand reaction	Exchange/demand reaction	Exchange/demand reaction	Exchange/demand reaction	NA	NA	NA	NA	NA	NA	NA	NA	[e]	[e]	[e]	[e]	[e]	[e]	[e]	[e]
DM_Asn_X_Ser_Thr_ly_	36.7139959432049	68.7088607594937	95.3684573002755	78.3503401360544	68.0070859167405	69.996567112942	87.9817444219067	80.1630434782609	Exchange/demand reaction	Exchange/demand reaction	Exchange/demand reaction	Exchange/demand reaction	Exchange/demand reaction	Exchange/demand reaction	Exchange/demand reaction	Exchange/demand reaction	NA	NA	NA	NA	NA	NA	NA	NA	[l]	[l]	[l]	[l]	[l]	[l]	[l]	[l]
ENGASE3ly	36.7139959432049	68.7088607594937	95.3684573002755	78.3503401360544	68.0070859167405	69.996567112942	87.9817444219067	80.1630434782609	Keratan sulfate degradation	Keratan sulfate degradation	Keratan sulfate degradation	Keratan sulfate degradation	Keratan sulfate degradation	Keratan sulfate degradation	Keratan sulfate degradation	Keratan sulfate degradation	NA	NA	NA	NA	NA	NA	NA	NA	[l]	[l]	[l]	[l]	[l]	[l]	[l]	[l]
GASNASE3ly	36.7139959432049	68.7088607594937	95.3684573002755	78.3503401360544	68.0070859167405	69.996567112942	87.9817444219067	80.1630434782609	Keratan sulfate degradation	Keratan sulfate degradation	Keratan sulfate degradation	Keratan sulfate degradation	Keratan sulfate degradation	Keratan sulfate degradation	Keratan sulfate degradation	Keratan sulfate degradation	NA	NA	NA	NA	NA	NA	NA	NA	[l]	[l]	[l]	[l]	[l]	[l]	[l]	[l]
SIAASE2ly	36.7139959432049	68.7088607594937	95.3684573002755	78.3503401360544	68.0070859167405	69.996567112942	87.9817444219067	80.1630434782609	Keratan sulfate degradation	Keratan sulfate degradation	Keratan sulfate degradation	Keratan sulfate degradation	Keratan sulfate degradation	Keratan sulfate degradation	Keratan sulfate degradation	Keratan sulfate degradation	NA	NA	NA	NA	NA	NA	NA	NA	[l]	[l]	[l]	[l]	[l]	[l]	[l]	[l]
DMNONCRNCPT2	25.5578093306288	27.1392405063291	97.9166666666667	63.2312925170068	69.7962798937112	62.5643666323378	89.841108857336	81.8444293478261	Fatty acid oxidation	Fatty acid oxidation	Fatty acid oxidation	Fatty acid oxidation	Fatty acid oxidation	Fatty acid oxidation	Fatty acid oxidation	Fatty acid oxidation	carnitine shuttle	carnitine shuttle	carnitine shuttle	carnitine shuttle	carnitine shuttle	carnitine shuttle	carnitine shuttle	carnitine shuttle	[m]	[m]	[m]	[m]	[m]	[m]	[m]	[m]
EX_idour[e]	25.5409060175794	78.0928270042194	57.5585399449036	75.765306122449	67.5287865367582	64.7957432200481	92.4273157538878	73.046875	Exchange/demand reaction	Exchange/demand reaction	Exchange/demand reaction	Exchange/demand reaction	Exchange/demand reaction	Exchange/demand reaction	Exchange/demand reaction	Exchange/demand reaction	NA	NA	NA	NA	NA	NA	NA	NA	[e]	[e]	[e]	[e]	[e]	[e]	[e]	[e]
NACHEX22ly	25.1690331304936	69.2489451476793	43.4228650137741	79.4897959183673	NA	60.4703055269482	89.1818796484111	70.8729619565217	Keratan sulfate degradation	Keratan sulfate degradation	Keratan sulfate degradation	Keratan sulfate degradation	Keratan sulfate degradation	Keratan sulfate degradation	Keratan sulfate degradation	Keratan sulfate degradation	NA	NA	NA	NA	NA	NA	NA	NA	[l]	[l]	[l]	[l]	[l]	[l]	[l]	[l]
HMR_2282	25.0845165652468	77.7552742616034	91.7183195592286	27.891156462585	63.25952170062	68.7778922073464	91.7342799188641	69.4633152173913	Fatty acid synthesis	Fatty acid synthesis	Fatty acid synthesis	Fatty acid synthesis	Fatty acid synthesis	Fatty acid synthesis	Fatty acid synthesis	Fatty acid synthesis	NA	NA	NA	NA	NA	NA	NA	NA	[c]	[c]	[c]	[c]	[c]	[c]	[c]	[c]
EX_M00117[e]	25.0845165652468	77.7552742616034	91.7355371900827	27.8741496598639	61.4526129317981	68.8808788190869	91.7342799188641	69.6501358695652	Exchange/demand reaction	Exchange/demand reaction	Exchange/demand reaction	Exchange/demand reaction	Exchange/demand reaction	Exchange/demand reaction	Exchange/demand reaction	Exchange/demand reaction	NA	NA	NA	NA	NA	NA	NA	NA	[e]	[e]	[e]	[e]	[e]	[e]	[e]	[e]
r0360	24.7464503042596	67.5443037974684	63.1198347107438	64.2517006802721	61.5234720992028	70.3398558187436	95.605138607167	98.2506793478261	Fructose and mannose metabolism	Fructose and mannose metabolism	Fructose and mannose metabolism	Fructose and mannose metabolism	Fructose and mannose metabolism	Fructose and mannose metabolism	Fructose and mannose metabolism	Fructose and mannose metabolism	NA	NA	NA	NA	NA	NA	NA	NA	[c]	[c]	[c]	[c]	[c]	[c]	[c]	[c]
sink_c101coa[c]	24.7295469912103	50.4303797468354	66.4256198347107	94.9319727891156	71.496899911426	66.7524888431171	69.3711967545639	98.6073369565217	Fatty acid oxidation	Fatty acid oxidation	Fatty acid oxidation	Fatty acid oxidation	Fatty acid oxidation	Fatty acid oxidation	Fatty acid oxidation	Fatty acid oxidation	NA	NA	NA	NA	NA	NA	NA	NA	[c]	[c]	[c]	[c]	[c]	[c]	[c]	[c]
C101CPT1	24.7295469912103	50.4303797468354	66.4256198347107	94.9319727891156	71.496899911426	66.7524888431171	69.3711967545639	98.6073369565217	Fatty acid oxidation	Fatty acid oxidation	Fatty acid oxidation	Fatty acid oxidation	Fatty acid oxidation	Fatty acid oxidation	Fatty acid oxidation	Fatty acid oxidation	carnitine shuttle	carnitine shuttle	carnitine shuttle	carnitine shuttle	carnitine shuttle	carnitine shuttle	carnitine shuttle	carnitine shuttle	[c]	[c]	[c]	[c]	[c]	[c]	[c]	[c]
C101CRNe	24.7295469912103	50.4303797468354	66.4256198347107	94.9319727891156	71.496899911426	66.7524888431171	69.3711967545639	98.6073369565217	Fatty acid oxidation	Fatty acid oxidation	Fatty acid oxidation	Fatty acid oxidation	Fatty acid oxidation	Fatty acid oxidation	Fatty acid oxidation	Fatty acid oxidation	NA	NA	NA	NA	NA	NA	NA	NA	intercompartmental	intercompartmental	intercompartmental	intercompartmental	intercompartmental	intercompartmental	intercompartmental	intercompartmental
EX_c101crn[e]	24.7295469912103	50.4303797468354	66.4256198347107	94.9319727891156	71.496899911426	66.7524888431171	69.3711967545639	98.6073369565217	Exchange/demand reaction	Exchange/demand reaction	Exchange/demand reaction	Exchange/demand reaction	Exchange/demand reaction	Exchange/demand reaction	Exchange/demand reaction	Exchange/demand reaction	NA	NA	NA	NA	NA	NA	NA	NA	[e]	[e]	[e]	[e]	[e]	[e]	[e]	[e]
GALtly	24.4252873563218	79.831223628692	39.9621212121212	1.80272108843537	69.8139946855624	5.18365945760384	62.9817444219067	83.9504076086957	Transport, lysosomal	Transport, lysosomal	Transport, lysosomal	Transport, lysosomal	Transport, lysosomal	Transport, lysosomal	Transport, lysosomal	Transport, lysosomal	NA	NA	NA	NA	NA	NA	NA	NA	intercompartmental	intercompartmental	intercompartmental	intercompartmental	intercompartmental	intercompartmental	intercompartmental	intercompartmental
EX_ptdca[e]	24.1717376605815	48.3037974683544	66.1157024793389	78.469387755102	68.3082373782108	61.7748026089942	89.1480730223124	96.875	Exchange/demand reaction	Exchange/demand reaction	Exchange/demand reaction	Exchange/demand reaction	Exchange/demand reaction	Exchange/demand reaction	Exchange/demand reaction	Exchange/demand reaction	NA	NA	NA	NA	NA	NA	NA	NA	[e]	[e]	[e]	[e]	[e]	[e]	[e]	[e]
ASAH1	23.9858012170385	20.1350210970464	97.6411845730028	77.6190476190476	67.9362267493357	65.430827325781	89.4861392832995	28.0400815217391	Sphingolipid metabolism	Sphingolipid metabolism	Sphingolipid metabolism	Sphingolipid metabolism	Sphingolipid metabolism	Sphingolipid metabolism	Sphingolipid metabolism	Sphingolipid metabolism	NA	NA	NA	NA	NA	NA	NA	NA	[l]	[l]	[l]	[l]	[l]	[l]	[l]	[l]
GLB1	23.9858012170385	35.1392405063291	97.6411845730028	77.9591836734694	67.9362267493357	69.344318571919	89.4861392832995	98.2506793478261	Sphingolipid metabolism	Sphingolipid metabolism	Sphingolipid metabolism	Sphingolipid metabolism	Sphingolipid metabolism	Sphingolipid metabolism	Sphingolipid metabolism	Sphingolipid metabolism	NA	NA	NA	NA	NA	NA	NA	NA	[l]	[l]	[l]	[l]	[l]	[l]	[l]	[l]
GLCtly	23.9858012170385	20.1350210970464	97.6411845730028	NA	67.9362267493357	65.430827325781	89.4861392832995	28.0400815217391	Transport, lysosomal	Transport, lysosomal	Transport, lysosomal	NA	Transport, lysosomal	Transport, lysosomal	Transport, lysosomal	Transport, lysosomal	NA	NA	NA	NA	NA	NA	NA	NA	intercompartmental	intercompartmental	intercompartmental	NA	intercompartmental	intercompartmental	intercompartmental	intercompartmental
RTOTALt	23.9858012170385	20.1350210970464	97.6411845730028	44.812925170068	67.9362267493357	65.430827325781	89.4861392832995	18.8009510869565	Transport, extracellular	Transport, extracellular	Transport, extracellular	Transport, extracellular	Transport, extracellular	Transport, extracellular	Transport, extracellular	Transport, extracellular	NA	NA	NA	NA	NA	NA	NA	NA	intercompartmental	intercompartmental	intercompartmental	intercompartmental	intercompartmental	intercompartmental	intercompartmental	intercompartmental
Rtotaltl	23.9858012170385	20.1350210970464	97.6411845730028	77.6190476190476	67.9362267493357	65.430827325781	89.4861392832995	28.0400815217391	Transport, lysosomal	Transport, lysosomal	Transport, lysosomal	Transport, lysosomal	Transport, lysosomal	Transport, lysosomal	Transport, lysosomal	Transport, lysosomal	NA	NA	NA	NA	NA	NA	NA	NA	intercompartmental	intercompartmental	intercompartmental	intercompartmental	intercompartmental	intercompartmental	intercompartmental	intercompartmental
SPHINGStl	23.9858012170385	20.1350210970464	97.6411845730028	77.6190476190476	67.9362267493357	65.430827325781	89.4861392832995	28.0400815217391	Transport, lysosomal	Transport, lysosomal	Transport, lysosomal	Transport, lysosomal	Transport, lysosomal	Transport, lysosomal	Transport, lysosomal	Transport, lysosomal	NA	NA	NA	NA	NA	NA	NA	NA	intercompartmental	intercompartmental	intercompartmental	intercompartmental	intercompartmental	intercompartmental	intercompartmental	intercompartmental
r0655	23.5125084516565	36	95.4028925619835	80.3741496598639	63.3126660761736	61.7061448678338	69.8106828938472	80.078125	Valine, leucine, and isoleucine metabolism	Valine, leucine, and isoleucine metabolism	Valine, leucine, and isoleucine metabolism	Valine, leucine, and isoleucine metabolism	Valine, leucine, and isoleucine metabolism	Valine, leucine, and isoleucine metabolism	Valine, leucine, and isoleucine metabolism	Valine, leucine, and isoleucine metabolism	leucine metabolism	leucine metabolism	leucine metabolism	leucine metabolism	leucine metabolism	leucine metabolism	leucine metabolism	leucine metabolism	[m]	[m]	[m]	[m]	[m]	[m]	[m]	[m]
HMR_3075	23.4956051386072	70.9873417721519	66.9249311294766	10.4251700680272	66.3773250664305	63.3882595262616	93.2724814063556	35.0883152173913	Fatty acid oxidation	Fatty acid oxidation	Fatty acid oxidation	Fatty acid oxidation	Fatty acid oxidation	Fatty acid oxidation	Fatty acid oxidation	Fatty acid oxidation	NA	NA	NA	NA	NA	NA	NA	NA	[x]	[x]	[x]	[x]	[x]	[x]	[x]	[x]
HMR_2771	23.394185260311	28.6244725738397	42.8719008264463	81.5816326530612	NA	22.8630278063852	96.9912102772143	28.3627717391304	Fatty acid oxidation	Fatty acid oxidation	Fatty acid oxidation	Fatty acid oxidation	Fatty acid oxidation	Fatty acid oxidation	Fatty acid oxidation	Fatty acid oxidation	NA	NA	NA	NA	NA	NA	NA	NA	[c]	[c]	[c]	[c]	[c]	[c]	[c]	[c]
HMR_2772	23.394185260311	28.6244725738397	42.8719008264463	81.5816326530612	NA	22.8630278063852	96.9912102772143	28.3627717391304	Transport, mitochondrial	Transport, mitochondrial	Transport, mitochondrial	Transport, mitochondrial	Transport, mitochondrial	Transport, mitochondrial	Transport, mitochondrial	Transport, mitochondrial	NA	NA	NA	NA	NA	NA	NA	NA	intercompartmental	intercompartmental	intercompartmental	intercompartmental	intercompartmental	intercompartmental	intercompartmental	intercompartmental
HMR_2773	23.394185260311	28.6244725738397	42.8719008264463	81.5816326530612	NA	22.8630278063852	96.9912102772143	28.3627717391304	Transport, mitochondrial	Transport, mitochondrial	Transport, mitochondrial	Transport, mitochondrial	Transport, mitochondrial	Transport, mitochondrial	Transport, mitochondrial	Transport, mitochondrial	NA	NA	NA	NA	NA	NA	NA	NA	[m]	[m]	[m]	[m]	[m]	[m]	[m]	[m]
HMR_3424	23.394185260311	28.6244725738397	42.8719008264463	81.5816326530612	NA	22.8630278063852	96.9912102772143	28.3627717391304	Fatty acid oxidation	Fatty acid oxidation	Fatty acid oxidation	Fatty acid oxidation	Fatty acid oxidation	Fatty acid oxidation	Fatty acid oxidation	Fatty acid oxidation	NA	NA	NA	NA	NA	NA	NA	NA	[m]	[m]	[m]	[m]	[m]	[m]	[m]	[m]
DLNLCGCPT2	23.1237322515213	28.1518987341772	55.2513774104683	57.5340136054422	63.8086802480071	48.5066941297631	89.7227856659905	39.9626358695652	Fatty acid oxidation	Fatty acid oxidation	Fatty acid oxidation	Fatty acid oxidation	Fatty acid oxidation	Fatty acid oxidation	Fatty acid oxidation	Fatty acid oxidation	carnitine shuttle	carnitine shuttle	carnitine shuttle	carnitine shuttle	carnitine shuttle	carnitine shuttle	carnitine shuttle	carnitine shuttle	[m]	[m]	[m]	[m]	[m]	[m]	[m]	[m]
UDPACGALtl	22.6673427991886	77.6540084388186	90.650826446281	15.5272108843537	66.9441984056687	21.5756951596292	63.0324543610548	81.8953804347826	Transport, lysosomal	Transport, lysosomal	Transport, lysosomal	Transport, lysosomal	Transport, lysosomal	Transport, lysosomal	Transport, lysosomal	Transport, lysosomal	NA	NA	NA	NA	NA	NA	NA	NA	intercompartmental	intercompartmental	intercompartmental	intercompartmental	intercompartmental	intercompartmental	intercompartmental	intercompartmental
UDPtl	22.6673427991886	77.6540084388186	90.650826446281	15.5272108843537	66.9441984056687	21.5756951596292	63.0324543610548	81.8953804347826	Transport, lysosomal	Transport, lysosomal	Transport, lysosomal	Transport, lysosomal	Transport, lysosomal	Transport, lysosomal	Transport, lysosomal	Transport, lysosomal	NA	NA	NA	NA	NA	NA	NA	NA	intercompartmental	intercompartmental	intercompartmental	intercompartmental	intercompartmental	intercompartmental	intercompartmental	intercompartmental
GALASE19ly	22.6166328600406	77.6540084388186	90.685261707989	15.5272108843537	67.3870682019486	21.5756951596292	62.9648411088573	97.0788043478261	Keratan sulfate degradation	Keratan sulfate degradation	Keratan sulfate degradation	Keratan sulfate degradation	Keratan sulfate degradation	Keratan sulfate degradation	Keratan sulfate degradation	Keratan sulfate degradation	NA	NA	NA	NA	NA	NA	NA	NA	[l]	[l]	[l]	[l]	[l]	[l]	[l]	[l]
NAGLCAly	22.6166328600406	77.6540084388186	90.685261707989	15.5272108843537	67.3870682019486	21.5756951596292	62.9648411088573	97.0788043478261	Keratan sulfate degradation	Keratan sulfate degradation	Keratan sulfate degradation	Keratan sulfate degradation	Keratan sulfate degradation	Keratan sulfate degradation	Keratan sulfate degradation	Keratan sulfate degradation	NA	NA	NA	NA	NA	NA	NA	NA	[l]	[l]	[l]	[l]	[l]	[l]	[l]	[l]
ACACT8p	22.4306964164976	70.9873417721519	57.9717630853995	10.4251700680272	66.8910540301151	63.5942327497425	92.4611223799865	35.0883152173913	Fatty acid oxidation	Fatty acid oxidation	Fatty acid oxidation	Fatty acid oxidation	Fatty acid oxidation	Fatty acid oxidation	Fatty acid oxidation	Fatty acid oxidation	betaoxidation	betaoxidation	betaoxidation	betaoxidation	betaoxidation	betaoxidation	betaoxidation	betaoxidation	[x]	[x]	[x]	[x]	[x]	[x]	[x]	[x]
HMR_3076	22.4306964164976	70.9873417721519	57.9717630853995	10.4251700680272	66.8910540301151	63.5942327497425	92.4611223799865	35.0883152173913	Fatty acid oxidation	Fatty acid oxidation	Fatty acid oxidation	Fatty acid oxidation	Fatty acid oxidation	Fatty acid oxidation	Fatty acid oxidation	Fatty acid oxidation	NA	NA	NA	NA	NA	NA	NA	NA	[x]	[x]	[x]	[x]	[x]	[x]	[x]	[x]
LINKDEG1ly	22.3292765382015	61.873417721519	59.9345730027548	68.6224489795918	64.2161204605846	62.5472021970477	88.7931034482759	74.0828804347826	Heparan sulfate degradation	Heparan sulfate degradation	Heparan sulfate degradation	Heparan sulfate degradation	Heparan sulfate degradation	Heparan sulfate degradation	Heparan sulfate degradation	Heparan sulfate degradation	NA	NA	NA	NA	NA	NA	NA	NA	[l]	[l]	[l]	[l]	[l]	[l]	[l]	[l]
r1448	21.4503042596349	58.8691983122363	61.2431129476584	81.156462585034	65.2435783879539	64.349467902506	89.9256254225828	73.5563858695652	Fatty acid oxidation	Fatty acid oxidation	Fatty acid oxidation	Fatty acid oxidation	Fatty acid oxidation	Fatty acid oxidation	Fatty acid oxidation	Fatty acid oxidation	betaoxidation	betaoxidation	betaoxidation	betaoxidation	betaoxidation	betaoxidation	betaoxidation	betaoxidation	[m]	[m]	[m]	[m]	[m]	[m]	[m]	[m]
H3ETer	21.4164976335362	77.6708860759494	65.8402203856749	83.6224489795918	62.7103631532329	67.1129419842087	89.1649763353617	80.8254076086957	Phosphatidylinositol phosphate metabolism	Phosphatidylinositol phosphate metabolism	Phosphatidylinositol phosphate metabolism	Phosphatidylinositol phosphate metabolism	Phosphatidylinositol phosphate metabolism	Phosphatidylinositol phosphate metabolism	Phosphatidylinositol phosphate metabolism	Phosphatidylinositol phosphate metabolism	phospholipid metabolism, er/ inositol	phospholipid metabolism, er/ inositol	phospholipid metabolism, er/ inositol	phospholipid metabolism, er/ inositol	phospholipid metabolism, er/ inositol	phospholipid metabolism, er/ inositol	phospholipid metabolism, er/ inositol	phospholipid metabolism, er/ inositol	[r]	[r]	[r]	[r]	[r]	[r]	[r]	[r]
HSAT2ly	21.2981744421907	50.7848101265823	92.4758953168044	68.656462585034	63.7732506643047	65.7741160315826	96.8728870858688	73.9470108695652	Heparan sulfate degradation	Heparan sulfate degradation	Heparan sulfate degradation	Heparan sulfate degradation	Heparan sulfate degradation	Heparan sulfate degradation	Heparan sulfate degradation	Heparan sulfate degradation	NA	NA	NA	NA	NA	NA	NA	NA	intercompartmental	intercompartmental	intercompartmental	intercompartmental	intercompartmental	intercompartmental	intercompartmental	intercompartmental
HMR_2286	21.264367816092	77.8227848101266	97.3829201101928	32.1258503401361	59.9822852081488	49.347751458977	97.6166328600406	37.5	Fatty acid synthesis	Fatty acid synthesis	Fatty acid synthesis	Fatty acid synthesis	Fatty acid synthesis	Fatty acid synthesis	Fatty acid synthesis	Fatty acid synthesis	NA	NA	NA	NA	NA	NA	NA	NA	[c]	[c]	[c]	[c]	[c]	[c]	[c]	[c]
NDP7g	21.1798512508452	27.1898734177215	95.2307162534435	3.52040816326531	67.4047829937998	5.20082389289392	95.5544286680189	82.8804347826087	Nucleotide interconversion	Nucleotide interconversion	Nucleotide interconversion	Nucleotide interconversion	Nucleotide interconversion	Nucleotide interconversion	Nucleotide interconversion	Nucleotide interconversion	pyrimidine degradation	pyrimidine degradation	pyrimidine degradation	pyrimidine degradation	pyrimidine degradation	pyrimidine degradation	pyrimidine degradation	pyrimidine degradation	[g]	[g]	[g]	[g]	[g]	[g]	[g]	[g]
HMR_3070	20.8755916159567	27.9493670886076	57.8168044077135	8.26530612244898	66.1116031886625	62.6501888087882	95.7403651115619	78.804347826087	Fatty acid oxidation	Fatty acid oxidation	Fatty acid oxidation	Fatty acid oxidation	Fatty acid oxidation	Fatty acid oxidation	Fatty acid oxidation	Fatty acid oxidation	NA	NA	NA	NA	NA	NA	NA	NA	[x]	[x]	[x]	[x]	[x]	[x]	[x]	[x]
C182OHc	20.4699121027721	46.9029535864979	92.7169421487603	65.0850340136055	60.7794508414526	62.3755578441469	94.235970250169	82.5407608695652	Fatty acid oxidation	Fatty acid oxidation	Fatty acid oxidation	Fatty acid oxidation	Fatty acid oxidation	Fatty acid oxidation	Fatty acid oxidation	Fatty acid oxidation	carnitine shuttle	carnitine shuttle	carnitine shuttle	carnitine shuttle	carnitine shuttle	carnitine shuttle	carnitine shuttle	carnitine shuttle	[c]	[c]	[c]	[c]	[c]	[c]	[c]	[c]
EX_3octdec2crn[e]	20.4699121027721	46.9029535864979	92.7169421487603	65.0850340136055	60.7794508414526	62.3755578441469	94.235970250169	82.5407608695652	Exchange/demand reaction	Exchange/demand reaction	Exchange/demand reaction	Exchange/demand reaction	Exchange/demand reaction	Exchange/demand reaction	Exchange/demand reaction	Exchange/demand reaction	NA	NA	NA	NA	NA	NA	NA	NA	[e]	[e]	[e]	[e]	[e]	[e]	[e]	[e]
FAOXC182C182OHm	20.4699121027721	46.9029535864979	92.7169421487603	65.0850340136055	60.7794508414526	62.3755578441469	94.235970250169	82.5407608695652	Fatty acid oxidation	Fatty acid oxidation	Fatty acid oxidation	Fatty acid oxidation	Fatty acid oxidation	Fatty acid oxidation	Fatty acid oxidation	Fatty acid oxidation	betaoxidation	betaoxidation	betaoxidation	betaoxidation	betaoxidation	betaoxidation	betaoxidation	betaoxidation	[m]	[m]	[m]	[m]	[m]	[m]	[m]	[m]
HOCTDEC2CRNe	20.4699121027721	46.9029535864979	92.7169421487603	65.0850340136055	60.7794508414526	62.3755578441469	94.235970250169	82.5407608695652	Fatty acid oxidation	Fatty acid oxidation	Fatty acid oxidation	Fatty acid oxidation	Fatty acid oxidation	Fatty acid oxidation	Fatty acid oxidation	Fatty acid oxidation	NA	NA	NA	NA	NA	NA	NA	NA	intercompartmental	intercompartmental	intercompartmental	intercompartmental	intercompartmental	intercompartmental	intercompartmental	intercompartmental
OCTDEC2ACBP	20.4699121027721	46.9029535864979	92.7169421487603	65.0850340136055	60.7794508414526	62.3755578441469	94.235970250169	82.5407608695652	Fatty acid oxidation	Fatty acid oxidation	Fatty acid oxidation	Fatty acid oxidation	Fatty acid oxidation	Fatty acid oxidation	Fatty acid oxidation	Fatty acid oxidation	NA	NA	NA	NA	NA	NA	NA	NA	intercompartmental	intercompartmental	intercompartmental	intercompartmental	intercompartmental	intercompartmental	intercompartmental	intercompartmental
SIAT9g	20.2839756592292	48.2362869198312	56.5771349862259	67.7891156462585	NA	NA	73.5632183908046	81.9633152173913	Sphingolipid metabolism	Sphingolipid metabolism	Sphingolipid metabolism	Sphingolipid metabolism	Sphingolipid metabolism	NA	Sphingolipid metabolism	Sphingolipid metabolism	NA	NA	NA	NA	NA	NA	NA	NA	[g]	[g]	[g]	[g]	[g]	NA	[g]	[g]
DM_dgpi_prot_hs_r_	20.0980392156863	73.6540084388186	94.3353994490358	63.9455782312925	62.4977856510186	70.219704771713	71.5855307640297	82.9483695652174	Exchange/demand reaction	Exchange/demand reaction	Exchange/demand reaction	Exchange/demand reaction	Exchange/demand reaction	Exchange/demand reaction	Exchange/demand reaction	Exchange/demand reaction	NA	NA	NA	NA	NA	NA	NA	NA	[r]	[r]	[r]	[r]	[r]	[r]	[r]	[r]
GPIDAer	20.0980392156863	73.6540084388186	94.3353994490358	63.9455782312925	62.4977856510186	70.219704771713	71.5855307640297	82.9483695652174	Phosphatidylinositol phosphate metabolism	Phosphatidylinositol phosphate metabolism	Phosphatidylinositol phosphate metabolism	Phosphatidylinositol phosphate metabolism	Phosphatidylinositol phosphate metabolism	Phosphatidylinositol phosphate metabolism	Phosphatidylinositol phosphate metabolism	Phosphatidylinositol phosphate metabolism	NA	NA	NA	NA	NA	NA	NA	NA	[r]	[r]	[r]	[r]	[r]	[r]	[r]	[r]
H8TAer	20.0980392156863	73.6540084388186	94.3353994490358	63.9455782312925	62.4977856510186	70.219704771713	71.5855307640297	82.9483695652174	Phosphatidylinositol phosphate metabolism	Phosphatidylinositol phosphate metabolism	Phosphatidylinositol phosphate metabolism	Phosphatidylinositol phosphate metabolism	Phosphatidylinositol phosphate metabolism	Phosphatidylinositol phosphate metabolism	Phosphatidylinositol phosphate metabolism	Phosphatidylinositol phosphate metabolism	phospholipid metabolism, er/ inositol	phospholipid metabolism, er/ inositol	phospholipid metabolism, er/ inositol	phospholipid metabolism, er/ inositol	phospholipid metabolism, er/ inositol	phospholipid metabolism, er/ inositol	phospholipid metabolism, er/ inositol	phospholipid metabolism, er/ inositol	[r]	[r]	[r]	[r]	[r]	[r]	[r]	[r]
HMR_3071	19.0162271805274	27.9493670886076	43.2162534435262	8.26530612244898	67.511071744907	61.8606247854446	96.1122379986477	77.4626358695652	Fatty acid oxidation	Fatty acid oxidation	Fatty acid oxidation	Fatty acid oxidation	Fatty acid oxidation	Fatty acid oxidation	Fatty acid oxidation	Fatty acid oxidation	NA	NA	NA	NA	NA	NA	NA	NA	[x]	[x]	[x]	[x]	[x]	[x]	[x]	[x]
ME1m	18.4584178498986	72.9789029535865	68.1990358126722	58.6904761904762	65.6687333923826	66.9412976313079	98.4617985125085	66.1684782608696	Pyruvate metabolism	Pyruvate metabolism	Pyruvate metabolism	Pyruvate metabolism	Pyruvate metabolism	Pyruvate metabolism	Pyruvate metabolism	Pyruvate metabolism	malic enzyme, nad, mitochondria	malic enzyme, nad, mitochondria	malic enzyme, nad, mitochondria	malic enzyme, nad, mitochondria	malic enzyme, nad, mitochondria	malic enzyme, nad, mitochondria	malic enzyme, nad, mitochondria	malic enzyme, nad, mitochondria	[m]	[m]	[m]	[m]	[m]	[m]	[m]	[m]
RE3273C	18.1034482758621	1.94092827004219	89.8243801652893	40.6972789115646	52.1346324180691	46.1380020597322	60.4800540906018	99.0998641304348	Phosphatidylinositol phosphate metabolism	Phosphatidylinositol phosphate metabolism	Phosphatidylinositol phosphate metabolism	Phosphatidylinositol phosphate metabolism	Phosphatidylinositol phosphate metabolism	Phosphatidylinositol phosphate metabolism	Phosphatidylinositol phosphate metabolism	Phosphatidylinositol phosphate metabolism	NA	NA	NA	NA	NA	NA	NA	NA	[c]	[c]	[c]	[c]	[c]	[c]	[c]	[c]
r0963	16.8526031102096	6.66666666666667	1.44628099173554	16.6666666666667	9.81399468556245	25.3690353587367	99.3914807302231	32.3879076086957	Transport, extracellular	Transport, extracellular	Transport, extracellular	Transport, extracellular	Transport, extracellular	Transport, extracellular	Transport, extracellular	Transport, extracellular	NA	NA	NA	NA	NA	NA	NA	NA	intercompartmental	intercompartmental	intercompartmental	intercompartmental	intercompartmental	intercompartmental	intercompartmental	intercompartmental
EX_h2o[e]	15.8215010141988	72.4725738396624	85.6749311294766	48.2993197278912	41.5234720992028	49.1932715413663	99.2393509127789	62.4490489130435	Exchange/demand reaction	Exchange/demand reaction	Exchange/demand reaction	Exchange/demand reaction	Exchange/demand reaction	Exchange/demand reaction	Exchange/demand reaction	Exchange/demand reaction	NA	NA	NA	NA	NA	NA	NA	NA	[e]	[e]	[e]	[e]	[e]	[e]	[e]	[e]
GBA2e	14.131169709263	56.9957805907173	28.288567493113	81.9727891156463	29.5659875996457	67.5592173017508	99.0027045300879	61.2771739130435	Sphingolipid metabolism	Sphingolipid metabolism	Sphingolipid metabolism	Sphingolipid metabolism	Sphingolipid metabolism	Sphingolipid metabolism	Sphingolipid metabolism	Sphingolipid metabolism	NA	NA	NA	NA	NA	NA	NA	NA	[e]	[e]	[e]	[e]	[e]	[e]	[e]	[e]
HC00900t4	8.5868830290737	8.60759493670886	74.2596418732782	22.108843537415	0.265721877767936	10.1270168211466	99.0196078431373	22.7751358695652	Transport, extracellular	Transport, extracellular	Transport, extracellular	Transport, extracellular	Transport, extracellular	Transport, extracellular	Transport, extracellular	Transport, extracellular	NA	NA	NA	NA	NA	NA	NA	NA	intercompartmental	intercompartmental	intercompartmental	intercompartmental	intercompartmental	intercompartmental	intercompartmental	intercompartmental
TAURt4_2_r	8.56997971602434	21.9409282700422	29.7348484848485	30.0170068027211	25.6510186005314	15.9972536903536	20.7572684246112	99.6773097826087	Transport, extracellular	Transport, extracellular	Transport, extracellular	Transport, extracellular	Transport, extracellular	Transport, extracellular	Transport, extracellular	Transport, extracellular	NA	NA	NA	NA	NA	NA	NA	NA	intercompartmental	intercompartmental	intercompartmental	intercompartmental	intercompartmental	intercompartmental	intercompartmental	intercompartmental
r1586	7.91075050709939	17.8059071729958	74.6384297520661	99.421768707483	7.28077945084145	33.264675592173	99.7126436781609	5.68953804347826	Transport, extracellular	Transport, extracellular	Transport, extracellular	Transport, extracellular	Transport, extracellular	Transport, extracellular	Transport, extracellular	Transport, extracellular	NA	NA	NA	NA	NA	NA	NA	NA	intercompartmental	intercompartmental	intercompartmental	intercompartmental	intercompartmental	intercompartmental	intercompartmental	intercompartmental
FOLOAT1tc	7.55578093306288	17.957805907173	75.4476584022039	19.1496598639456	16.4038972542073	4.34260212838998	98.7491548343475	38.383152173913	Transport, extracellular	Transport, extracellular	Transport, extracellular	Transport, extracellular	Transport, extracellular	Transport, extracellular	Transport, extracellular	Transport, extracellular	NA	NA	NA	NA	NA	NA	NA	NA	intercompartmental	intercompartmental	intercompartmental	intercompartmental	intercompartmental	intercompartmental	intercompartmental	intercompartmental
r1549	6.52467883705206	13.0126582278481	71.5392561983471	6.10544217687075	28.6448184233835	1.83659457603845	99.9323867478026	13.9266304347826	Transport, extracellular	Transport, extracellular	Transport, extracellular	Transport, extracellular	Transport, extracellular	Transport, extracellular	Transport, extracellular	Transport, extracellular	NA	NA	NA	NA	NA	NA	NA	NA	intercompartmental	intercompartmental	intercompartmental	intercompartmental	intercompartmental	intercompartmental	intercompartmental	intercompartmental
r1640	5.8316430020284	6.58227848101266	19.8002754820937	7.5	7.9362267493357	2.23137658771026	99.1717376605815	12.601902173913	Transport, extracellular	Transport, extracellular	Transport, extracellular	Transport, extracellular	Transport, extracellular	Transport, extracellular	Transport, extracellular	Transport, extracellular	NA	NA	NA	NA	NA	NA	NA	NA	intercompartmental	intercompartmental	intercompartmental	intercompartmental	intercompartmental	intercompartmental	intercompartmental	intercompartmental
FOLt2	5.79783637592968	4.27004219409283	1.60123966942149	16.2074829931973	18.7068201948627	19.8764160659114	1.40297498309669	99.8131793478261	Transport, extracellular	Transport, extracellular	Transport, extracellular	Transport, extracellular	Transport, extracellular	Transport, extracellular	Transport, extracellular	Transport, extracellular	NA	NA	NA	NA	NA	NA	NA	NA	intercompartmental	intercompartmental	intercompartmental	intercompartmental	intercompartmental	intercompartmental	intercompartmental	intercompartmental
HMR_1504	5.40906017579446	59.746835443038	NA	83.5374149659864	15.9433126660762	28.1153450051493	28.7018255578093	81.0461956521739	Cholesterol metabolism	Cholesterol metabolism	Cholesterol metabolism	Cholesterol metabolism	Cholesterol metabolism	Cholesterol metabolism	Cholesterol metabolism	Cholesterol metabolism	NA	NA	NA	NA	NA	NA	NA	NA	[c]	[c]	[c]	[c]	[c]	[c]	[c]	[c]
r1641	5.05409060175795	16.9957805907173	7.47245179063361	21.6836734693878	21.3640389725421	18.0226570545829	99.2731575388776	15.9307065217391	Transport, extracellular	Transport, extracellular	Transport, extracellular	Transport, extracellular	Transport, extracellular	Transport, extracellular	Transport, extracellular	Transport, extracellular	NA	NA	NA	NA	NA	NA	NA	NA	intercompartmental	intercompartmental	intercompartmental	intercompartmental	intercompartmental	intercompartmental	intercompartmental	intercompartmental
CYSGLUexR	4.74983096686951	17.1645569620253	13.6019283746556	7.70408163265306	38.4942426926484	30.7758324751116	99.4252873563218	27.4626358695652	Transport, extracellular	Transport, extracellular	Transport, extracellular	Transport, extracellular	Transport, extracellular	Transport, extracellular	Transport, extracellular	Transport, extracellular	NA	NA	NA	NA	NA	NA	NA	NA	intercompartmental	intercompartmental	intercompartmental	intercompartmental	intercompartmental	intercompartmental	intercompartmental	intercompartmental
r2129	4.31034482758621	7.59493670886076	72.5550964187328	16.0374149659864	17.289636846767	15.4651561963611	98.6139283299527	15.625	Transport, extracellular	Transport, extracellular	Transport, extracellular	Transport, extracellular	Transport, extracellular	Transport, extracellular	Transport, extracellular	Transport, extracellular	NA	NA	NA	NA	NA	NA	NA	NA	intercompartmental	intercompartmental	intercompartmental	intercompartmental	intercompartmental	intercompartmental	intercompartmental	intercompartmental
FOLTle	3.5158891142664	2.53164556962025	NA	NA	6.18246235606732	16.1174047373841	98.6477349560514	33.7975543478261	Transport, extracellular	Transport, extracellular	Transport, extracellular	NA	Transport, extracellular	Transport, extracellular	Transport, extracellular	Transport, extracellular	NA	NA	NA	NA	NA	NA	NA	NA	intercompartmental	intercompartmental	intercompartmental	NA	intercompartmental	intercompartmental	intercompartmental	intercompartmental
SERGLYexR	3.44827586206897	17.1476793248945	77.995867768595	99.5918367346939	7.511071744907	8.61654651561964	99.9154834347532	13.8586956521739	Transport, extracellular	Transport, extracellular	Transport, extracellular	Transport, extracellular	Transport, extracellular	Transport, extracellular	Transport, extracellular	Transport, extracellular	NA	NA	NA	NA	NA	NA	NA	NA	intercompartmental	intercompartmental	intercompartmental	intercompartmental	intercompartmental	intercompartmental	intercompartmental	intercompartmental
r1638	3.17782285327924	13.0464135021097	6.43939393939394	10.4761904761905	13.6226749335695	4.05080672845863	99.290060851927	34.9694293478261	Transport, extracellular	Transport, extracellular	Transport, extracellular	Transport, extracellular	Transport, extracellular	Transport, extracellular	Transport, extracellular	Transport, extracellular	NA	NA	NA	NA	NA	NA	NA	NA	intercompartmental	intercompartmental	intercompartmental	intercompartmental	intercompartmental	intercompartmental	intercompartmental	intercompartmental
r2105	3.04259634888438	8.74261603375527	73.4331955922865	17.5850340136054	25.8635961027458	30.3638860281497	98.7322515212982	14.3682065217391	Transport, extracellular	Transport, extracellular	Transport, extracellular	Transport, extracellular	Transport, extracellular	Transport, extracellular	Transport, extracellular	Transport, extracellular	NA	NA	NA	NA	NA	NA	NA	NA	intercompartmental	intercompartmental	intercompartmental	intercompartmental	intercompartmental	intercompartmental	intercompartmental	intercompartmental
r2083	2.97498309668695	10.0253164556962	31.4393939393939	17.0238095238095	17.5376439326838	21.9189838654308	98.6815415821501	14.4021739130435	Transport, extracellular	Transport, extracellular	Transport, extracellular	Transport, extracellular	Transport, extracellular	Transport, extracellular	Transport, extracellular	Transport, extracellular	NA	NA	NA	NA	NA	NA	NA	NA	intercompartmental	intercompartmental	intercompartmental	intercompartmental	intercompartmental	intercompartmental	intercompartmental	intercompartmental
ALADGLYexR	2.89046653144016	13.2827004219409	18.2334710743802	99.7789115646258	29.1585473870682	48.7813250944044	100	99.8301630434783	Transport, extracellular	Transport, extracellular	Transport, extracellular	Transport, extracellular	Transport, extracellular	Transport, extracellular	Transport, extracellular	Transport, extracellular	NA	NA	NA	NA	NA	NA	NA	NA	intercompartmental	intercompartmental	intercompartmental	intercompartmental	intercompartmental	intercompartmental	intercompartmental	intercompartmental
HMR_1315	2.23123732251521	2.9873417721519	10.9504132231405	NA	NA	NA	20.368492224476	95.414402173913	Eicosanoid metabolism	Eicosanoid metabolism	Eicosanoid metabolism	NA	Eicosanoid metabolism	NA	Eicosanoid metabolism	Eicosanoid metabolism	NA	NA	NA	NA	NA	NA	NA	NA	[r]	[r]	[r]	NA	[r]	NA	[r]	[r]
HMR_1316	2.23123732251521	2.9873417721519	10.9504132231405	NA	NA	NA	20.368492224476	95.414402173913	Transport, endoplasmic reticular	Transport, endoplasmic reticular	Transport, endoplasmic reticular	NA	Transport, endoplasmic reticular	NA	Transport, endoplasmic reticular	Transport, endoplasmic reticular	NA	NA	NA	NA	NA	NA	NA	NA	intercompartmental	intercompartmental	intercompartmental	NA	intercompartmental	NA	intercompartmental	intercompartmental
PROt4_2_r	0.0338066260987153	71.662447257384	76.1707988980716	18.5204081632653	NA	56.1277033985582	99.1548343475321	31.3179347826087	Transport, extracellular	Transport, extracellular	Transport, extracellular	Transport, extracellular	Transport, extracellular	Transport, extracellular	Transport, extracellular	Transport, extracellular	NA	NA	NA	NA	NA	NA	NA	NA	intercompartmental	intercompartmental	intercompartmental	intercompartmental	intercompartmental	intercompartmental	intercompartmental	intercompartmental
