name	Ctrl_unchanged	ST_top
11DOCRTSLte	0	1
12DHCHOLt	0	1
12PPDRte	0	1
13_CIS_RETNte	0	1
13DAMPPte	0	1
13DMTitr	0	1
13DMTtep	0	1
1513DTACRhr	0	1
1513DTALThr	0	1
1513TACRitr	0	1
1513TACRtep	0	1
15DMTitr	0	1
15DMTtep	0	1
17AHPRGSTRNte	0	1
2AMACHYD	0	1
2H3MVc	1	0
2H3MVte	1	0
2HATVACIDtep	1	0
2HATVACIDthc	1	0
2HATVLACtep	1	0
2HATVLACthc	1	0
2HBO	1	0
2HIVc	1	0
2HIVte	1	0
2M3HVACc	1	0
2M3HVACte	1	0
2M3OVACm	1	0
2M3OVACtm	1	0
2M3OVCOAm	1	0
2MB2COAc	0	1
2MOPtm	1	1
2OXOADPt	1	0
2OXOADPTm	1	0
2PGtr	1	0
34DHOXMANDte	0	1
34DHOXPEGOX	0	1
34DHOXPEGt	0	1
34DHPHAMT	1	0
34DHPHEt	0	1
34DHPLACOX_NADP_	1	0
34DHXMANDACOX	0	1
34DHXMANDACOX_NADP_	0	1
34HPPte	1	0
35DHPVStep	1	0
35DHPVSthc	1	0
35DIODTYRte	0	1
3AIBSYMPt	1	0
3AIBt1	1	0
3AIBTm	1	0
3AIBtmi	1	0
3HADICOAx	0	1
3HADPACte	0	1
3HADPACtxc	0	1
3HADPACx	0	1
3HBCDm	0	1
3HBCOAHLm	0	1
3HBCOARc	0	1
3HCO3_NAt	1	0
3HPVSCOAhc	0	1
3HPVSCOAitm	0	1
3HPVSCOAitx	0	1
3HPVStep	1	0
3HPVSTETCOAhcm	0	1
3HPVSTETCOAhcx	0	1
3HPVSTETCOAitm	0	1
3HPVSTETCOAitx	0	1
3HPVSTEThc	0	1
3HPVSTETtev	0	1
3HPVSthc	1	0
3ISPVStep	1	0
3ISPVSthc	1	0
3MHISt1	1	0
3MHISt2	1	0
3MHISt3	1	0
3MOBte	1	0
3MOPte	1	0
3MOX4HOXMte	0	1
3MOX4HOXPGALDOX	1	0
3MOX4HOXPGALDOX_NADP_	1	0
3MOXTYRt	0	1
3OHSEBACte	0	1
3OHSEBACtxc	0	1
3OHSEBACx	0	1
3OHSEBCOAx	0	1
3OHSUBACte	0	1
3OHSUBACtxc	0	1
3OHSUBACx	0	1
3OHSUBCOAx	0	1
3SALACBOXL	0	1
4ABUTtm	1	0
4HATVACIDtep	1	0
4HATVACIDthc	1	0
4HATVLACtep	1	0
4HATVLACthc	1	0
4MOPt2im	1	0
4MOPte	1	0
4TMEABUTNt1	1	0
4TMEABUTNt2	1	0
56DTHMt	1	0
56DTHMtd	1	0
56DURAt	1	0
56DURAtd	1	0
5ADTSTSTERONESte	0	1
5ADTSTSTERONEte	0	1
5AOPtm	1	0
5HOXINDOAtr	0	1
5HPETtd	1	0
5MTAte	0	1
5MTHFt	1	0
5MTHFt2	1	0
5MTHFt2le	1	0
6EPVStep	1	0
6EPVSthc	1	0
7DHCDCHOLt	0	1
7DHCHOLt	0	1
7DHCHSTEROLtd	1	0
7THFtl	1	0
A_MANASEly	0	1
A4GALTg	0	1
AACTOOR	0	1
AACTte	0	1
AATAi	1	0
ABTArm	1	0
ABTD	0	1
ABTD1	0	1
ABUTD	0	1
ABUTt2r	1	0
ABUTt2rL	1	1
ABUTt4_2_r	1	0
ACACT10m	1	0
ACACT1r	1	0
ACACT1rm	1	0
ACACT1x	1	0
ACACt2	1	0
ACACt2m	1	0
ACACT8p	0	1
ACACT9p	0	1
ACALDt	0	1
ACCOAC	1	0
ACCOAgt	0	1
ACCOAtr	1	0
ACER12r	0	1
ACGALtly	0	1
ACGALtr	0	1
ACGAM6PSi	0	1
ACGAMPM	0	1
ACGAMtly	1	0
ACGPID	0	1
ACITL	1	0
ACLYSHYc	0	1
ACLYSt	0	1
ACNACNGAL14ACGLCGALGLUSIDEte	0	1
ACNACNGALGBSIDEte	0	1
ACNACNGALGBSIDEtg	0	1
ACNAMlt	0	1
ACNAMtn	0	1
ACNAMtr	0	1
ACNMLr	0	1
ACOAD10m	1	0
ACOAD8m	0	1
ACOAD9m	0	1
ACONT	1	0
ACONTm	1	0
ACP1_FMN_	1	0
ACS	0	1
ACSRTNMT	0	1
ACt2r	1	0
ACtg	0	1
ADEt	1	0
ADK1	1	0
ADK3	1	0
ADK3m	1	0
ADNCNT3tc	1	0
ADNK1	1	0
ADNK1m	1	0
ADNtm	1	0
ADPACDAc	0	1
ADPACtd	0	1
ADPCOACROT	0	1
ADPMAN	0	1
ADPtx	1	0
ADRNCOAtx	0	1
ADRNCPT1	0	1
ADRNCPT2	1	1
ADRNCRNt	1	0
ADRNt	1	0
AG13T16g	0	1
AG13T17g	0	1
AG13T18g	0	1
AG13T1g	0	1
AG13T2g	0	1
AG13T3g	0	1
AHC	1	0
AHCYSte	1	0
AHCYStr	0	1
AHEXASE2ly	0	1
AHEXASEly	0	1
AICART	1	0
AKGDm	1	0
AKGMALtm	1	0
AKGt4_3	1	0
AKGtp	1	0
ALAALACNc	1	0
ALAARGCYSr	1	0
ALAARGCYSt	1	0
ALAARGGLYr	1	0
ALAARGGLYt	1	0
ALAASNLEUr	1	0
ALAASNLEUt	1	0
ALADGLNexR	1	0
ALADGLYexR	1	0
ALAGLNexR	1	0
ALAGLYexR	1	0
ALAGLYLYSr	1	0
ALAGLYLYSt	1	0
ALAHISALAr	1	0
ALAHISALAt	1	0
ALAPAT4te	1	0
ALAR	1	0
ALAt2r	1	0
ALAt4	1	0
ALATA_L	1	0
ALAtN1	1	0
ALCD21_D	1	0
ALCD21_L	0	1
ALCD22_D	1	0
ALCD2yf	0	1
ALDD21	1	0
ALDD2x	1	1
ALDD2y	1	1
ALLTNt	0	1
ALR2	0	1
ALR3	0	1
AM4NCShr	0	1
AM4NCStep	0	1
AMETAMte	0	1
AMETr	0	1
AMETt	1	0
AMPDA	1	0
AMPTASECG	0	1
AMPtp	1	0
AMY1e	0	1
ANDRSTRNte	0	1
ANTHte	0	1
APRGSTRNt1e	1	0
ARAB_Lt	0	1
ARABR	0	1
ARACHCPT1	1	0
ARACHCPT2	1	0
ARACHCRNt	1	0
ARACHDCOAtx	1	0
ARACHDt2	1	0
ARACHDtr	1	0
ARACHt	1	0
ARGALAALAr	1	0
ARGALAALAt	1	0
ARGALAPHEr	1	0
ARGALAPHEt	1	0
ARGALATHRr	1	0
ARGALATHRt	1	0
ARGARGLYSr	1	0
ARGARGLYSt	1	0
ARGARGMETr	1	0
ARGARGMETt	1	0
ARGARGr	1	0
ARGARGt	1	0
ARGCYSGLYr	1	0
ARGCYSGLYt	1	0
ARGGLUGLUr	1	0
ARGGLUGLUt	1	0
ARGGLUPROr	1	0
ARGGLUPROt	1	0
ARGGLYGLYr	1	0
ARGGLYGLYt	1	0
ARGLEUPHEr	1	0
ARGLEUPHEt	1	0
ARGN1ASPMDte	0	1
ARGPROTHRr	1	0
ARGPROTHRt	1	0
ARGSERSERr	1	0
ARGSERSERt	1	0
ARGtD	1	0
ARGtm	1	0
ARGTYRVALr	1	0
ARGTYRVALt	1	0
ARGVALCYSr	1	0
ARGVALCYSt	1	0
ARGVALTRPr	1	0
ARGVALTRPt	1	0
ARTFR208	1	0
ASAH1	1	0
ASCBOX	0	1
ASCBt	1	0
ASCBt4	1	0
ASNCYSCYSr	1	0
ASNCYSCYSt	1	0
ASNMETPROr	1	0
ASNMETPROt	1	0
ASNPHEASPr	1	0
ASNPHEASPt	1	0
ASNPHECYSr	1	0
ASNPHECYSt	1	0
ASNt4	1	0
ASNtN1	1	0
ASNTYRGLYr	1	0
ASNTYRGLYt	1	0
ASNTYRPHEr	1	0
ASNTYRPHEt	1	0
ASNTYRTHRr	1	0
ASNTYRTHRt	1	0
ASPASNGLUr	1	0
ASPASNGLUt	1	0
ASPCTr	0	1
ASPDt6	1	0
ASPDTDe	1	0
ASPGLUm	1	0
ASPGLUPROr	1	0
ASPGLUPROt	1	0
ASPGLUr	1	0
ASPGLUt	1	0
ASPGLUTRPr	1	0
ASPGLUTRPt	1	0
ASPHISPROr	1	0
ASPHISPROt	1	0
ASPLYSGLUr	1	0
ASPLYSGLUt	1	0
ASPLYSHISr	1	0
ASPLYSHISt	1	0
ASPMETASPr	1	0
ASPMETASPt	1	0
ASPPROLYSr	1	0
ASPPROLYSt	1	0
ASPt6	1	0
ASPTA	1	0
ASPTAm	1	0
ASPVALASNr	1	0
ASPVALASNt	1	0
ATP1ter	1	0
ATP2ter	1	0
ATPH2e	0	1
ATPS4mi	1	0
ATPtm	1	0
ATVACIDtdu	1	0
B_MANNASEly	0	1
B3GALT3g	0	1
B3GALT41g	0	1
B3GALT43g	0	1
B3GALT44g	0	1
B3GALT5g	0	1
BALABETAtc2	1	0
BALAPAT1tc2	1	0
BAMPPALDOX	0	1
BBHOX	0	1
BCDO	0	1
BCRNe	0	1
BDHm	1	0
BGAL1e	1	1
BGAL1l	0	1
BGAL2l	0	1
BGAL3l	0	1
BHBt	1	0
BHMT	0	1
BILGLCURt	1	0
BILGLCURtr	1	0
BILIRUBtr	1	0
biomass_maintenance	0	1
biomass_maintenance_noTrTr	0	1
BMTer_U	0	1
BPNT	0	1
BTNDe	0	1
BUTSMCT1	1	0
BUTt2r	1	0
C02356t	1	0
C02712te	1	1
C03990t	1	0
C04483t2	1	0
C04717td	0	1
C04805td	1	0
C05463t2	1	0
C05953t	1	0
C05957t	1	0
C06439t	1	0
C09642te	0	1
C101CPT1	0	1
C101CRNe	0	1
C10DCc	0	1
C10DCCACT	0	1
C11695td	1	0
C120CPT1	0	1
C12DCACOT	0	1
C12DCTD	0	1
C12OHc	0	1
C140CPT1	1	0
C141ACBP	0	1
C141OHc	0	1
C141OHe	0	1
C142ACBP	0	1
C142OHc	0	1
C142OHe	0	1
C14OHc	0	1
C160CPT1	1	0
C160CPT2	1	0
C161CPT1	0	1
C161CPT12	0	1
C161CRNt	1	0
C161OHc	0	1
C162ACBP	0	1
C162OHc	0	1
C162OHe	0	1
C16DCc	0	1
C16DCe	0	1
C16OHc	0	1
C180CPT1	1	0
C180CRNt	1	0
C181CPT1	1	0
C181CPT2	1	0
C181CRNt	1	0
C181OHc	0	1
C182OHc	0	1
C18OHc	0	1
C204CPT1	1	0
C204CRNt	1	0
C226COAtx	1	1
C226CPT1	1	0
C226CPT2	1	0
C226CRNt	1	0
C30CPT1	0	1
C40CPT1	1	0
C4CRNCPT2	1	0
C4CRNe	0	1
C4OHc	0	1
C4tcx	1	0
C4x	1	0
C50CPT1	0	1
C51CPT1	0	1
C5DCe	0	1
C60CPT1	1	0
C6COAt	1	0
C6CRNtcx	1	0
C6DCc	0	1
C6DCCACT	0	1
C80CPT1	1	0
C81CPT1	0	1
C81CRNe	0	1
C8DCc	0	1
CA2t	1	0
CA3St	0	1
CAATPS	1	0
CALAtr	1	0
CARNtr	0	1
CAROtr	0	1
CAt7r	1	0
CATm	1	0
CATp	1	0
CBASPte	0	1
CBR2	1	0
CDCA24GSc	0	1
CDCA3GSc	0	1
CDIPTr	1	0
CDPDAGtm	1	0
CDSm	1	0
CE0737te	0	1
CE1243UPKt	0	1
CE1261t	0	1
CE1273t2	1	0
CE1401te	1	0
CE1556td	0	1
CE1617te	0	1
CE1918te	0	1
CE2006te	0	1
CE2172t	0	1
CE2513td	1	0
CE5025t	0	1
CE5026t	0	1
CE5304t	1	0
CE5629t	0	1
CE6031t	0	1
CERT2rt	1	1
CHLPCTD	1	0
CHOLPtl	1	0
CHSTEROLt1	1	0
CHSTEROLt2	1	0
CHSTEROLtg	1	0
CHSTEROLtrc	1	0
CHTNASEe	0	1
CITRtm	1	0
CITt4_2	1	0
CITtam	1	0
CK	1	0
CLCFTRte	1	0
CLPNDCPT1	0	1
CLPNDCPT2	0	1
CLPNDCRNt	1	0
CMPACNAtg	0	1
CMPACNAtn	0	1
CMPSASn	0	1
CO2t	1	0
CO2tm	1	0
CO2tp	1	0
COAtg	0	1
COAtm	1	0
COAtp	1	0
COAtr	1	0
COPROSTt	0	1
Coqe	0	1
CORE2GTg	0	1
CORE3GTg	0	1
CORE4GTg	0	1
CORTSNt	0	1
CORTSNti	0	1
CREATtmdiffir	1	0
CRMte	0	1
CRNrtx	1	0
CRNt	1	0
CRNtim	1	0
CRNtx	1	0
CRTSLt	0	1
CRTSLtr	0	1
CRTSTRNt	0	1
CRVNCtl	0	1
CRVNCtr	1	0
CSAtd	0	1
CSm	1	0
CSNATer	1	0
CSNATr	1	0
CYANt	0	1
CYSASNMETr	1	0
CYSASNMETt	1	0
CYSASPPHEr	1	0
CYSASPPHEt	1	0
CYSCYSr	1	0
CYSCYSt	1	0
CYSGLNMETr	1	0
CYSGLNMETt	1	0
CYSGLTH	1	0
CYSGLUexR	1	0
CYSGLUHISr	1	0
CYSGLUHISt	1	0
CYSGLYexR	1	0
CYSLEUTHRr	1	0
CYSLEUTHRt	1	0
CYSSERMETr	1	0
CYSSERMETt	1	0
CYSSNAT5tc	1	0
CYST_Ltr	1	0
CYSt4	1	0
CYSTA	1	0
CYSTS	1	0
CYSTYRASNr	1	0
CYSTYRASNt	1	0
CYTDK1	1	0
CYTDt2r	1	0
CYTK10	0	1
CYTK11	1	1
CYTK12	1	1
CYTK12n	1	0
CYTK13	1	1
CYTK13n	1	0
CYTK14	0	1
CYTK2	1	0
CYTK2n	1	0
CYTK3	1	0
CYTK4	1	0
CYTK5	0	1
CYTK6	1	1
CYTK6n	1	0
CYTK7	0	1
CYTK8	1	0
D_LACtm	0	1
D3AIBTm	1	0
DACGST	0	1
DACT	1	0
DAG_HSter	0	1
DAGK_hs	1	0
DAGt	1	0
DALAt2r	1	0
DASCBR	1	0
DCA24GSr	0	1
DCA24Gtr	0	1
DCA3GSr	0	1
DCA3Gtr	0	1
DCK1n	1	0
DCK2n	1	0
DCMPtr	1	0
DCSPTN1COAtx	0	1
DCSPTN1CPT1	0	1
DCSPTN1CPT2	0	1
DCSPTN1CRNt	1	0
DCT	0	1
DDCAte	0	1
DDCRNe	0	1
DDECCRNe	0	1
DEOXFVShc	0	1
DEOXFVSitx	0	1
DEOXFVStev	0	1
DESAT16_2	1	0
DESAT18_5	0	1
DESAT18_6	1	0
DESAT18_8	1	0
DESAT20_1	0	1
DESAT20_2	0	1
DESAT24_1	0	1
DGCHOLte	1	0
DGCHOLtx	1	0
DGK1	1	0
DGULND	0	1
DHAAt1r	1	0
DHBPTt	0	1
DHCHOLESTANATEt	1	0
DHCRMter	0	1
DHEASt	1	0
DHFR	1	0
DHPM1	1	0
DHPR2	0	1
DIDPtn	1	0
DITPtn	1	0
DLNLCGCPT1	1	0
DLNLCGCPT2	1	1
DM_12dhchol[c]	0	1
DM_13_cis_retn_n_	0	1
DM_4glu56dihdind[c]	0	1
DM_7dhcdchol[c]	0	1
DM_7dhchol[c]	0	1
DM_adprbp[c]	0	1
DM_anth	0	1
DM_Asn_X_Ser_Thr_ly_	0	1
DM_atp_c_	0	1
DM_C02712[c]	0	1
DM_ca3s[c]	0	1
DM_cdca24g[c]	0	1
DM_cdca3g[c]	0	1
DM_CE4888[c]	0	1
DM_CE5026[c]	0	1
DM_coprost[c]	0	1
DM_core5_g_	0	1
DM_core7_g_	0	1
DM_core8_g_	0	1
DM_dca24g[c]	0	1
DM_dca3g[c]	0	1
DM_dem2emgacpail_prot_hs_r_	0	1
DM_dgpi_prot_hs_r_	0	1
DM_dopa[c]	0	1
DM_gcdca3s[c]	0	1
DM_gd3_hs[l]	0	1
DM_gpi_sig_er_	0	1
DM_gudca3s[c]	0	1
DM_icdchol[c]	0	1
DM_isochol[c]	0	1
DM_itp[n]	0	1
DM_Lcystin	1	0
DM_m_em_3gacpail_prot_hs_r_	0	1
DM_melanin_c_	0	1
DM_mi14p[c]	1	0
DM_mqn10[c]	0	1
DM_mqn11[c]	0	1
DM_mqn7[c]	0	1
DM_mqn8[c]	0	1
DM_mqn9[c]	0	1
DM_n5m2masn_g_	0	1
DM_retn[n]	0	1
DM_Ser_Thr_ly_	0	1
DM_sph1p[n]	0	1
DM_T_antigen_g_	0	1
DM_tcdca3s[c]	0	1
DM_tudca3s[c]	0	1
DM_tym[c]	0	1
DM_uchol[c]	0	1
DMGLYtr	0	1
DMHPTCRNCPT2	0	1
DMHPTCRNt	1	0
DMHPTCRNte	0	1
DMNONCRNCPT2	0	1
DMNONCRNt	1	0
DOCOSACTDe	1	1
DOCOSACTDr	0	1
DODECANACtd	0	1
DOLMANP_Uter	0	1
DOLPMT3_Uer	0	1
DOLPMT4_Uer	0	1
DOPACCL	0	1
DOPAENT4tc	1	0
DOPAMT	0	1
DOPAQNISO1	0	1
DSPVShc	0	1
DSPVSitr	0	1
DSPVStev	0	1
DTDPtn	1	0
DTTPtn	1	0
DUDPtn	1	0
DURAD	1	0
DURIPP	1	0
DUTPDPm	1	0
ECOAH12m	0	1
ECOAH1m	1	0
ECOAH9m	1	0
EICOSTETCPT2	0	1
EICOSTETCRNt	1	0
ELAIDCPT1	1	0
ELAIDCPT2	1	0
ELAIDCRNt	1	0
ELAIDCRNtd	0	1
ELAIDCRNte	1	0
ENGASE2ly	0	1
ENGASE3ly	0	1
ENGASEly	0	1
ENO	1	0
ESTRADIOLt	0	1
ESTRADIOLtr	1	0
ESTRONESt	1	0
ESTRONEtr	1	0
ETHAMPtr	1	0
ETHAt	1	0
ETOHt	0	1
EX_10fthf[e]	0	1
EX_10fthf5glu[e]	0	1
EX_10fthf6glu[e]	0	1
EX_10fthf7glu[e]	0	1
EX_12dgr120[e]	0	1
EX_12dhchol[e]	0	1
EX_12HPET[e]	0	1
EX_12ppd_R[e]	0	1
EX_13_cis_retn[e]	0	1
EX_13dampp[e]	0	1
EX_13dmt[e]	0	1
EX_1513tacr[e]	0	1
EX_15dmt[e]	0	1
EX_2h3mv[e]	1	0
EX_2hiv[e]	1	0
EX_2m3hvac[e]	1	0
EX_2oxoadp[e]	1	0
EX_2pg[e]	1	0
EX_34dhoxmand[e]	0	1
EX_34dhoxpeg[e]	0	1
EX_34dhphe[e]	0	1
EX_34hpp[e]	1	0
EX_35diotyr[e]	0	1
EX_3aib[e]	1	0
EX_3bcrn[e]	0	1
EX_3ddcrn[e]	0	1
EX_3hadpac[e]	0	1
EX_3hdececrn[e]	0	1
EX_3hexdcrn[e]	0	1
EX_3hpvs[e]	0	1
EX_3hpvstet[e]	0	1
EX_3ivcrn[e]	0	1
EX_3mhis[e]	1	0
EX_3mob[e]	1	0
EX_3mop[e]	1	0
EX_3mox4hoxm[e]	0	1
EX_3moxtyr[e]	0	1
EX_3octdec2crn[e]	0	1
EX_3octdeccrn[e]	0	1
EX_3octdece1crn[e]	0	1
EX_3ohsebac[e]	0	1
EX_3ohsubac[e]	0	1
EX_3tdcrn[e]	0	1
EX_3tetd7ecoacrn[e]	0	1
EX_3thexddcoacrn[e]	0	1
EX_3ttetddcoacrn[e]	0	1
EX_4abut[e]	1	0
EX_4abutn[e]	0	1
EX_4mop[e]	1	0
EX_4nph[e]	0	1
EX_4tmeabutn[e]	0	1
EX_5adtststerone[e]	0	1
EX_5adtststerones[e]	0	1
EX_5cysgly34dhphe[e]	0	1
EX_5dhf[e]	0	1
EX_5hoxindoa[e]	0	1
EX_5HPET[e]	1	0
EX_5mta[e]	0	1
EX_5mthf[e]	1	0
EX_6thf[e]	0	1
EX_7dhcdchol[e]	0	1
EX_7dhchol[e]	0	1
EX_7dhchsterol[e]	1	0
EX_7dhf[e]	0	1
EX_7thf[e]	0	1
EX_aact[e]	0	1
EX_abt_D[e]	0	1
EX_ac[e]	0	1
EX_acac[e]	1	0
EX_acald[e]	0	1
EX_acgal[e]	0	1
EX_acgam[e]	0	1
EX_aclys[e]	0	1
EX_acnacngal14acglcgalgluside_hs[e]	0	1
EX_acnacngalgbside_hs[e]	0	1
EX_acnam[e]	0	1
EX_ade[e]	1	0
EX_adn[e]	1	0
EX_adp[e]	0	1
EX_adpac[e]	0	1
EX_adpman[e]	0	1
EX_adprbp[e]	0	1
EX_adrn[e]	0	1
EX_ahdt[e]	0	1
EX_akg[e]	1	0
EX_ala_D[e]	1	0
EX_ala_L[e]	1	0
EX_alaargcys[e]	1	0
EX_alaarggly[e]	1	0
EX_alaasnleu[e]	1	0
EX_alaglylys[e]	1	0
EX_alahisala[e]	1	0
EX_aldstrn[e]	0	1
EX_alltn[e]	0	1
EX_am4ncs[e]	0	1
EX_ametam[e]	0	1
EX_amp[e]	0	1
EX_andrstrn[e]	0	1
EX_anth[e]	0	1
EX_arab_L[e]	0	1
EX_arach[e]	1	1
EX_arachd[e]	1	0
EX_arg_L[e]	1	0
EX_argalaala[e]	1	0
EX_argalaphe[e]	1	0
EX_argalathr[e]	1	0
EX_argarg[e]	1	0
EX_argarglys[e]	1	0
EX_argargmet[e]	1	0
EX_argcysgly[e]	1	0
EX_arggluglu[e]	1	0
EX_argglupro[e]	1	0
EX_argglygly[e]	1	0
EX_argleuphe[e]	1	0
EX_argprothr[e]	1	0
EX_argserser[e]	1	0
EX_argtyrval[e]	1	0
EX_argvalcys[e]	1	0
EX_argvaltrp[e]	1	0
EX_ascb_L[e]	0	1
EX_asn_L[e]	1	0
EX_asncyscys[e]	1	0
EX_asnmetpro[e]	1	0
EX_asnpheasp[e]	1	0
EX_asnphecys[e]	1	0
EX_asntyrgly[e]	1	0
EX_asntyrphe[e]	1	0
EX_asntyrthr[e]	1	0
EX_asp_L[e]	1	0
EX_aspasnglu[e]	1	0
EX_aspglu[e]	1	0
EX_aspglupro[e]	1	0
EX_aspglutrp[e]	1	0
EX_asphispro[e]	1	0
EX_asplysglu[e]	1	0
EX_asplyshis[e]	1	0
EX_aspmetasp[e]	1	0
EX_aspprolys[e]	1	0
EX_aspvalasn[e]	1	0
EX_atp[e]	1	0
EX_avite1[e]	1	0
EX_bhb[e]	0	1
EX_bilglcur[e]	0	1
EX_bilirub[e]	0	1
EX_biocyt[e]	0	1
EX_btn[e]	1	1
EX_but[e]	1	1
EX_C01601[e]	0	1
EX_C02356[e]	1	0
EX_C02470[e]	0	1
EX_C02712[e]	1	1
EX_C04717[e]	0	1
EX_C04805[e]	1	0
EX_C04849[e]	0	1
EX_C09642[e]	0	1
EX_c101crn[e]	0	1
EX_C11695[e]	1	0
EX_c16dc[e]	0	1
EX_c4crn[e]	0	1
EX_c51crn[e]	0	1
EX_c5dc[e]	0	1
EX_c81crn[e]	0	1
EX_ca2[e]	0	1
EX_ca3s[e]	0	1
EX_cala[e]	1	0
EX_carn[e]	0	1
EX_caro[e]	0	1
EX_cbasp[e]	0	1
EX_cdp[e]	0	1
EX_cdpea[e]	0	1
EX_CE0074[e]	0	1
EX_CE0737[e]	0	1
EX_CE1243[e]	0	1
EX_CE1261[e]	0	1
EX_CE1273[e]	1	0
EX_CE1401[e]	1	0
EX_CE1557[e]	0	1
EX_CE1617[e]	0	1
EX_CE1918[e]	0	1
EX_CE1925[e]	0	1
EX_CE1926[e]	0	1
EX_CE2006[e]	0	1
EX_CE2172[e]	0	1
EX_CE2510[e]	0	1
EX_CE2838[e]	0	1
EX_CE2839[e]	0	1
EX_CE2915[e]	0	1
EX_CE2916[e]	0	1
EX_CE2917[e]	0	1
EX_CE4633[e]	0	1
EX_CE4722[e]	0	1
EX_CE4723[e]	0	1
EX_CE4724[e]	0	1
EX_CE4881[e]	0	1
EX_CE4890[e]	0	1
EX_CE5025[e]	0	1
EX_CE5026[e]	0	1
EX_CE5304[e]	1	0
EX_CE5629[e]	0	1
EX_CE5786[e]	0	1
EX_CE5787[e]	0	1
EX_CE5788[e]	0	1
EX_CE5789[e]	0	1
EX_CE5791[e]	0	1
EX_CE5797[e]	0	1
EX_CE5798[e]	0	1
EX_CE5853[e]	0	1
EX_CE5854[e]	0	1
EX_CE5867[e]	0	1
EX_CE5868[e]	0	1
EX_CE5869[e]	0	1
EX_CE6031[e]	0	1
EX_chtn[e]	0	1
EX_citr_L[e]	1	0
EX_cl[e]	0	1
EX_clpnd[e]	0	1
EX_cmp[e]	0	1
EX_cmpacna[e]	0	1
EX_co2[e]	1	0
EX_coa[e]	0	1
EX_coprost[e]	0	1
EX_core5[e]	0	1
EX_core7[e]	0	1
EX_core8[e]	0	1
EX_cortsn[e]	0	1
EX_creat[e]	1	0
EX_crm_hs[e]	0	1
EX_crn[e]	0	1
EX_crtsl[e]	0	1
EX_crtstrn[e]	0	1
EX_crvnc[e]	0	1
EX_csa[e]	0	1
EX_cyan[e]	0	1
EX_cys_L[e]	1	0
EX_cysam[e]	0	1
EX_cysasnmet[e]	1	0
EX_cysaspphe[e]	1	0
EX_cyscys[e]	1	0
EX_cysglnmet[e]	1	0
EX_cysgluhis[e]	1	0
EX_cysleuthr[e]	1	0
EX_cyssermet[e]	1	0
EX_cyst_L[e]	1	0
EX_cystyrasn[e]	1	0
EX_cytd[e]	1	0
EX_dag_hs[e]	1	0
EX_dchac[e]	1	0
EX_dcmp[e]	1	0
EX_dcsptn1[e]	0	1
EX_dcyt[e]	0	1
EX_ddca[e]	0	1
EX_ddecrn[e]	0	1
EX_deoxfvs[e]	0	1
EX_dgchol[e]	1	0
EX_dgmp[e]	0	1
EX_dgtp[e]	0	1
EX_dhbpt[e]	0	1
EX_dhcholestanate[e]	1	0
EX_dhdascb[e]	0	1
EX_dhf[e]	0	1
EX_ditp[e]	0	1
EX_dlnlcg[e]	1	1
EX_dmgly[e]	0	1
EX_dmhptcrn[e]	0	1
EX_doco13ac[e]	0	1
EX_docosac[e]	0	1
EX_dodecanac[e]	0	1
EX_dopa[e]	0	1
EX_dpcoa[e]	0	1
EX_dspvs[e]	0	1
EX_dtmp[e]	0	1
EX_dttp[e]	0	1
EX_eicostet[e]	0	1
EX_elaid[e]	0	1
EX_elaidcrn[e]	0	1
EX_estradiol[e]	0	1
EX_etha[e]	1	0
EX_ethamp[e]	1	0
EX_etoh[e]	0	1
EX_f1a[e]	0	1
EX_fad[e]	1	0
EX_fald[e]	0	1
EX_fdp[e]	1	0
EX_fe2[e]	1	0
EX_fe3[e]	1	0
EX_fmn[e]	0	1
EX_fol[e]	1	0
EX_for[e]	1	0
EX_forglu[e]	0	1
EX_fru[e]	0	1
EX_fuc_L[e]	0	1
EX_fucacgalfucgalacglcgalgluside_hs[e]	0	1
EX_fum[e]	1	0
EX_ga1_hs[e]	0	1
EX_gal[e]	1	1
EX_galgluside_hs[e]	0	1
EX_galt[e]	1	1
EX_gam[e]	0	1
EX_gbside_hs[e]	0	1
EX_gcdca3s[e]	0	1
EX_gchola[e]	1	0
EX_gd1c_hs[e]	0	1
EX_gd3_hs[e]	0	1
EX_glc_D[e]	1	0
EX_glcur[e]	0	1
EX_gln_L[e]	1	0
EX_glnasngln[e]	1	0
EX_glnhishis[e]	1	0
EX_glnlyslys[e]	1	0
EX_glnlystrp[e]	1	0
EX_glnproglu[e]	1	0
EX_glntrpglu[e]	1	0
EX_glntyrleu[e]	1	0
EX_glu_L[e]	1	0
EX_gluala[e]	0	1
EX_gluargleu[e]	1	0
EX_gluasnleu[e]	1	0
EX_gluglu[e]	1	0
EX_gluilelys[e]	1	0
EX_gluleu[e]	1	0
EX_glumethis[e]	1	0
EX_gluside_hs[e]	0	1
EX_gluthr[e]	1	0
EX_gluthrlys[e]	1	0
EX_glutrpala[e]	1	0
EX_gly[e]	1	0
EX_glyald[e]	0	1
EX_glyb[e]	0	1
EX_glyc_R[e]	0	1
EX_glyc[e]	1	1
EX_glyhisasn[e]	1	0
EX_glyhislys[e]	1	0
EX_glylyscys[e]	1	0
EX_glylysphe[e]	1	0
EX_glypro[e]	1	0
EX_glytyrlys[e]	1	0
EX_glyvalhis[e]	1	0
EX_gm1_hs[e]	0	1
EX_gm1b_hs[e]	0	1
EX_gm3_hs[e]	0	1
EX_gmp[e]	0	1
EX_gp1calpha_hs[e]	0	1
EX_gpi_sig[e]	0	1
EX_gq1b_hs[e]	0	1
EX_gsn[e]	1	0
EX_gt1a_hs[e]	0	1
EX_gthrd[e]	0	1
EX_gtp[e]	0	1
EX_gudac[e]	1	0
EX_gudca3s[e]	0	1
EX_h[e]	1	0
EX_h2o[e]	1	0
EX_h2o2[e]	1	0
EX_HC00229[e]	1	0
EX_HC00250[e]	1	0
EX_HC00342[e]	1	0
EX_HC00900[e]	0	1
EX_HC00955[e]	0	1
EX_HC01104[e]	0	1
EX_HC01361[e]	0	1
EX_HC01440[e]	0	1
EX_HC01441[e]	0	1
EX_HC01444[e]	0	1
EX_HC01446[e]	0	1
EX_HC01609[e]	0	1
EX_HC01610[e]	0	1
EX_HC01700[e]	0	1
EX_HC02160[e]	0	1
EX_HC02161[e]	0	1
EX_HC02180[e]	0	1
EX_HC02187[e]	0	1
EX_HC02192[e]	1	0
EX_HC02193[e]	1	0
EX_HC02195[e]	0	1
EX_HC02196[e]	0	1
EX_HC02197[e]	1	0
EX_HC02198[e]	1	0
EX_HC02203[e]	1	1
EX_HC02204[e]	0	1
EX_HC02205[e]	0	1
EX_HC02220[e]	1	0
EX_hco3[e]	1	0
EX_hcys_L[e]	1	0
EX_hdca[e]	1	0
EX_hdcea[e]	0	1
EX_hdcecrn[e]	0	1
EX_hdd2crn[e]	0	1
EX_hexc[e]	0	1
EX_hexdiac[e]	0	1
EX_his_L[e]	1	0
EX_hisargcys[e]	1	0
EX_hisasp[e]	1	0
EX_hiscyscys[e]	1	0
EX_hisglnala[e]	1	0
EX_hisglu[e]	1	0
EX_hisglugln[e]	1	0
EX_hisglylys[e]	1	0
EX_hislysala[e]	1	0
EX_hislysglu[e]	1	0
EX_hislysile[e]	1	0
EX_hislysthr[e]	1	0
EX_hismet[e]	1	0
EX_histrphis[e]	1	0
EX_hLkynr[e]	0	1
EX_hmcr[e]	0	1
EX_homoval[e]	1	0
EX_hpdca[e]	0	1
EX_hspg[e]	0	1
EX_hxcoa[e]	1	0
EX_i[e]	0	1
EX_icdchol[e]	0	1
EX_idour[e]	0	1
EX_idp[e]	0	1
EX_ile_L[e]	1	0
EX_ileargile[e]	1	0
EX_ileasnhis[e]	1	0
EX_ileasp[e]	1	0
EX_ileglnglu[e]	1	0
EX_ileglyarg[e]	1	0
EX_ileprolys[e]	1	0
EX_ileserarg[e]	1	0
EX_iletrptyr[e]	1	0
EX_imp[e]	1	0
EX_inost[e]	1	0
EX_ins[e]	1	0
EX_isochol[e]	0	1
EX_itp[e]	0	1
EX_ivcrn[e]	0	1
EX_k[e]	1	1
EX_ksi[e]	0	1
EX_ksii_core2[e]	0	1
EX_ksii_core4[e]	0	1
EX_kynate[e]	0	1
EX_lac_L[e]	1	0
EX_lcts[e]	0	1
EX_Lcyst[e]	0	1
EX_leu_L[e]	1	0
EX_leualaarg[e]	1	0
EX_leuasnasp[e]	1	0
EX_leuasplys[e]	1	0
EX_leugly[e]	0	1
EX_leuktrB4[e]	1	0
EX_leuktrB4woh[e]	0	1
EX_leuktrC4[e]	0	1
EX_leuktrD4[e]	0	1
EX_leuktrE4[e]	0	1
EX_leuktrF4[e]	0	1
EX_leuleu[e]	0	1
EX_leuleutrp[e]	1	0
EX_leupro[e]	1	0
EX_leuproarg[e]	1	0
EX_leusertrp[e]	1	0
EX_leutrp[e]	1	0
EX_leutrparg[e]	1	0
EX_leutyrtyr[e]	1	0
EX_leuval[e]	1	0
EX_lgnc[e]	0	1
EX_lipoate[e]	0	1
EX_Lkynr[e]	0	1
EX_lneldc[e]	0	1
EX_lneldccrn[e]	0	1
EX_lnlc[e]	1	0
EX_lnlccrn[e]	0	1
EX_lnlnca[e]	0	1
EX_lnlncg[e]	0	1
EX_lpam[e]	0	1
EX_lthstrl[e]	1	0
EX_lys_L[e]	1	0
EX_lyscyshis[e]	1	0
EX_lysglnphe[e]	1	0
EX_lysgluglu[e]	1	0
EX_lyslyslys[e]	1	0
EX_lyspheile[e]	1	0
EX_lystrparg[e]	1	0
EX_lystyrile[e]	1	0
EX_lysvalphe[e]	1	0
EX_lysvaltrp[e]	1	0
EX_M00003[e]	0	1
EX_M00008[e]	0	1
EX_M00010[e]	0	1
EX_M00017[e]	0	1
EX_M00019[e]	0	1
EX_M00021[e]	0	1
EX_M00115[e]	0	1
EX_M00117[e]	1	0
EX_M00234[e]	0	1
EX_M00241[e]	0	1
EX_M00260[e]	0	1
EX_M00265[e]	0	1
EX_M00315[e]	0	1
EX_M00341[e]	0	1
EX_M00510[e]	0	1
EX_M01197[e]	0	1
EX_M01207[e]	0	1
EX_M01235[e]	0	1
EX_M01238[e]	0	1
EX_M01582[e]	0	1
EX_M01807[e]	0	1
EX_M01820[e]	0	1
EX_M01870[e]	0	1
EX_M02053[e]	0	1
EX_M02108[e]	0	1
EX_M02457[e]	0	1
EX_M02560[e]	0	1
EX_M02561[e]	0	1
EX_M02613[e]	0	1
EX_M02745[e]	0	1
EX_M02956[e]	0	1
EX_M03045[e]	0	1
EX_M03051[e]	0	1
EX_M03117[e]	0	1
EX_M03131[e]	0	1
EX_M03134[e]	0	1
EX_M03153[e]	0	1
EX_m3gacpail_prot_hs[e]	0	1
EX_mag_hs[e]	0	1
EX_mal_L[e]	1	0
EX_malt[e]	0	1
EX_malthp[e]	0	1
EX_malthx[e]	0	1
EX_malttr[e]	0	1
EX_maltttr[e]	0	1
EX_man[e]	0	1
EX_melatn[e]	0	1
EX_meoh[e]	0	1
EX_mercplaccys[e]	1	0
EX_met_L[e]	1	0
EX_metargleu[e]	1	0
EX_metasntyr[e]	1	0
EX_metglntyr[e]	1	0
EX_metglyarg[e]	1	0
EX_methislys[e]	1	0
EX_metmetile[e]	1	0
EX_metphearg[e]	1	0
EX_mettrpphe[e]	1	0
EX_mg2[e]	0	1
EX_mi1p_D[e]	1	0
EX_mqn10[e]	0	1
EX_mqn11[e]	0	1
EX_mqn7[e]	0	1
EX_mqn8[e]	0	1
EX_mqn9[e]	0	1
EX_N1aspmd[e]	0	1
EX_n2m2nmasn[e]	0	1
EX_n5m2masn[e]	0	1
EX_n8aspmd[e]	0	1
EX_nad[e]	0	1
EX_nadh[e]	0	1
EX_ncam[e]	1	1
EX_nfd[e]	0	1
EX_nfdlac[e]	0	1
EX_nfdnpy[e]	0	1
EX_nfdoh[e]	0	1
EX_nh4[e]	1	0
EX_nicrnt[e]	1	0
EX_no2[e]	0	1
EX_no3[e]	0	1
EX_normete_L[e]	0	1
EX_nrpphr[e]	0	1
EX_nrvnc[e]	0	1
EX_o2[e]	1	0
EX_o2s[e]	0	1
EX_oaa[e]	1	0
EX_oagd3_hs[e]	0	1
EX_oagt3_hs[e]	0	1
EX_ocdca[e]	1	0
EX_ocdcea[e]	1	0
EX_octa[e]	0	1
EX_odecrn[e]	0	1
EX_orn[e]	1	0
EX_orot[e]	0	1
EX_orot5p[e]	0	1
EX_pac[e]	1	0
EX_pan4p[e]	0	1
EX_pchol_hs[e]	1	0
EX_pcreat[e]	1	0
EX_pe_hs[e]	1	0
EX_pep[e]	1	0
EX_peplys[e]	0	1
EX_pglyc_hs[e]	1	0
EX_phe_L[e]	1	0
EX_pheasnmet[e]	1	0
EX_pheasp[e]	1	0
EX_pheglnphe[e]	1	0
EX_pheleu[e]	1	0
EX_pheleuasp[e]	1	0
EX_phelysala[e]	1	0
EX_phelyspro[e]	1	0
EX_phephe[e]	1	0
EX_phepheasn[e]	1	0
EX_phephethr[e]	1	0
EX_pheproarg[e]	1	0
EX_phesertrp[e]	1	0
EX_phethrlys[e]	1	0
EX_phetrpleu[e]	1	0
EX_phetyr[e]	1	0
EX_phetyrgln[e]	1	0
EX_phetyrlys[e]	1	0
EX_phlac[e]	1	0
EX_phyt[e]	0	1
EX_pi[e]	1	0
EX_pmtcrn[e]	0	1
EX_ppa[e]	1	0
EX_ppbng[e]	1	0
EX_prgstrn[e]	1	0
EX_pro_L[e]	1	0
EX_proargasp[e]	1	0
EX_proargcys[e]	1	0
EX_proasncys[e]	1	0
EX_procys[e]	1	0
EX_profvs[e]	0	1
EX_proglnpro[e]	1	0
EX_proglulys[e]	1	0
EX_prohis[e]	1	0
EX_prohistyr[e]	1	0
EX_prolyspro[e]	1	0
EX_prophe[e]	1	0
EX_proproarg[e]	1	0
EX_propropro[e]	1	0
EX_prostgd2[e]	1	0
EX_prostge1[e]	0	1
EX_protrplys[e]	1	0
EX_protrpthr[e]	1	0
EX_provalgln[e]	1	0
EX_ps_hs[e]	1	0
EX_pser_L[e]	1	0
EX_ptdca[e]	0	1
EX_ptrc[e]	1	0
EX_pydam[e]	1	0
EX_pydx[e]	1	0
EX_pydxn[e]	1	0
EX_pyr[e]	1	0
EX_q10[e]	0	1
EX_q10h2[e]	0	1
EX_retinal[e]	1	0
EX_retn[e]	0	1
EX_retnglc[e]	0	1
EX_Rtotal[e]	1	0
EX_Rtotal2[e]	1	0
EX_s2l2fn2m2masn[e]	0	1
EX_s2l2n2m2masn[e]	0	1
EX_sebacid[e]	0	1
EX_selni[e]	0	1
EX_ser_D[e]	1	0
EX_ser_L[e]	1	0
EX_serargala[e]	1	0
EX_serargtrp[e]	1	0
EX_serglyglu[e]	1	0
EX_serlyshis[e]	1	0
EX_serphelys[e]	1	0
EX_sertrphis[e]	1	0
EX_sfcys[e]	0	1
EX_sl_L[e]	0	1
EX_so3[e]	0	1
EX_so4[e]	0	1
EX_sph1p[e]	0	1
EX_sphgn[e]	0	1
EX_sphings[e]	1	0
EX_sphs1p[e]	0	1
EX_sprm[e]	0	1
EX_srtn[e]	0	1
EX_stcrn[e]	0	1
EX_strch1[e]	0	1
EX_strch2[e]	0	1
EX_strdnc[e]	0	1
EX_subeac[e]	0	1
EX_succ[e]	1	0
EX_sucsal[e]	1	0
EX_tag_hs[e]	1	0
EX_taur[e]	1	0
EX_tcdca3s[e]	0	1
EX_tchola[e]	1	0
EX_tcynt[e]	0	1
EX_tdechola[e]	1	0
EX_tethex3[e]	0	1
EX_tetpent3[e]	0	1
EX_tetpent6[e]	0	1
EX_tettet6[e]	0	1
EX_thbpt[e]	0	1
EX_thcholstoic[e]	1	0
EX_thf[e]	1	1
EX_thm[e]	0	1
EX_thr_L[e]	1	0
EX_thrargtyr[e]	1	0
EX_thrasntyr[e]	1	0
EX_thrglntyr[e]	1	0
EX_thrhishis[e]	1	0
EX_thrilearg[e]	1	0
EX_thrphearg[e]	1	0
EX_thrthrarg[e]	1	0
EX_thrtyrmet[e]	1	0
EX_thymd[e]	1	0
EX_thyox_L[e]	0	1
EX_tlacfvs[e]	0	1
EX_tmndnc[e]	1	0
EX_triodthy[e]	0	1
EX_trp_L[e]	1	0
EX_trpalapro[e]	1	0
EX_trpargala[e]	1	0
EX_trpaspasp[e]	1	0
EX_trpglngln[e]	1	0
EX_trpglugly[e]	1	0
EX_trpgluleu[e]	1	0
EX_trpglupro[e]	1	0
EX_trpglutyr[e]	1	0
EX_trpglyasp[e]	1	0
EX_trpglyleu[e]	1	0
EX_trpglyphe[e]	1	0
EX_trpglyval[e]	1	0
EX_trpilelys[e]	1	0
EX_trpiletrp[e]	1	0
EX_trplys[e]	1	0
EX_trpmetarg[e]	1	0
EX_trpmetval[e]	1	0
EX_trpphe[e]	1	0
EX_trpprogly[e]	1	0
EX_trpproleu[e]	1	0
EX_trpproval[e]	1	0
EX_trpsertyr[e]	1	0
EX_trpthrglu[e]	1	0
EX_trpthrile[e]	1	0
EX_trpthrtyr[e]	1	0
EX_trptyrgln[e]	1	0
EX_trptyrtyr[e]	1	0
EX_tststerone[e]	0	1
EX_tsul[e]	0	1
EX_ttdca[e]	0	1
EX_ttdcea[e]	0	1
EX_ttdcrn[e]	0	1
EX_tudca3s[e]	0	1
EX_txa2[e]	0	1
EX_tym[e]	0	1
EX_tyr_L[e]	1	0
EX_tyrala[e]	1	0
EX_tyralaphe[e]	1	0
EX_tyrargglu[e]	1	0
EX_tyrargser[e]	1	0
EX_tyrasparg[e]	1	0
EX_tyrcysgly[e]	1	0
EX_tyrcysthr[e]	1	0
EX_tyrglu[e]	1	0
EX_tyrleuarg[e]	1	0
EX_tyrphetyr[e]	1	0
EX_tyrthr[e]	1	0
EX_tyrtrpphe[e]	1	0
EX_tyrtyr[e]	1	0
EX_tyrvalmet[e]	1	0
EX_uchol[e]	0	1
EX_udpglcur[e]	0	1
EX_ump[e]	1	0
EX_urate[e]	0	1
EX_uri[e]	1	1
EX_utp[e]	1	0
EX_vacc[e]	0	1
EX_val_L[e]	1	0
EX_valarggly[e]	1	0
EX_valhisasn[e]	1	0
EX_valleuphe[e]	1	0
EX_vallystyr[e]	1	0
EX_valphearg[e]	1	0
EX_valprotrp[e]	1	0
EX_valserarg[e]	1	0
EX_valtrpphe[e]	1	0
EX_valtrpval[e]	1	0
EX_valval[e]	1	0
EX_xan[e]	1	0
EX_xol27oh[e]	0	1
EX_xol7aone[e]	0	1
EX_xolest_hs[e]	1	0
EX_xolest182_hs[e]	0	1
EX_xolest183_hs[e]	0	1
EX_xolest205_hs[e]	0	1
EX_xolest226_hs[e]	0	1
EX_xtsn[e]	1	0
EX_xyl_D[e]	0	1
EX_xylt[e]	0	1
EX_xylu_D[e]	0	1
EX_xylu_L[e]	0	1
EX_zn2[e]	0	1
F1Ate	1	0
F1Ate2	1	0
F1Atg	1	0
F1PGT	0	1
FACOAL140i	0	1
FACOAL150	0	1
FACOAL160i	1	0
FACOAL170	0	1
FACOAL180i	1	0
FACOAL1821	1	0
FACOAL1831	0	1
FACOAL191	0	1
FACOAL203	0	1
FACOAL204	1	0
FACOAL206	0	1
FACOAL2251	0	1
FACOAL2252	0	1
FACOAL245_1	0	1
FACOAL245_2	0	1
FACOAL80i	0	1
FAOXC101C102m	1	0
FAOXC101C102x	1	0
FAOXC102C101m	0	1
FAOXC11	0	1
FAOXC11C9m	0	1
FAOXC121x	0	1
FAOXC122x	0	1
FAOXC12DCC10DCx	0	1
FAOXC13C11m	0	1
FAOXC141C141OHm	0	1
FAOXC142C122x	0	1
FAOXC142C142OHm	0	1
FAOXC14C14OHm	0	1
FAOXC14DCC12DCx	0	1
FAOXC150m	0	1
FAOXC15C13m	0	1
FAOXC15NADPx	0	1
FAOXC16080m	0	1
FAOXC161802m	1	0
FAOXC16180m	1	0
FAOXC161C161OHm	0	1
FAOXC162C142m	0	1
FAOXC162C162OHm	0	1
FAOXC163C142x	0	1
FAOXC163C164x	0	1
FAOXC163x	0	1
FAOXC164C143m	1	0
FAOXC164C163x	0	1
FAOXC164C165m	1	0
FAOXC164m	1	0
FAOXC165C164m	1	0
FAOXC16C14m	1	0
FAOXC16C16OHm	0	1
FAOXC16DCC14DCx	0	1
FAOXC16DCr	0	1
FAOXC170m	0	1
FAOXC17C15m	0	1
FAOXC180	1	0
FAOXC181C161m	0	1
FAOXC181C181OHm	0	1
FAOXC182806m	1	0
FAOXC182C162m	0	1
FAOXC182C182OHm	0	1
FAOXC183806m	1	0
FAOXC18480m	1	0
FAOXC184C163m	0	1
FAOXC184C163x	0	1
FAOXC184C164m	1	0
FAOXC184m	0	1
FAOXC184x	0	1
FAOXC18C18OHm	0	1
FAOXC200180m	1	0
FAOXC2031836m	1	0
FAOXC204	1	0
FAOXC204184m	1	0
FAOXC204C184m	0	1
FAOXC204C205x	0	1
FAOXC2051843m	1	0
FAOXC205C184x	0	1
FAOXC2242046m	1	1
FAOXC2251836m	0	1
FAOXC2252053m	0	1
FAOXC225C204m	0	1
FAOXC225C204x	0	1
FAOXC225C226m	0	1
FAOXC225C226x	0	1
FAOXC225m	0	1
FAOXC225x	0	1
FAOXC226	1	0
FAOXC226C225m	0	1
FAOXC226C225x	0	1
FAOXC246226x	0	1
FAOXC5C3x	0	1
FAOXC5C5DCc	0	1
FAOXC5C5OHm	0	1
FAOXC5OHc	0	1
FAOXC7C5m	0	1
FAOXC9C7m	0	1
FAOXTC162TC142m	1	0
FATP2t	1	0
FATP3t	1	0
FATP4t	1	0
FATP5t	1	0
FATP6t	1	0
FATP7t	1	0
FATP8t	1	0
FATP9t	1	0
FBA	1	0
FBA4	0	1
FCOAH	0	1
FDPte	1	0
FE3R2e	1	0
FK	0	1
FMNALKPle	0	1
FOAXC122C101x	0	1
FOLOAT1tc	1	0
FOLOAT2tc	1	0
FOLOATPtc	1	0
FORGLUt	0	1
FORMCOAtx	0	1
FORTHFC	0	1
FPGS2	1	0
FPGS3	1	0
FRDPtc	1	0
FRDPtcr	1	0
FRDPtr	1	0
FRUt4	0	1
FT	1	0
FTHFL	0	1
FUCACGALFUCGALACGLCGALGLUSIDEte	0	1
FUCASE2ly	0	1
FUCASEe	0	1
FUCtly	0	1
FUMm	1	0
FUMSO3tm	1	0
FUMSO4tm	1	0
FUMtm	1	0
FUMtr	1	0
FUMTSULtm	1	0
FVSCOAhc	0	1
FVSCOAitx	0	1
FVShc	0	1
FVSitr	0	1
FVSitx	0	1
FVStep	1	0
FVStu	1	0
G14T18g	0	1
G14T19g	0	1
G14T20g	0	1
G14T21g	0	1
G14T2g	0	1
G14T3g	0	1
G14T4g	0	1
G14T5g	0	1
G6PDA	0	1
GA1tl	0	1
GABABGTtc	1	0
GACMTRc	1	0
GACPAILter	0	1
GALASE10ly	0	1
GALASE11ly	0	1
GALASE12ly	0	1
GALASE13ly	0	1
GALASE14ly	0	1
GALASE15ly	0	1
GALASE16ly	0	1
GALASE17ly	0	1
GALASE18ly	0	1
GALASE19ly	0	1
GALASE1ly	0	1
GALASE20ly	0	1
GALASE3ly	0	1
GALASE4ly	0	1
GALASE5ly	0	1
GALASE6ly	0	1
GALASE7ly	0	1
GALASE8ly	0	1
GALASE9ly	0	1
GALGLUSIDEtg	0	1
GALGLUSIDEtl	0	1
GALGT1	0	1
GALGT3	0	1
GALGT4	0	1
GALK	0	1
GALNTg	0	1
GALOR	1	1
GALT	1	0
GALt1r	1	0
GALT2g	0	1
GALt4	1	0
GALTg	0	1
GALTt	1	1
GALU	1	0
GAMt1r	0	1
GAO1g	0	1
GAO2	0	1
GAO2g	0	1
GAPD	1	0
GASNASE2ly	0	1
GASNASE3ly	0	1
GASNASEly	0	1
GBA2e	0	1
GBSIDEte	0	1
GCALDD	0	1
GCALDDm	1	0
GCC2cm	1	0
GCDCA3St	0	1
GCHOLAt	1	0
GCHOLAte	1	0
GD1Atg	0	1
GD1Btl	0	1
GD1Cte	0	1
GD1Ctg	0	1
GD3tg	0	1
GFUCS	0	1
GGH_10FTHF5GLUe	0	1
GGH_10FTHF6GLUe	0	1
GGH_10FTHF7GLUe	0	1
GGH_5DHFe	0	1
GGH_5THFe	0	1
GGH_5THFl	1	0
GGH_6DHFe	0	1
GGH_6THFe	0	1
GGH_6THFl	1	0
GGH_7DHFe	0	1
GGH_7THFe	0	1
GGH_7THFl	1	0
GGLUCT	0	1
GGTe_1	0	1
GHMT2r	1	0
GHMT2rm	1	0
GHMT3	0	1
GK1	1	0
GLACter	1	0
GLB1	0	1
GLCAASE1ly	0	1
GLCAE2g	0	1
GLCAT6g	0	1
GLCAT7g	0	1
GLCAT8g	0	1
GLCAT9g	0	1
GLCATg	0	1
GLCNACASE1ly	0	1
GLCNACASE2ly	0	1
GLCNACASE3ly	0	1
GLCNACASE4ly	0	1
GLCNACASE5ly	0	1
GLCNACDASg	0	1
GLCNACT1g	0	1
GLCNACT2g	0	1
GLCNACT3g	0	1
GLCNACT4g	0	1
GLCNACT5g	0	1
GLCt1r	1	0
GLCt2_2	1	0
GLCt4	1	0
GLCURtly	0	1
GLCURtr	0	1
GLDBRAN	1	0
GLNASNGLNr	1	0
GLNASNGLNt	1	0
GLNHISHISr	1	0
GLNHISHISt	1	0
GLNLASEer	1	0
GLNLYSLYSr	1	0
GLNLYSLYSt	1	0
GLNLYSTRPr	1	0
GLNLYSTRPt	1	0
GLNPROGLUr	1	0
GLNPROGLUt	1	0
GLNS	1	0
GLNt4	1	0
GLNtm	1	0
GLNtN1	1	0
GLNTRPGLUr	1	0
GLNTRPGLUt	1	0
GLNTYRLEUr	1	0
GLNTYRLEUt	1	0
GLPASE1	1	0
GLPASE2	1	0
GLRASE	1	0
GLUARGLEUr	1	0
GLUARGLEUt	1	0
GLUASNLEUr	1	0
GLUASNLEUt	1	0
GLUCYS	1	0
GLUDC	1	0
GLUDxm	1	0
GLUDym	1	0
GluForTx	0	1
GLUGLUr	1	0
GLUGLUt	1	0
GLUILELYSr	1	0
GLUILELYSt	1	0
GLULEUr	1	0
GLULEUt	1	0
GLUMETHISr	1	0
GLUMETHISt	1	0
GLUNm	1	0
GLUt2m	1	0
GLUt6	1	0
GLUt7l	1	0
GLUTCOAACBP	0	1
GLUTHRLYSr	1	0
GLUTHRLYSt	1	0
GLUTHRr	1	0
GLUTHRt	1	0
GLUTRPALAr	1	0
GLUTRPALAt	1	0
GLYALDtr	0	1
GLYAMDTRc	1	0
GLYBt4_2_r	0	1
GLYC_Rt	0	1
GLYCLTtm	1	0
GLYCTDle	1	0
GLYGLYCNc	1	0
GLYHISASNr	1	0
GLYHISASNt	1	0
GLYHISLYSr	1	0
GLYHISLYSt	1	0
GLYLEUHYDROc	1	0
GLYLYSCYSr	1	0
GLYLYSCYSt	1	0
GLYLYSPHEr	1	0
GLYLYSPHEt	1	0
GLYOX	0	1
GLYOXm	0	1
GLYPHEHYc	1	0
GLYPROPRO1c	1	0
GLYPROt	1	0
GLYSNAT5tc	1	0
GLYt2r	1	0
GLYt4	1	0
GLYt7_211_r	1	0
GLYt7_311_r	1	0
GLYtp	1	0
GLYTYRLYSr	1	0
GLYTYRLYSt	1	0
GLYVALHISr	1	0
GLYVALHISt	1	0
GM1tg	0	1
GM1tl	0	1
GMAND	0	1
GP1CALPHAte	0	1
GP1CALPHAtg	0	1
GPIAT	0	1
GPIDA2er	0	1
GPIDAer	0	1
GPIMTer_U	0	1
GQ1Bte	0	1
GQ1Btg	0	1
GSNt2r	1	0
GSNt5le	1	0
GT1Ate	0	1
GT1Atg	0	1
GTHP	1	0
GTHPm	1	0
GTHS	0	1
GUAPRT	1	1
GUDACtr2	1	0
GUDCA3St	0	1
GULLACter	1	0
GULN3D	0	1
GULNDer	1	0
H2CO3D	1	0
H2ETer	0	1
H2MTer_U	0	1
H2O2t	1	0
H2O2tly	1	0
H2O2tn	0	1
H2O2tp	1	0
H2OGLYAQPt	1	0
H2Ot	1	0
H2Oter	1	0
H2Otg	0	1
H2Otly	1	0
H2Otm	1	0
H2Otn	1	0
H2Otp	1	0
H3ETer	0	1
H3MTer_U	0	1
H4ET3er	0	1
H4ETer	0	1
H5MTer_U	0	1
H6_ET2er	0	1
H6_ETer	0	1
H6ET3er	0	1
H7_ETer	0	1
H7_TAer	0	1
H8TAer	0	1
HACD1m	1	0
HACD9m	1	0
HC00342te	1	0
HC00900t1	0	1
HC00900t2	1	0
HC00900t4	1	1
HC02220t	1	0
HCO3_CLt	1	0
HCO3_NAt	1	0
HCYSte	1	0
HDCAtr	1	0
HDCEAtr	1	0
HDCECRNtr	0	1
HDD2CRNte	0	1
HDDACBP	0	1
HDECAACBP	0	1
HDECEACBP	0	1
HEDCECRNe	0	1
HEX10	0	1
HEX4	0	1
HEX7	0	1
HEXA1l	0	1
HEXA2l	0	1
HEXAHBl	0	1
HEXCCOAtx	0	1
HEXDCRNe	0	1
HEXDIACtd	0	1
HEXDIACtr	0	1
HEXDICOAACBP	0	1
HEXDICOAACBPx	0	1
HISARGCYSr	1	0
HISARGCYSt	1	0
HISASPr	1	0
HISASPt	1	0
HISCYSCYSr	1	0
HISCYSCYSt	1	0
HISDC	1	0
HISGLNALAr	1	0
HISGLNALAt	1	0
HISGLUGLNr	1	0
HISGLUGLNt	1	0
HISGLUr	1	0
HISGLUt	1	0
HISGLYLYSr	1	0
HISGLYLYSt	1	0
HISLYSALAr	1	0
HISLYSALAt	1	0
HISLYSGLUr	1	0
HISLYSGLUt	1	0
HISLYSILEr	1	0
HISLYSILEt	1	0
HISLYSTHRr	1	0
HISLYSTHRt	1	0
HISMETr	1	0
HISMETt	1	0
HISSNAT5tc	1	0
HISt4	1	0
HIStN1	1	0
HISTRPHISr	1	0
HISTRPHISt	1	0
HIVCACBP	0	1
HIVCRNe	0	1
HKYNRtr	0	1
HMCRNc	0	1
HMCRNt	0	1
HMGCOAtx	1	0
HMR_0002	0	1
HMR_0008	0	1
HMR_0015	0	1
HMR_0016	0	1
HMR_0155	1	0
HMR_0156	0	1
HMR_0164	0	1
HMR_0165	0	1
HMR_0166	0	1
HMR_0170	0	1
HMR_0171	0	1
HMR_0172	0	1
HMR_0176	0	1
HMR_0183	0	1
HMR_0184	0	1
HMR_0185	0	1
HMR_0188	0	1
HMR_0203	1	0
HMR_0204	1	0
HMR_0206	1	0
HMR_0209	0	1
HMR_0233	0	1
HMR_0239	1	0
HMR_0241	0	1
HMR_0245	0	1
HMR_0255	0	1
HMR_0259	0	1
HMR_0267	0	1
HMR_0270	0	1
HMR_0271	0	1
HMR_0273	0	1
HMR_0279	0	1
HMR_0289	0	1
HMR_0292	0	1
HMR_0297	0	1
HMR_0301	0	1
HMR_0305	0	1
HMR_0309	0	1
HMR_0317	0	1
HMR_0319	0	1
HMR_0323	0	1
HMR_0327	0	1
HMR_0345	0	1
HMR_0371	1	0
HMR_0381	0	1
HMR_0385	0	1
HMR_0389	0	1
HMR_0393	0	1
HMR_0415	0	1
HMR_0419	1	0
HMR_0423	0	1
HMR_0429	0	1
HMR_0433	0	1
HMR_0437	0	1
HMR_0593	0	1
HMR_0597	1	0
HMR_0598	1	0
HMR_0601	0	1
HMR_0614	1	0
HMR_0625	1	0
HMR_0629	1	0
HMR_0642	1	0
HMR_0672	0	1
HMR_0678	0	1
HMR_0750	0	1
HMR_0753	0	1
HMR_0758	0	1
HMR_0765	1	1
HMR_0769	0	1
HMR_0770	1	1
HMR_0809	0	1
HMR_0810	0	1
HMR_0811	0	1
HMR_0812	0	1
HMR_0814	0	1
HMR_0817	0	1
HMR_0819	0	1
HMR_0821	0	1
HMR_0822	0	1
HMR_0824	0	1
HMR_0830	0	1
HMR_0831	0	1
HMR_0837	0	1
HMR_0839	0	1
HMR_0841	0	1
HMR_0843	0	1
HMR_0846	0	1
HMR_0851	0	1
HMR_0852	0	1
HMR_0853	0	1
HMR_0854	0	1
HMR_0855	0	1
HMR_0859	0	1
HMR_0860	0	1
HMR_0864	0	1
HMR_0867	0	1
HMR_0870	0	1
HMR_0875	0	1
HMR_0876	0	1
HMR_0877	0	1
HMR_0960	1	0
HMR_0962	1	0
HMR_0963	1	0
HMR_1095	1	0
HMR_1102	1	0
HMR_1104	1	0
HMR_1127	1	1
HMR_1129	0	1
HMR_1243	1	1
HMR_1280	1	0
HMR_1283	1	0
HMR_1284	1	0
HMR_1311	1	0
HMR_1315	0	1
HMR_1316	0	1
HMR_1329	1	0
HMR_1331	1	0
HMR_1373	1	0
HMR_1505	1	0
HMR_1512	1	0
HMR_1532	1	0
HMR_1620	1	0
HMR_1623	1	0
HMR_1629	1	0
HMR_1630	1	0
HMR_1644	1	0
HMR_1651	1	0
HMR_1653	1	0
HMR_1916	1	0
HMR_1981	1	0
HMR_1988	1	0
HMR_1990	0	1
HMR_1991	0	1
HMR_1992	0	1
HMR_2002	0	1
HMR_2007	0	1
HMR_2029	0	1
HMR_2041	1	0
HMR_2087	1	0
HMR_2088	1	0
HMR_2089	1	0
HMR_2090	1	0
HMR_2215	0	1
HMR_2217	0	1
HMR_2218	0	1
HMR_2219	0	1
HMR_2259	0	1
HMR_2260	0	1
HMR_2261	0	1
HMR_2262	0	1
HMR_2263	1	0
HMR_2264	1	0
HMR_2265	1	0
HMR_2266	1	0
HMR_2267	0	1
HMR_2268	0	1
HMR_2269	0	1
HMR_2270	0	1
HMR_2282	1	0
HMR_2286	0	1
HMR_2288	0	1
HMR_2289	0	1
HMR_2294	0	1
HMR_2296	1	0
HMR_2332	1	0
HMR_2334	1	0
HMR_2336	1	0
HMR_2338	1	0
HMR_2342	1	0
HMR_2343	1	0
HMR_2344	1	0
HMR_2345	1	0
HMR_2347	1	0
HMR_2348	1	0
HMR_2349	1	0
HMR_2350	1	0
HMR_2353	1	0
HMR_2354	1	0
HMR_2355	1	0
HMR_2356	1	0
HMR_2361	1	0
HMR_2362	1	0
HMR_2363	1	0
HMR_2364	1	0
HMR_2380	0	1
HMR_2433	0	1
HMR_2434	0	1
HMR_2435	0	1
HMR_2436	0	1
HMR_2472	0	1
HMR_2484	0	1
HMR_2530	1	0
HMR_2533	1	0
HMR_2535	1	0
HMR_2537	1	0
HMR_2540	1	0
HMR_2541	1	0
HMR_2542	1	0
HMR_2543	1	0
HMR_2569	1	0
HMR_2602	0	1
HMR_2603	0	1
HMR_2604	0	1
HMR_2608	1	0
HMR_2609	1	0
HMR_2610	1	0
HMR_2612	1	0
HMR_2624	1	0
HMR_2644	1	0
HMR_2648	0	1
HMR_2649	0	1
HMR_2650	0	1
HMR_2651	0	1
HMR_2652	0	1
HMR_2653	0	1
HMR_2655	1	0
HMR_2660	1	0
HMR_2661	1	0
HMR_2662	1	0
HMR_2667	1	0
HMR_2673	1	0
HMR_2675	1	0
HMR_2676	1	0
HMR_2677	1	0
HMR_2679	1	0
HMR_2681	1	0
HMR_2682	1	0
HMR_2683	1	0
HMR_2687	1	0
HMR_2688	1	0
HMR_2689	1	0
HMR_2690	1	0
HMR_2691	1	0
HMR_2692	1	0
HMR_2693	1	0
HMR_2695	1	0
HMR_2697	1	0
HMR_2699	1	0
HMR_2700	1	0
HMR_2701	1	0
HMR_2703	0	1
HMR_2704	0	1
HMR_2705	0	1
HMR_2706	0	1
HMR_2707	0	1
HMR_2711	1	0
HMR_2712	1	0
HMR_2713	1	0
HMR_2715	1	0
HMR_2718	1	0
HMR_2722	1	0
HMR_2727	1	0
HMR_2731	1	0
HMR_2733	1	0
HMR_2734	1	0
HMR_2735	1	0
HMR_2736	1	0
HMR_2737	1	0
HMR_2738	1	0
HMR_2739	0	1
HMR_2740	0	1
HMR_2741	0	1
HMR_2744	1	0
HMR_2748	1	0
HMR_2753	1	0
HMR_2757	1	0
HMR_2760	1	0
HMR_2764	1	0
HMR_2768	0	1
HMR_2769	0	1
HMR_2770	0	1
HMR_2771	0	1
HMR_2772	0	1
HMR_2773	0	1
HMR_2774	0	1
HMR_2775	0	1
HMR_2776	0	1
HMR_2817	0	1
HMR_2819	0	1
HMR_2821	1	0
HMR_2827	1	0
HMR_2851	0	1
HMR_2852	0	1
HMR_2857	0	1
HMR_2859	0	1
HMR_2861	0	1
HMR_2862	0	1
HMR_2865	1	0
HMR_2866	1	0
HMR_2884	1	0
HMR_2886	1	0
HMR_2888	1	0
HMR_2890	1	0
HMR_2942	1	0
HMR_2944	1	0
HMR_2945	1	0
HMR_2946	1	0
HMR_2947	1	0
HMR_2951	1	0
HMR_2955	1	0
HMR_2956	1	0
HMR_2957	1	0
HMR_2961	1	0
HMR_2962	1	0
HMR_2963	1	0
HMR_2964	1	0
HMR_2965	1	0
HMR_2966	1	0
HMR_2967	1	0
HMR_2968	1	0
HMR_2969	1	0
HMR_2970	1	0
HMR_2971	1	0
HMR_2972	1	0
HMR_2973	0	1
HMR_2974	1	0
HMR_2975	1	0
HMR_2976	1	0
HMR_2977	1	0
HMR_2978	1	0
HMR_2980	1	0
HMR_2982	0	1
HMR_2983	1	0
HMR_2985	1	0
HMR_2986	1	0
HMR_2988	1	0
HMR_2989	1	0
HMR_2990	1	0
HMR_2994	0	1
HMR_2998	1	0
HMR_2999	1	0
HMR_3001	1	0
HMR_3002	1	0
HMR_3003	1	0
HMR_3018	0	1
HMR_3021	0	1
HMR_3023	1	0
HMR_3053	0	1
HMR_3056	0	1
HMR_3057	0	1
HMR_3058	0	1
HMR_3059	0	1
HMR_3062	0	1
HMR_3063	0	1
HMR_3064	0	1
HMR_3065	0	1
HMR_3066	0	1
HMR_3067	0	1
HMR_3068	0	1
HMR_3069	0	1
HMR_3070	0	1
HMR_3071	0	1
HMR_3073	0	1
HMR_3074	0	1
HMR_3075	0	1
HMR_3076	0	1
HMR_3094	1	0
HMR_3095	1	0
HMR_3096	1	0
HMR_3097	1	0
HMR_3098	1	0
HMR_3106	1	0
HMR_3107	0	1
HMR_3108	0	1
HMR_3109	0	1
HMR_3110	0	1
HMR_3111	1	0
HMR_3112	1	0
HMR_3113	1	0
HMR_3114	1	0
HMR_3115	1	0
HMR_3116	1	0
HMR_3117	1	0
HMR_3118	1	0
HMR_3135	1	0
HMR_3142	1	0
HMR_3170	1	0
HMR_3171	1	0
HMR_3172	1	0
HMR_3173	1	0
HMR_3174	0	1
HMR_3175	0	1
HMR_3176	0	1
HMR_3177	0	1
HMR_3178	0	1
HMR_3179	0	1
HMR_3180	0	1
HMR_3181	0	1
HMR_3182	0	1
HMR_3183	0	1
HMR_3184	0	1
HMR_3185	0	1
HMR_3186	0	1
HMR_3187	0	1
HMR_3188	0	1
HMR_3189	0	1
HMR_3190	0	1
HMR_3191	0	1
HMR_3192	0	1
HMR_3193	0	1
HMR_3194	0	1
HMR_3195	0	1
HMR_3196	0	1
HMR_3197	0	1
HMR_3199	0	1
HMR_3200	0	1
HMR_3201	0	1
HMR_3202	0	1
HMR_3203	0	1
HMR_3204	0	1
HMR_3205	0	1
HMR_3218	0	1
HMR_3219	0	1
HMR_3220	0	1
HMR_3221	0	1
HMR_3222	0	1
HMR_3223	0	1
HMR_3224	0	1
HMR_3225	0	1
HMR_3240	1	0
HMR_3241	1	0
HMR_3242	1	0
HMR_3243	1	0
HMR_3296	1	0
HMR_3321	1	0
HMR_3326	1	0
HMR_3327	1	0
HMR_3328	1	0
HMR_3329	1	0
HMR_3330	0	1
HMR_3331	0	1
HMR_3332	0	1
HMR_3333	0	1
HMR_3334	0	1
HMR_3335	0	1
HMR_3336	0	1
HMR_3337	0	1
HMR_3338	0	1
HMR_3339	0	1
HMR_3340	0	1
HMR_3341	0	1
HMR_3342	0	1
HMR_3343	0	1
HMR_3344	0	1
HMR_3345	0	1
HMR_3346	0	1
HMR_3347	0	1
HMR_3348	0	1
HMR_3349	0	1
HMR_3350	0	1
HMR_3351	0	1
HMR_3352	0	1
HMR_3353	0	1
HMR_3396	0	1
HMR_3397	0	1
HMR_3411	1	0
HMR_3413	1	0
HMR_3414	1	0
HMR_3416	1	0
HMR_3422	0	1
HMR_3423	0	1
HMR_3424	0	1
HMR_3425	0	1
HMR_3427	1	1
HMR_3429	0	1
HMR_3431	1	0
HMR_3432	1	0
HMR_3433	0	1
HMR_3446	1	0
HMR_3447	1	0
HMR_3448	1	1
HMR_3449	1	0
HMR_3450	1	0
HMR_3451	1	0
HMR_3452	1	0
HMR_3453	1	0
HMR_3454	1	0
HMR_3455	1	0
HMR_3456	1	0
HMR_3457	1	0
HMR_3491	0	1
HMR_3520	1	0
HMR_3522	0	1
HMR_3625	1	0
HMR_3627	1	0
HMR_3628	1	0
HMR_3629	1	0
HMR_3630	1	0
HMR_3633	1	0
HMR_3636	1	0
HMR_3637	1	0
HMR_3639	1	0
HMR_3640	1	0
HMR_3642	1	0
HMR_3644	1	0
HMR_3645	1	0
HMR_3646	1	0
HMR_3647	1	0
HMR_3648	1	0
HMR_3649	1	0
HMR_3650	1	0
HMR_3651	1	0
HMR_3652	1	0
HMR_3654	1	0
HMR_3655	1	0
HMR_3656	1	0
HMR_3657	1	0
HMR_3658	1	0
HMR_3660	1	0
HMR_3663	1	0
HMR_3665	1	0
HMR_3666	1	0
HMR_3667	1	0
HMR_3668	1	0
HMR_3669	1	0
HMR_3670	1	0
HMR_3677	1	0
HMR_3678	1	0
HMR_3679	1	0
HMR_3680	1	0
HMR_3681	1	0
HMR_3682	1	0
HMR_3684	1	0
HMR_3686	1	0
HMR_3687	1	0
HMR_3688	1	0
HMR_3689	1	0
HMR_3692	1	0
HMR_3695	1	0
HMR_3696	1	0
HMR_3698	1	0
HMR_3699	1	0
HMR_3701	1	0
HMR_3703	1	0
HMR_3704	1	0
HMR_3705	1	0
HMR_3706	1	0
HMR_3707	1	0
HMR_3708	1	0
HMR_3709	1	0
HMR_3710	1	0
HMR_3711	1	0
HMR_3713	1	0
HMR_3714	1	0
HMR_3715	1	0
HMR_3716	1	0
HMR_3717	1	0
HMR_3719	1	0
HMR_3722	1	0
HMR_3724	1	0
HMR_3725	1	0
HMR_3726	1	0
HMR_3727	1	0
HMR_3728	1	0
HMR_3729	1	0
HMR_3736	1	0
HMR_3737	1	0
HMR_3738	1	0
HMR_3739	1	0
HMR_3740	1	0
HMR_3741	1	0
HMR_3859	1	0
HMR_3867	0	1
HMR_4078	0	1
HMR_4079	0	1
HMR_4124	0	1
HMR_4270	1	0
HMR_4422	1	0
HMR_4592	0	1
HMR_4630	1	0
HMR_4700	0	1
HMR_4831	0	1
HMR_5387	0	1
HMR_5389	0	1
HMR_6364	0	1
HMR_6397	0	1
HMR_6408	0	1
HMR_6500	1	0
HMR_6515	0	1
HMR_6545	1	0
HMR_6611	0	1
HMR_6617	1	0
HMR_6619	1	0
HMR_6629	0	1
HMR_6632	0	1
HMR_6672	1	0
HMR_6755	0	1
HMR_6826	0	1
HMR_6834	0	1
HMR_6854	0	1
HMR_6876	0	1
HMR_6975	0	1
HMR_6976	0	1
HMR_6977	0	1
HMR_6978	0	1
HMR_6986	1	0
HMR_7198	0	1
HMR_7199	1	0
HMR_7328	0	1
HMR_7329	0	1
HMR_7330	0	1
HMR_7431	1	0
HMR_7432	1	0
HMR_7628	1	0
HMR_7652	1	0
HMR_7748	1	0
HMR_7749	1	0
HMR_7756	1	0
HMR_7757	1	0
HMR_7758	1	0
HMR_7898	0	1
HMR_7900	0	1
HMR_7903	1	0
HMR_7947	1	0
HMR_7949	1	0
HMR_7977	1	0
HMR_8023	0	1
HMR_8395	0	1
HMR_8397	0	1
HMR_8399	0	1
HMR_8418	1	0
HMR_8505	0	1
HMR_8510	0	1
HMR_8567	0	1
HMR_8570	0	1
HMR_8572	0	1
HMR_8574	0	1
HMR_8576	0	1
HMR_8578	0	1
HMR_8580	0	1
HMR_8776	1	0
HMR_9019	1	0
HMR_9179	1	0
HMR_9180	1	0
HMR_9184	0	1
HMR_9191	1	0
HMR_9191_e	1	0
HMR_9608	0	1
HMR_9627	1	1
HMR_9629	0	1
HMR_9630	0	1
HMR_9634	0	1
HMR_9635	0	1
HMR_9638	0	1
HMR_9639	0	1
HMR_9640	1	1
HMR_9642	0	1
HMR_9647	0	1
HMR_9648	0	1
HMR_9658	0	1
HMR_9660	0	1
HMR_9661	0	1
HMR_9662	0	1
HMR_9667	0	1
HMR_9669	0	1
HMR_9670	0	1
HMR_9671	0	1
HMR_9680	1	0
HMR_9797	1	0
HMR_9803	0	1
HMR_9804	0	1
HOCDACBP	0	1
HOCTDACBP	0	1
HOCTDEC2CRNe	0	1
HOCTDECCRNe	0	1
HOMOVALte	1	0
HPDCACRNt	1	0
HPDCAt	1	0
HPYRDCm	1	0
HS1ly	0	1
HS2ly	0	1
HS3ly	0	1
HS4ly	0	1
HSAT1ly	0	1
HSAT2ly	0	1
HSAT3ly	0	1
HSAT4ly	0	1
HSD11B2r	1	1
HSD17B1	1	0
HSD17B7r	1	0
HSD3A1r	1	0
HSD3A2r	1	0
HSPASEly	0	1
HSPGt	0	1
HSPGtly	0	1
HTDCACBP	0	1
HTDCRNe	0	1
Htg	0	1
Htr	1	0
Htx	1	0
HXCOAte	1	0
HXCOAtx	1	0
HXPRT	1	1
HYPTROX	0	1
IBUP_Rtdhep	1	0
IBUP_Rtdu	1	0
IBUP_Stdhep	1	0
IBUP_Stdu	1	0
ICDCHOLt	0	1
ICDHxm	0	1
ICDHy	1	0
ICDHyrm	1	0
IDHPOXOX4	0	1
IDOAASE1ly	0	1
IDOAASE2ly	0	1
IDOAASE3ly	0	1
IDOURte	0	1
IDOURtly	0	1
IDPtn	1	0
ILEARGILEr	1	0
ILEARGILEt	1	0
ILEASNHISr	1	0
ILEASNHISt	1	0
ILEASPr	1	0
ILEASPt	1	0
ILEGLNGLUr	1	0
ILEGLNGLUt	1	0
ILEGLYARGr	1	0
ILEGLYARGt	1	0
ILEPROLYSr	1	0
ILEPROLYSt	1	0
ILESERARGr	1	0
ILESERARGt	1	0
ILEt5m	1	0
ILETAm	1	0
ILEtec	1	0
ILETRPTYRr	1	0
ILETRPTYRt	1	0
IMPC	1	0
IMPD	1	0
IMPtr	1	0
INSTt4	1	0
INSTt4_2	1	0
IPDDI	1	0
ISOCHOLt	0	1
ITPtn	1	0
IVCOAACBP	0	1
IVCRNe	0	1
KHK2	0	1
KHte	1	0
KSII_CORE2t	0	1
KSII_CORE2tly	0	1
KSII_CORE4t	0	1
KSII_CORE4tly	0	1
KSItly	0	1
KYNATEtr	0	1
L_LACt4r	1	0
L_LACtm	1	0
LACZe	0	1
LALDO	1	0
LAPCOAe	0	1
LCADi	0	1
LCADi_D	0	1
LCADim	0	1
LCYSTAT	0	1
LCYSTt	0	1
LDH_D	1	1
LDH_L	1	0
LDH_Lm	1	0
LEUALAARGr	1	0
LEUALAARGt	1	0
LEUASNASPr	1	0
LEUASNASPt	1	0
LEUASPLYSr	1	0
LEUASPLYSt	1	0
LEUGLYHYc	0	1
LEUGLYPEPT1tc	0	1
LEUKTRA4t	1	0
LEUKTRB4WOHt	0	1
LEUKTRC4t	1	0
LEULEULAPc	0	1
LEULEUPEPT1tc	0	1
LEULEUTRPr	1	0
LEULEUTRPt	1	0
LEUPROARGr	1	0
LEUPROARGt	1	0
LEUPROr	1	0
LEUPROt	1	0
LEUSERTRPr	1	0
LEUSERTRPt	1	0
LEUt4	1	0
LEUt5m	1	0
LEUTA	1	0
LEUTAm	1	0
LEUTRPARGr	1	0
LEUTRPARGt	1	0
LEUTRPr	1	0
LEUTRPt	1	0
LEUTYRTYRr	1	0
LEUTYRTYRt	1	0
LEUVALr	1	0
LEUVALt	1	0
LGNCt	1	0
LGTHL	1	0
LINKDEG1ly	0	1
LKYNRtr2	0	1
LNELDCCRNt	1	0
LNELDCCRNtr	0	1
LNLCCPT1	1	0
LNLCCPT2	1	0
LNLCCRNt	1	0
LNLCCRNtd	0	1
LNLCt	1	0
LNLNCACPT1	1	0
LNLNCACPT2	1	0
LNLNCACRNt	1	0
LNLNCGCPT1	1	0
LNLNCGt	1	0
LPAMt	0	1
LPAMtm	0	1
LPS3	0	1
LST4EXPTDhc	1	0
LST4EXPthc	1	0
LSTNM7TDhc	1	0
LSTNM7thc	1	0
LSTNRATt	1	0
LSTNtd	1	0
LTC4CP	0	1
LTD4DP	0	1
LYSCYSHISr	1	0
LYSCYSHISt	1	0
LYSGLNPHEr	1	0
LYSGLNPHEt	1	0
LYSGLUGLUr	1	0
LYSGLUGLUt	1	0
LYSLYSLYSr	1	0
LYSLYSLYSt	1	0
LYSPHEILEr	1	0
LYSPHEILEt	1	0
LYSt4	1	0
LYStiDF	1	0
LYStm	1	0
LYSTRPARGr	1	0
LYSTRPARGt	1	0
LYSTYRILEr	1	0
LYSTYRILEt	1	0
LYSVALPHEr	1	0
LYSVALPHEt	1	0
LYSVALTRPr	1	0
LYSVALTRPt	1	0
MAGt	0	1
MAL_Lte	1	0
MAL_Ltx	1	0
MALOAtm	1	0
MALSO4tm	1	0
MALT	0	1
MALtm	1	0
MALTSULtm	1	0
MALTt1r	0	1
MALTTTRt	0	1
MAN1PT2	0	1
MAN6PI	0	1
MANt1r	1	0
MANt4	1	0
MANtly	0	1
MCLACCYSR	1	0
MCLOR	1	0
MCPST	0	1
MDH	1	0
MDHm	1	0
MDHx	1	0
MDRPD	0	1
ME1m	0	1
ME2	1	0
ME2m	1	0
MELATNte	0	1
MEOHt2	0	1
MERCPLACCYSt	1	0
METARGLEUr	1	0
METARGLEUt	1	0
METASNTYRr	1	0
METASNTYRt	1	0
METAT	1	0
METGLNTYRr	1	0
METGLNTYRt	1	0
METGLYARGr	1	0
METGLYARGt	1	0
METHISLYSr	1	0
METHISLYSt	1	0
METMETILEr	1	0
METMETILEt	1	0
METPHEARGr	1	0
METPHEARGt	1	0
METt4	1	0
METTRPPHEr	1	0
METTRPPHEt	1	0
MI1345PP	1	0
MI145PK	1	0
MI145PP	1	0
MI14P4P	1	0
MI1PP	1	0
MI1PS	1	0
MI1Pt	1	0
MINOHPtn	1	0
MK10t	0	1
MK11t	0	1
MK7t	0	1
MK8t	0	1
MK9t	0	1
MLTG1	0	1
MLTHFtm	1	0
MMAt2e	1	0
MMAte	1	0
MMEm	1	0
MMMm	1	0
MMSAD1m	1	0
MTAP	0	1
MTHFC	1	0
MTHFD	1	0
MTHFD2m	1	1
MTRI	0	1
N2M2NMASNtly	0	1
N3Tg	0	1
N8ASPMDte	0	1
NACHEX10ly	0	1
NACHEX11ly	0	1
NACHEX12ly	0	1
NACHEX13ly	0	1
NACHEX14ly	0	1
NACHEX15ly	0	1
NACHEX16ly	0	1
NACHEX17ly	0	1
NACHEX18ly	0	1
NACHEX19ly	0	1
NACHEX20ly	0	1
NACHEX21ly	0	1
NACHEX22ly	0	1
NACHEX23ly	0	1
NACHEX24ly	0	1
NACHEX25ly	0	1
NACHEX26ly	0	1
NACSMCTte	1	0
NACUP	1	0
NADPQNOXR	1	0
NADQNOXR	1	0
NAGA2ly	0	1
NAGLCAly	0	1
NAHCO3_HCLt	1	0
NAIt	0	1
NAt	1	0
NAt3_1	1	0
NAt5	1	0
NAtx	1	0
NBAHH_ir	0	1
NCAMUP	1	1
NCKt	1	0
NCNt	1	0
NDP3ex	0	1
NDP7g	0	1
NDP8	0	1
NDPK1	1	0
NDPK10	1	0
NDPK10n	1	0
NDPK1m	1	0
NDPK1n	1	0
NDPK2	1	0
NDPK3	1	0
NDPK3m	1	0
NDPK3n	1	0
NDPK4	1	0
NDPK4n	1	0
NDPK5	1	0
NDPK5n	1	0
NDPK6	1	0
NDPK6m	1	0
NDPK6n	1	0
NDPK7	1	0
NDPK7n	1	0
NDPK8n	1	0
NDPK9n	1	0
NEU11l	0	1
NEU24	0	1
NEU39e	0	1
NFDLAChc	0	1
NFDLACtep	0	1
NFDNPYtep	0	1
NFDOHtep	0	1
NFDOXDhc	0	1
NFDtd	0	1
NH4t3r	1	0
NH4tb	1	0
NH4tn	1	0
NICRNS	1	0
NICRNtr	1	0
NMNATr	1	0
NMNS	1	1
NORMETEt	0	1
NRVNCCOAtx	1	0
NT5C	1	0
NTD10	1	0
NTD11	1	0
NTD12	0	1
NTD4e	0	1
NTD5	1	0
NTD6	1	0
NTD7	1	0
NTD8	1	0
NTD9	1	0
NTD9e	0	1
NTP3e	0	1
NTPP10	0	1
NTPP9	0	1
O2St	0	1
O2Stm	0	1
O2Stn	0	1
O2Stx	0	1
O2t	1	0
O2tm	1	0
O2tn	0	1
O2tp	1	0
OAAt	1	0
OAGD3te	0	1
OAGD3tg	0	1
OAGT3te	0	1
OAGT3tg	0	1
OCCOAtm	1	0
OCCOAtx	1	0
OCD11COACPT1	1	0
OCD11CRNCACT	1	0
OCD11CRNCPT2	1	0
OCDCAtr	1	0
OCDCEAtr	1	0
OCDEAFABP1tc	1	0
OCTAt	0	1
OCTDEC2ACBP	0	1
OCTDECCACT	0	1
OCTDECCPT1	0	1
OCTDECCPT2	0	1
OCTDECE1CRNe	0	1
ODECRNtr	0	1
ORN_Dte	1	0
ORN_Dtx	1	0
ORNt3m	1	0
ORNt4m	1	0
ORNTArm	1	0
OROT5Ptr	0	1
ORPT	0	1
OXYPtepv	1	0
OXYPthc	1	0
PA_HStm	1	0
pac	1	0
PAIL_HStn	1	0
PAIL45P_HStn	1	0
PAN4PPe	0	1
PAPStg	0	1
PAPtg	0	1
PCHOL2LINL_HSABCt	1	0
PCHOL2OLE_HSABCt	1	0
PCHOL2STE_HSABCt	1	0
PCHOLAR_HSABCt	1	0
PCHOLDOC_HSABCt	1	0
PCHOLET_HSABCt	1	0
PCHOLHEP_HSABCt	1	0
PCHOLLINL_HSABCt	1	0
PCHOLN15_HSABCt	1	0
PCHOLN183_HSABCt	1	0
PCHOLN19_HSABCt	1	0
PCHOLN201_HSABCt	1	0
PCHOLN204_HSABCt	1	0
PCHOLN224_HSABCt	1	0
PCHOLN225_HSABCt	1	0
PCHOLN2254_HSABCt	1	0
PCHOLN264_HSABCt	1	0
PCHOLPALME-HSABCt	1	0
PCHOLSTE_HSABCt	1	0
PCm	1	0
PCREATte	1	0
PCREATtmdiffir	1	0
PCRNtm	1	0
PCt	1	0
PDHm	1	0
PE_HSter	1	0
PEHSFABPe	1	0
PEPALM_HSASBCt	1	0
PEPtr	1	0
PEROXx	0	1
PEt	1	0
PETHCT	1	0
PFK	1	0
PGCD	1	0
PGDI	1	0
PGDIr	1	0
PGESr	1	0
PGI	1	0
PGK	1	0
PGLYCt	1	0
PGM	1	0
PGMT	1	0
PHEASNMETr	1	0
PHEASNMETt	1	0
PHEASPr	1	0
PHEASPt	1	0
PHEGLNPHEr	1	0
PHEGLNPHEt	1	0
PHELEUASPr	1	0
PHELEUASPt	1	0
PHELEUr	1	0
PHELEUt	1	0
PHELYSALAr	1	0
PHELYSALAt	1	0
PHELYSPROr	1	0
PHELYSPROt	1	0
PHEPHEASNr	1	0
PHEPHEASNt	1	0
PHEPHEr	1	0
PHEPHEt	1	0
PHEPHETHRr	1	0
PHEPHETHRt	1	0
PHEPROARGr	1	0
PHEPROARGt	1	0
PHESERTRPr	1	0
PHESERTRPt	1	0
PHEt4	1	0
PHETA1	1	0
PHETHRLYSr	1	0
PHETHRLYSt	1	0
PHETRPLEUr	1	0
PHETRPLEUt	1	0
PHETYRGLNr	1	0
PHETYRGLNt	1	0
PHETYRLYSr	1	0
PHETYRLYSt	1	0
PHETYRr	1	0
PHETYRt	1	0
PHLAC	1	0
PHLACHt	1	0
PHYHx	0	1
PHYTt	0	1
PI345P5P	1	0
PI3P4K	1	0
PI45P3K	1	0
PI45P4P	1	0
PI45PLC	1	0
PI4P5K	1	0
PI4PLC	1	0
PIACGT	0	1
PIK4	1	0
PIPLC	1	0
PIt6b	1	0
PIt7	1	0
PIt8	1	0
PIt9	1	0
PIter	1	0
PItg	0	1
PItn	1	0
PItx	1	0
PMANM	0	1
PMI12346PHn	1	0
PMTCOAFABP1tc	1	0
PMTCOAtx	1	0
PMTCRNtr	0	1
PNTEHe	0	1
PPA	1	0
PPAm	1	0
PPASMCT1	1	0
PPBNGS	1	0
PPBNGte	1	0
PPDOy	1	0
PPItm	1	0
PPItr	1	0
PPItx	1	0
PPM	1	0
PPMI12346Ptn	1	0
PRDX	1	0
PRGNLONEtr	1	0
PRGSTRNt	1	0
PRISTANALtx	1	0
PRISTCOAtcx	0	1
PRISTtx	1	0
PROARGASPr	1	0
PROARGASPt	1	0
PROARGCYSr	1	0
PROARGCYSt	1	0
PROASNCYSr	1	0
PROASNCYSt	1	0
PROCYSr	1	0
PROCYSt	1	0
PROD2m	1	0
PROFVSCOAhc	0	1
PROFVSCOAitx	0	1
PROFVShc	0	1
PROFVStev	0	1
PROGLNPROr	1	0
PROGLNPROt	1	0
PROGLULYSr	1	0
PROGLULYSt	1	0
PROGLYPRO1c	1	0
PROHISr	1	0
PROHISt	1	0
PROHISTYRr	1	0
PROHISTYRt	1	0
PROLYSPROr	1	0
PROLYSPROt	1	0
PROPAT4te	1	0
PROPHEr	1	0
PROPHEt	1	0
PROPROARGr	1	0
PROPROARGt	1	0
PROPROPROr	1	0
PROPROPROt	1	0
PROSTGD2t	1	0
PROSTGE1t	1	0
PROSTGE2t	1	0
PROSTGE2t2	1	0
PROSTGE2t2r	1	0
PROSTGF2t	1	0
PROSTGH2t	1	0
PROSTGI2t	1	0
PROt2r	1	0
PROt4	1	0
PROt4_2_r	1	0
PROTRPLYSr	1	0
PROTRPLYSt	1	0
PROTRPTHRr	1	0
PROTRPTHRt	1	0
PROVALGLNr	1	0
PROVALGLNt	1	0
PSERT	1	0
PSERtr	1	0
PSSA1_hs	1	0
PSt3	1	0
PTCRTD	1	0
PTDCACRNCPT1	0	1
PTDCACRNCPT2	0	1
PTDCACRNt	1	0
PTVSTtep	1	0
PTVSTtu	1	0
PUNP2	1	0
PUNP3	1	0
PUNP4	1	0
PUNP5	1	0
PUNP6	0	1
PUNP7	1	0
PVD3	1	0
PVSitr	0	1
PVSOATPtu	1	0
PVStep	1	0
PYDAMtr	1	0
PYDXNtr	1	0
PYDXtr	1	0
PYK	1	0
PYRSMCT1	1	0
PYRt2m	1	0
PYRt2p	1	0
Q10H2e	0	1
q10h2tc	1	0
q10tm	1	0
r0002	1	0
r0009	1	0
r0021	1	0
r0022	1	0
r0027	1	0
r0047	1	0
r0081	1	0
r0082	1	0
r0083	1	0
r0084	1	0
r0119	1	0
r0129	0	1
r0139	0	1
r0166	1	0
r0170	1	0
r0173	1	0
r0181	0	1
r0193	1	0
r0196	1	0
r0210	1	0
r0249	1	0
r0276	1	0
r0309	1	0
r0310	1	0
r0311	1	0
r0317	1	0
r0354	1	0
r0357	0	1
r0358	0	1
r0360	0	1
r0361	0	1
r0363	0	1
r0364	0	1
r0365	0	1
r0380	0	1
r0383	1	0
r0390	1	0
r0392	0	1
r0394	1	0
r0408	1	0
r0409	1	0
r0410	0	1
r0422	1	0
r0424	1	0
r0426	1	0
r0431	0	1
r0432	0	1
r0437	1	0
r0441	1	0
r0444	0	1
r0450	1	0
r0451	0	1
r0463	1	0
r0472	1	0
r0474	1	0
r0475	1	0
r0480	1	0
r0483	1	0
r0488	1	0
r0494	0	1
r0497	0	1
r0512	1	0
r0517	1	0
r0525	1	1
r0527	1	0
r0531	1	0
r0537	0	1
r0545	1	0
r0547	1	0
r0552	1	0
r0553	1	0
r0555	1	0
r0557	0	1
r0571	1	0
r0575	1	0
r0587	0	1
r0595	0	1
r0596	0	1
r0610	1	0
r0611	1	0
r0615	1	0
r0617	1	0
r0627	0	1
r0630	1	0
r0634	1	0
r0636	1	0
r0638	1	0
r0642	1	1
r0643	1	0
r0649	0	1
r0652	1	0
r0655	0	1
r0660	1	0
r0688	1	0
r0707	0	1
r0720	0	1
r0726	1	0
r0735	1	0
r0737	0	1
r0739	1	0
r0743	1	0
r0744	1	0
r0747	1	0
r0752	1	0
r0753	1	0
r0754	1	0
r0755	1	0
r0758	0	1
r0774	0	1
r0782	0	1
r0786	0	1
r0788	1	0
r0789	1	0
r0791	1	0
r0795	0	1
r0797	1	0
r0801	1	0
r0812	1	0
r0817	1	0
r0819	1	0
r0821	1	0
r0822	1	0
r0829	1	0
r0830	1	0
r0835	1	0
r0838	1	0
r0840	1	0
r0841	1	0
r0842	1	0
r0853	1	0
r0860	1	0
r0870	1	0
r0892	1	0
r0908	1	0
r0909	1	0
r0913	1	0
r0915	1	0
r0917	1	0
r0934	1	0
r0940	1	0
r0941	1	0
r0942	1	0
r0954	1	0
r0960	1	0
r0963	1	0
r0970	0	1
r0974	1	0
r0983	1	0
r0984	1	0
r0986	1	0
r0987	1	0
r0990	1	0
r0995	1	0
r0999	1	0
r1000	0	1
r1005	0	1
r1007	1	0
r1030	0	1
r1044	0	1
r1051	1	0
r1088	1	0
r1116	1	0
r1143	1	0
r1147	1	0
r1148	1	0
r1156	1	0
r1165	1	0
r1166	1	0
r1174	1	0
r1175	1	0
r1251	1	0
r1252	0	1
r1253	0	1
r1255	1	0
r1257	1	0
r1259	0	1
r1260	0	1
r1262	1	0
r1291	1	0
r1292	1	0
r1298	0	1
r1299	0	1
r1318	1	0
r1364	0	1
r1365	0	1
r1367	0	1
r1368	0	1
r1383	0	1
r1384	1	0
r1400	1	0
r1401	1	0
r1411	0	1
r1418	1	0
r1421	0	1
r1423	1	0
r1435	1	0
r1447	1	0
r1450	1	0
r1457	0	1
r1459	1	0
r1467	1	0
r1487	0	1
r1514	1	0
r1516	1	1
r1522	0	1
r1544	1	0
r1546	1	0
r1547	1	0
r1548	1	0
r1549	1	0
r1551	1	0
r1552	1	0
r1553	1	0
r1554	1	0
r1556	1	0
r1557	1	0
r1559	1	0
r1560	1	0
r1561	1	0
r1562	1	0
r1563	1	0
r1564	1	0
r1565	1	0
r1566	1	0
r1567	1	0
r1568	1	0
r1569	1	0
r1570	1	0
r1571	1	0
r1573	1	0
r1574	1	0
r1575	1	0
r1576	1	0
r1578	1	0
r1579	1	0
r1580	1	0
r1581	1	0
r1583	1	0
r1584	1	0
r1585	1	0
r1587	1	0
r1588	1	0
r1589	1	0
r1590	1	0
r1591	1	0
r1592	1	0
r1593	1	0
r1594	1	0
r1595	1	0
r1596	1	0
r1597	1	0
r1598	1	0
r1599	1	0
r1600	1	0
r1602	1	0
r1603	1	0
r1604	1	0
r1605	1	0
r1606	1	0
r1607	1	0
r1608	1	0
r1609	1	0
r1610	1	0
r1611	1	0
r1612	1	0
r1613	1	0
r1614	1	0
r1615	1	0
r1616	1	0
r1617	1	0
r1618	1	0
r1619	1	0
r1620	1	0
r1621	1	0
r1622	1	0
r1623	1	0
r1624	1	0
r1625	1	0
r1626	1	0
r1627	1	0
r1628	1	0
r1629	1	0
r1630	1	0
r1631	1	0
r1632	1	0
r1633	1	0
r1634	1	0
r1635	1	0
r1636	1	0
r1637	1	0
r1638	1	0
r1639	1	0
r1640	1	0
r1641	1	0
r1642	1	0
r1643	1	0
r1644	1	0
r1645	1	0
r1646	1	0
r1647	1	0
r1648	1	0
r1649	1	0
r1650	1	0
r1651	1	0
r1652	1	0
r1653	1	0
r1654	1	0
r1655	1	0
r1656	1	0
r1657	1	0
r1658	1	0
r1659	1	0
r1660	1	0
r1662	1	0
r1664	1	0
r1665	1	0
r1666	1	0
r1667	1	0
r1668	1	0
r1669	1	0
r1670	1	0
r1671	1	0
r1920	1	0
r2079	1	0
r2080	1	0
r2081	1	0
r2082	1	0
r2083	1	0
r2084	1	0
r2085	1	0
r2086	1	0
r2087	1	0
r2088	1	0
r2089	1	0
r2090	1	0
r2091	1	0
r2092	1	0
r2093	1	0
r2094	1	0
r2095	1	0
r2096	1	0
r2097	1	0
r2098	1	0
r2099	1	0
r2100	1	0
r2101	1	0
r2102	1	0
r2103	1	0
r2104	1	0
r2105	1	0
r2106	1	0
r2107	1	0
r2108	1	0
r2109	1	0
r2111	1	0
r2112	1	0
r2113	1	0
r2114	1	0
r2115	1	0
r2117	1	0
r2119	1	0
r2120	1	0
r2121	1	0
r2122	1	0
r2123	1	0
r2124	1	0
r2125	1	0
r2126	1	0
r2127	1	0
r2128	1	0
r2130	1	0
r2131	1	0
r2132	1	0
r2139	1	0
r2140	1	0
r2141	1	0
r2144	1	0
r2145	1	0
r2147	0	1
r2148	0	1
r2149	1	0
r2150	1	0
r2194	1	0
r2196	1	1
r2197	1	0
r2198	1	0
r2201	0	1
r2308	1	0
r2309	1	0
r2313	1	0
r2314	0	1
r2315	1	0
r2316	1	0
r2317	1	0
r2318	0	1
r2319	1	0
r2320	1	0
r2321	0	1
r2323	1	0
r2325	1	0
r2326	1	0
r2327	1	0
r2328	1	0
r2329	1	0
r2330	1	0
r2331	1	0
r2332	1	0
r2333	1	0
r2334	1	0
r2342	1	0
r2343	1	0
r2346	1	0
r2347	0	1
r2353	1	0
r2354	1	0
r2355	1	0
r2357	0	1
r2358	1	0
r2359	1	0
r2360	1	0
r2361	1	0
r2362	1	0
r2363	1	0
r2365	1	0
r2366	1	0
r2367	1	0
r2368	1	0
r2369	1	0
r2371	1	0
r2372	1	0
r2373	1	0
r2374	1	0
r2375	1	0
r2376	1	0
r2377	1	0
r2378	1	0
r2379	1	0
r2380	1	0
r2419	1	0
r2420	1	0
r2434	1	0
r2435	1	0
r2436	1	0
r2437	1	0
r2438	1	0
r2506	1	0
r2507	1	0
r2508	1	0
r2509	1	0
r2510	1	0
r2511	1	0
r2514	0	1
r2514e	1	0
r2514m	0	1
r2516	1	0
r2517	0	1
r2519	1	0
r2520	1	0
r2521	1	0
r2537	1	0
r2538	1	0
RAtn	0	1
RAtn3	0	1
RDH4	1	0
RE0383C	0	1
RE0453C	1	0
RE0453M	1	0
RE0453N	1	0
RE0456N	1	0
RE0512M	1	0
RE0512X	1	0
RE0565C	1	0
RE0566C	1	0
RE0567C	1	0
RE0568C	1	0
RE0579C	0	1
RE0583C	1	0
RE0691C	0	1
RE0830C	1	0
RE0830N	1	0
RE0915C	0	1
RE0915E	0	1
RE0926E	0	1
RE0935E	0	1
RE0936E	0	1
RE0937E	0	1
RE0938E	0	1
RE0944E	0	1
RE0958C	0	1
RE0958E	0	1
RE1077C	0	1
RE1100R	1	0
RE1135C	1	0
RE1135R	1	0
RE1233C	0	1
RE1234C	0	1
RE1235C	0	1
RE1441R	1	0
RE1448N	1	0
RE1448R	1	0
RE1516M	1	0
RE1516X	1	0
RE1517M	1	0
RE1517X	1	0
RE1518M	1	0
RE1518X	1	0
RE1519X	1	0
RE1520M	1	0
RE1521M	1	0
RE1521X	1	0
RE1522M	1	0
RE1522X	1	0
RE1523M	1	0
RE1523X	1	0
RE1525M	1	0
RE1525X	1	0
RE1526M	1	0
RE1527M	1	0
RE1527X	1	0
RE1530C	1	0
RE1531M	1	0
RE1531X	1	0
RE1532M	1	0
RE1532X	1	0
RE1533M	1	0
RE1534M	1	0
RE1573M	1	0
RE1709C	1	0
RE1709N	1	0
RE1711C	0	1
RE1845C	1	0
RE1845X	1	0
RE1897C	0	1
RE1898C	0	1
RE1901R	1	0
RE1915C	0	1
RE1916C	0	1
RE1918C	0	1
RE1919C	0	1
RE1921C	0	1
RE1925C	0	1
RE1933C	1	0
RE1957R	1	0
RE1978C	1	0
RE2034C	1	0
RE2079R	1	0
RE2080C	1	0
RE2112R	0	1
RE2130C	0	1
RE2269E	0	1
RE2270E	0	1
RE2273E	0	1
RE2296C	0	1
RE2304E	0	1
RE2327C	1	0
RE2346C	0	1
RE2349C	0	1
RE2445E	0	1
RE2514E	0	1
RE2526C	1	0
RE2541E	0	1
RE2624X	1	0
RE2626C	1	0
RE2644C	0	1
RE2649C	1	0
RE2651R	1	0
RE2655R	1	0
RE2658C	0	1
RE2658R	1	0
RE2660C	1	0
RE2660N	1	0
RE2759X	0	1
RE2766C	0	1
RE2799C	1	0
RE2814R	0	1
RE2888C	0	1
RE2912M	0	1
RE2954C	1	0
RE2985M	1	0
RE2992M	1	0
RE2992X	1	0
RE2993X	1	0
RE2998M	1	0
RE2999M	1	0
RE3000M	1	0
RE3001M	1	0
RE3003M	1	0
RE3004M	1	0
RE3005M	1	0
RE3006M	1	0
RE3010C	1	0
RE3010M	1	0
RE3010X	1	0
RE3011M	1	1
RE3012C	0	1
RE3012M	1	1
RE3050R	1	0
RE3073X	1	0
RE3074X	0	1
RE3095C	0	1
RE3114R	0	1
RE3132R	1	0
RE3146R	1	0
RE3156X	0	1
RE3157X	0	1
RE3158X	0	1
RE3159X	0	1
RE3160R	1	0
RE3173C	0	1
RE3174C	0	1
RE3175C	0	1
RE3176C	0	1
RE3177M	0	1
RE3178M	0	1
RE3179M	0	1
RE3185M	0	1
RE3186M	0	1
RE3189M	0	1
RE3190M	0	1
RE3191M	0	1
RE3192M	0	1
RE3193M	0	1
RE3194M	0	1
RE3195M	0	1
RE3198C	0	1
RE3218C	0	1
RE3220C	0	1
RE3245C	1	0
RE3247X	1	0
RE3267E	0	1
RE3268R	1	0
RE3273C	1	0
RE3301C	1	0
RE3346C	1	0
RE3352C	0	1
RE3381E	0	1
RE3411C	0	1
RE3413C	0	1
RE3417C	0	1
RE3420C	0	1
RE3421R	1	0
RE3422C	1	0
RE3423C	1	0
RE3430C	1	0
RE3430M	1	0
RE3430X	1	0
RE3431C	1	0
RE3432C	1	0
RE3432M	1	0
RE3432X	1	0
RE3470C	1	0
RE3520E	0	1
RE3524R	1	0
RE3525M	1	0
RE3526C	1	0
RE3556C	0	1
RE3565C	0	1
RE3566C	0	1
RE3567C	0	1
RE3568C	0	1
RE3597C	1	0
RE3597M	1	1
RE3624M	1	0
RE3626M	1	0
RE3628M	1	0
RETI3	1	0
RETINALt	1	0
RETNGLCt	0	1
RETNGLCtr	0	1
RETNt	1	0
RNDR1	1	0
RNDR2	1	0
RNDR3	1	0
RNDR4	1	0
RPE	1	0
RPEc	1	0
RPI	1	0
RSVtev	1	0
RSVtu	1	0
RTOTAL2t	1	0
RTOTALt	1	0
Rtotalter	0	1
Rtotaltl	1	0
S23T2g	0	1
S23T4g	0	1
S2L2N2M2MASNtly	0	1
S2T4g	0	1
S2TASE1ly	0	1
S2TASE2ly	0	1
S3T1g	0	1
S3T2g	0	1
S3T3g	0	1
S3TASE1ly	0	1
S3TASE2ly	0	1
S3TASE3ly	0	1
S6T16g	0	1
S6T17g	0	1
S6T18g	0	1
S6T1g	0	1
S6T25g	0	1
S6T2g	0	1
S6T3g	0	1
S6TASE10ly	0	1
S6TASE11ly	0	1
S6TASE12ly	0	1
S6TASE13ly	0	1
S6TASE14ly	0	1
S6TASE15ly	0	1
S6TASE16ly	0	1
S6TASE17ly	0	1
S6TASE18ly	0	1
S6TASE19ly	0	1
S6TASE1ly	0	1
S6TASE20ly	0	1
S6TASE21ly	0	1
S6TASE22ly	0	1
S6TASE23ly	0	1
S6TASE24ly	0	1
S6TASE25ly	0	1
S6TASE26ly	0	1
S6TASE2ly	0	1
S6TASE3ly	0	1
SACCD3m	1	0
SACCD4m	1	1
SADT	0	1
SALMCOM	0	1
SARCOXp	0	1
SARCStp	0	1
SBTR	1	0
SCPx	1	0
SEBACACT	0	1
SEBACIDtd	0	1
SEBCOACROT	0	1
SELMETHt2e	1	0
SELMETHte	1	0
Ser_Thrtg	0	1
SERARGALAr	1	0
SERARGALAt	1	0
SERARGTRPr	1	0
SERARGTRPt	1	0
SERGLNexR	1	0
SERGLYexR	1	0
SERGLYGLUr	1	0
SERGLYGLUt	1	0
SERLYSHISr	1	0
SERLYSHISt	1	0
SERPHELYSr	1	0
SERPHELYSt	1	0
SERt4	1	0
SERtN1	1	0
SERTRPHISr	1	0
SERTRPHISt	1	0
SFCYSc	0	1
SFCYSe	0	1
SFGTH	0	1
SGPL12r	0	1
SIAASE2ly	0	1
SIAASE3ly	0	1
SIAASE4ly	0	1
SIAASEly	0	1
SIAT4Bg	0	1
SIAT9g	0	1
sink_11docrtsl[c]	1	0
sink_17ahprgstrn[c]	1	0
sink_34dhpac[c]	1	0
sink_4abut[l]	1	1
sink_5hpet[c]	1	0
sink_acac[m]	1	0
sink_ala_L[c]	1	0
sink_arachd[c]	1	0
sink_arg_L[c]	1	0
sink_asn_L[c]	1	0
sink_asp_L[c]	1	0
sink_avite1[c]	1	0
sink_bhb[m]	1	0
sink_C02528[c]	0	1
sink_c101coa[c]	0	1
sink_c226coa[c]	1	0
sink_c81coa[c]	0	1
sink_CE1273[c]	1	0
sink_chol[c]	1	0
sink_cholate[c]	1	0
sink_chsterol[c]	1	0
sink_citr[c]	1	0
sink_coa[c]	1	0
sink_ctp[c]	1	0
sink_cys_L[c]	1	0
sink_dchac[c]	1	0
sink_dgchol[c]	1	0
sink_dhcholestanate[c]	1	0
sink_fad[c]	1	0
sink_gchola[c]	1	0
sink_gln_L[c]	1	0
sink_glu_L[c]	1	0
sink_gly[c]	1	0
sink_glygn2[c]	1	0
sink_gtp[c]	1	0
sink_HC02192[c]	1	0
sink_HC02193[c]	1	0
sink_HC02195[c]	0	1
sink_HC02196[c]	0	1
sink_HC02197[c]	1	0
sink_HC02198[c]	1	0
sink_HC02220[c]	1	0
sink_hdca[c]	1	0
sink_his_L[c]	1	0
sink_ile_L[c]	1	0
sink_leu_L[c]	1	0
sink_lnlc[c]	1	0
sink_lnlccoa[c]	1	0
sink_lnlncacoa[c]	1	0
sink_lnlncgcoa[c]	1	0
sink_met_L[c]	1	0
sink_nad[c]	1	0
sink_nadp[c]	1	0
sink_octdececoa[c]	0	1
sink_odecoa[c]	1	0
sink_pail_hs[c]	1	0
sink_pe_hs[c]	1	0
sink_pglyc_hs[c]	1	0
sink_phe_L[c]	1	0
sink_pi[m]	1	0
sink_pmtcoa[c]	1	0
sink_pre_prot[r]	0	1
sink_pro_L[c]	1	0
sink_prostgh2[c]	1	0
sink_ps_hs[c]	1	0
sink_pydam[c]	1	0
sink_pydx[c]	1	0
sink_pydxn[c]	1	0
sink_retinol[c]	1	0
sink_ser_L[c]	1	0
sink_sphmyln_hs[c]	1	0
sink_stcoa[c]	1	0
sink_tag_hs[c]	1	0
sink_tdchola[c]	1	0
sink_tdechola[c]	1	0
sink_thcholstoic[c]	1	0
sink_thf[c]	1	0
sink_thr_L[c]	1	0
sink_tmndnc[c]	1	0
sink_tmndnccoa[c]	1	0
sink_trp_L[c]	1	0
sink_Tyr_ggn[c]	1	0
sink_tyr_L[c]	1	0
sink_utp[c]	1	0
sink_val_L[c]	1	0
sink_vitd3[c]	1	0
sink_xol7ah3[c]	1	0
SLDt	0	1
SLDx	0	1
SMPD3l	1	0
SMS	0	1
SO4t4_2	1	0
SO4tl	0	1
SOAT12	1	0
SPH1Pte	0	1
SPHGNSte	1	0
SPHGNte	0	1
SPHGNtn	0	1
SPHGNtr	0	1
SPHINGStl	1	0
SPHK22n	0	1
SPHMYLNtl	1	0
SPHS1Ptr	0	1
SPMS	0	1
SPODM	0	1
SPODMm	0	1
SPODMn	0	1
SPODMx	0	1
SPRMt2r	1	0
SPRMTDe	1	0
SQLSr	1	0
SRR	1	0
SRTNACT	0	1
SRTNENT4tc	1	0
SRTNt6_2_r	1	0
SRTNtu	1	0
ST3GAL21g	0	1
ST3GAL22g	0	1
ST3GAL23g	0	1
ST6GALNAC27	0	1
ST8SIA11	0	1
ST8SIA12	0	1
ST8SIA13e	0	1
ST8SIA51g	0	1
ST8SIA52g	0	1
ST8SIA53g	0	1
ST8SIA54g	0	1
ST8SIA55g	0	1
STCRNtr	0	1
STRDNCCPT1	1	0
STRDNCCRNt	1	0
STRDNCt	1	0
SUBEACtd	0	1
SUBERCACT	0	1
SUBERCROT	0	1
SUBERICACT	0	1
SUCCt2m	1	0
SUCCt4_2	1	0
SUCCtp	0	1
SUCD1m	1	0
SUCSALte	1	0
SUCSALtm	1	0
TAGt	1	0
TAURt4_2_r	1	0
TAURtcx	1	0
TCDCA3St	0	1
TCHOLAt	1	0
TCHOLAte	1	0
TCYNTt	0	1
TDCHOLAte	1	0
TDCHOLAtx	1	0
TETHEX3COAtx	0	1
TETPENT3COAtm	1	0
TETPENT3CPT1	1	0
TETPENT3CPT2	1	0
TETPENT3CRNt	1	0
TETPENT6COAtm	1	0
TETPENT6COAtx	0	1
TETPENT6CPT1	1	0
TETPENT6CPT2	1	0
TETPENT6CRNt	1	0
TETPENT6t	1	1
TETTET6COAtm	1	0
TETTET6CPT1	1	0
TETTET6CPT2	1	0
TETTET6CRNt	1	0
TETTET6t	1	0
THBPTt	0	1
THCHOLSTOICt	1	0
THCHOLSTOICtm	1	0
THD1m	1	0
The	1	0
THFt2	1	0
THFtl	1	0
THFtm	1	0
THMDt2r	1	0
THMMPt4	1	0
THMMPtrbc	1	0
THMP	0	1
THMt3	1	0
THMtrbc	1	0
THRARGTYRr	1	0
THRARGTYRt	1	0
THRASNTYRr	1	0
THRASNTYRt	1	0
THRGLNexR	1	0
THRGLNTYRr	1	0
THRGLNTYRt	1	0
THRGLYexR	1	0
THRHISHISr	1	0
THRHISHISt	1	0
THRILEARGr	1	0
THRILEARGt	1	0
THRPHEARGr	1	0
THRPHEARGt	1	0
THRt4	1	0
THRTHRARGr	1	0
THRTHRARGt	1	0
THRTYRMETr	1	0
THRTYRMETt	1	0
THYOXt	1	0
THYOXt2	1	0
TIGCRNe	0	1
TLACFVSitr	0	1
TLACFVStev	0	1
TMABADH	0	1
TMDOATtev	1	0
TMDOATthc	1	0
TMDPK	0	1
TMDS	1	0
TMDtd	1	0
TMLYSOX	0	1
TMNDNCCPT1	1	0
TMNDNCCRNt	1	0
TMNDNCt	1	0
TMNDNCtl	0	1
TPI	1	0
TRDR	1	0
TRIODTHYt	1	0
TRPALAPROr	1	0
TRPALAPROt	1	0
TRPARGALAr	1	0
TRPARGALAt	1	0
TRPASPASPr	1	0
TRPASPASPt	1	0
TRPGLNGLNr	1	0
TRPGLNGLNt	1	0
TRPGLUGLYr	1	0
TRPGLUGLYt	1	0
TRPGLULEUr	1	0
TRPGLULEUt	1	0
TRPGLUPROr	1	0
TRPGLUPROt	1	0
TRPGLUTYRr	1	0
TRPGLUTYRt	1	0
TRPGLYASPr	1	0
TRPGLYASPt	1	0
TRPGLYLEUr	1	0
TRPGLYLEUt	1	0
TRPGLYPHEr	1	0
TRPGLYPHEt	1	0
TRPGLYVALr	1	0
TRPGLYVALt	1	0
TRPILELYSr	1	0
TRPILELYSt	1	0
TRPILETRPr	1	0
TRPILETRPt	1	0
TRPLYSr	1	0
TRPLYSt	1	0
TRPMETARGr	1	0
TRPMETARGt	1	0
TRPMETVALr	1	0
TRPMETVALt	1	0
TRPPHEr	1	0
TRPPHEt	1	0
TRPPROGLYr	1	0
TRPPROGLYt	1	0
TRPPROLEUr	1	0
TRPPROLEUt	1	0
TRPPROVALr	1	0
TRPPROVALt	1	0
TRPSERTYRr	1	0
TRPSERTYRt	1	0
TRPt	1	0
TRPt4	1	0
TRPTHRGLUr	1	0
TRPTHRGLUt	1	0
TRPTHRILEr	1	0
TRPTHRILEt	1	0
TRPTHRTYRr	1	0
TRPTHRTYRt	1	0
TRPTYRGLNr	1	0
TRPTYRGLNt	1	0
TRPTYRTYRr	1	0
TRPTYRTYRt	1	0
TSTSTERONEt	0	1
TSULt4_3	0	1
TTDCPT2	1	0
TTDCRNt	1	0
TUDCA3St	0	1
TXA2te	0	1
TXA2tr	0	1
TYMte	0	1
TYRALAPHEr	1	0
TYRALAPHEt	1	0
TYRALAr	1	0
TYRALAt	1	0
TYRARGGLUr	1	0
TYRARGGLUt	1	0
TYRARGSERr	1	0
TYRARGSERt	1	0
TYRASE	0	1
TYRASPARGr	1	0
TYRASPARGt	1	0
TYRCYSGLYr	1	0
TYRCYSGLYt	1	0
TYRCYSTHRr	1	0
TYRCYSTHRt	1	0
TYRDOPOX	0	1
TYRGLUr	1	0
TYRGLUt	1	0
TYRLEUARGr	1	0
TYRLEUARGt	1	0
TYRPHETYRr	1	0
TYRPHETYRt	1	0
TYRt	1	0
TYRt4	1	0
TYRTA	1	0
TYRTHRr	1	0
TYRTHRt	1	0
TYRTRPPHEr	1	0
TYRTRPPHEt	1	0
TYRTYRr	1	0
TYRTYRt	1	0
TYRVALMETr	1	0
TYRVALMETt	1	0
UAG4E	0	1
UAGDP	0	1
UCHOLt	0	1
UDPACGALtl	0	1
UDPG4E	1	0
UDPGALt2r	1	1
UDPGALtg	0	1
UDPGLCAter	1	0
UDPGLCAtg	0	1
UDPGLCter	1	0
UDPGLCURtr	0	1
UDPtl	0	1
UGALNACtg	0	1
UGLCNACtg	0	1
UGLT	1	0
UGT1A10c	1	0
UGT1A10r	1	0
UGT1A5r	0	1
UMPK	1	1
UMPK2	1	1
UMPK2n	1	1
UMPK3	1	1
UMPK3n	1	0
UMPK5	1	0
UMPK5n	1	0
UMPK6	0	1
UMPK6n	1	0
UMPK7	1	1
UMPK7n	1	0
UMPtr	1	0
UNK3r	0	1
UREAt5	1	0
URIDK3	1	0
URIK1	0	1
URIt5le	1	1
UROLACer	1	0
UTPtn	1	0
VALARGGLYr	1	0
VALARGGLYt	1	0
VALHISASNr	1	0
VALHISASNt	1	0
VALLEUPHEr	1	0
VALLEUPHEt	1	0
VALLYSTYRr	1	0
VALLYSTYRt	1	0
VALPHEARGr	1	0
VALPHEARGt	1	0
VALPROTRPr	1	0
VALPROTRPt	1	0
VALSERARGr	1	0
VALSERARGt	1	0
VALt5m	1	0
VALTA	1	0
VALTAm	1	0
VALTRPPHEr	1	0
VALTRPPHEt	1	0
VALTRPVALr	1	0
VALTRPVALt	1	0
VALVALr	1	0
VALVALt	1	0
VD3	1	0
VITEtl	1	0
XANtr	1	0
XOL27OHte	0	1
XOL27OHtm	0	1
XOL27OHtmc	0	1
XOL7AONEt	0	1
XOL7AONEtr	0	1
XOLEST182_HSte	0	1
XOLEST182CEH	0	1
XOLEST182tl	0	1
XOLEST183CEH	0	1
XOLEST183te	0	1
XOLEST183tl	0	1
XOLEST205_HSte	0	1
XOLEST205CEH	0	1
XOLEST205tl	0	1
XOLEST226_HSte	0	1
XOLEST226CEH	0	1
XOLEST226tl	0	1
XOLESTte	1	0
XSERtg	0	1
XTSNtr	1	0
XYLt	0	1
XYLTD_Dr	0	1
XYLTer	0	1
XYLtly	0	1
XYLTt	0	1
XYLUDte	0	1
XYLULte	0	1
