rxnList	subSystem	GPR	fluxspan_a	fluxspan_b	FluxSpanRatio	direction	localization	rxnFormula
2M3HVACc	Propanoate metabolism		251.359766097589	154.987008018833	1.62181184933285	L	[c]	h[c] + nadh[c] + 2m3ovac[c]  <=> nad[c] + 2m3hvac[c] 
2M3OVACm	Propanoate metabolism		251.359766097589	154.987008018833	1.62181184933285	L	[m]	h2o[m] + 2m3ovcoa[m]  -> h[m] + coa[m] + 2m3ovac[m] 
2M3OVCOAm	Propanoate metabolism	38.1	251.359766097589	154.987008018833	1.62181184933285	L	[m]	2 ppcoa[m]  <=> coa[m] + 2m3ovcoa[m] 
ABTArm	Glutamate metabolism	18.1 or 18.2	837.416968817984	213.180772816741	3.92820120573379	L	[m]	akg[m] + 4abut[m]  <=> glu_L[m] + sucsal[m] 
ACCOAL	Propanoate metabolism	55902.1 or 55902.2	758.26565143824	487.593744882921	1.5551176761308	L	[c]	atp[c] + coa[c] + ppa[c]  -> adp[c] + pi[c] + ppcoa[c] 
ACS	Glycolysis/gluconeogenesis	65985.1 or 55902.2 or 55902.1	389.01861252115	251.028971152656	1.54969607983845	L	[c]	atp[c] + coa[c] + ac[c]  -> accoa[c] + amp[c] + ppi[c] 
ACS2	Propanoate metabolism	55902.1 or 65985.1 or 55902.2	389.018612521152	251.028971152656	1.54969607983846	L	[c]	atp[c] + coa[c] + ppa[c]  -> amp[c] + ppi[c] + ppcoa[c] 
ACYP	Glycolysis/gluconeogenesis	112611.1 or 98.1 or 97.2 or 97.1	758.26565143824	487.593744882922	1.55511767613079	L	[c]	h2o[c] + 13dpg[c]  -> h[c] + pi[c] + 3pg[c] 
APOCF	Biotin metabolism		389.01861252115	251.028971152656	1.54969607983845	L	[c]	apoC[c] + lys_L[c]  -> h2o[c] + h[c] + apoC_Lys[c] 
APOCFm	Biotin metabolism		389.018612521151	251.028971152655	1.54969607983845	L	[m]	apoC[m] + lys_L[m]  -> h2o[m] + h[m] + apoC_Lys[m] 
APOC_LYS_BTNP	Biotin metabolism		389.01861252115	251.028971152656	1.54969607983845	L	[c]	h2o[c] + apoC_Lys_btn[c]  -> apoC[c] + biocyt[c] 
APOC_LYS_BTNPm	Biotin metabolism		389.018612521151	251.028971152655	1.54969607983845	L	[m]	h2o[m] + apoC_Lys_btn[m]  -> apoC[m] + biocyt[m] 
BACCL	Biotin metabolism	3141.1	389.01861252115	251.028971152656	1.54969607983845	L	[c]	h[c] + atp[c] + btn[c]  -> ppi[c] + btamp[c] 
BACCLm	Biotin metabolism	3141.1	389.018612521151	251.028971152655	1.54969607983845	L	[m]	h[m] + atp[m] + btn[m]  -> ppi[m] + btamp[m] 
BTND1n	Biotin metabolism	686.1	389.01861252115	251.028971152656	1.54969607983845	L	[n]	biocyt[n] + h2o[n]  -> lys_L[n] + btn[n] 
BTNDm	Biotin metabolism	686.1	389.018612521151	251.028971152655	1.54969607983845	L	[m]	h2o[m] + biocyt[m]  -> lys_L[m] + btn[m] 
BTNPL	Biotin metabolism	3141.1	389.01861252115	251.028971152656	1.54969607983845	L	[c]	apoC_Lys[c] + btamp[c]  -> h[c] + amp[c] + apoC_Lys_btn[c] 
BTNPLm	Biotin metabolism	3141.1	389.018612521151	251.028971152655	1.54969607983845	L	[m]	apoC_Lys[m] + btamp[m]  -> h[m] + amp[m] + apoC_Lys_btn[m] 
ENO	Glycolysis/gluconeogenesis	2023.1 or 2027.1 or 2027.2 or 2026.1	871.469711390554	487.916325528082	1.78610484174176	L	[c]	2pg[c]  <=> h2o[c] + pep[c] 
G3PD2m	Glycolysis/gluconeogenesis	2820.1	583.546893884457	365.328321042046	1.59732180691596	L	intercompartmental	fad[m] + glyc3p[c]  -> fadh2[m] + dhap[c] 
GLNS	Glutamate metabolism	2752.1 or 51557.1	758.265651438235	487.59374488292	1.55511767613079	L	[c]	nh4[c] + atp[c] + glu_L[c]  -> h[c] + adp[c] + pi[c] + gln_L[c] 
GLUDC	Glutamate metabolism	2571.1 or 2572.1 or 2571.2	334.874546773024	210.15663524293	1.59345217145263	L	[c]	h[c] + glu_L[c]  -> co2[c] + 4abut[c] 
GLUNm	Glutamate metabolism	2744.1 or 27165.2 or 27165.1	778.26565143824	507.593744882921	1.53324515773486	L	[m]	h2o[m] + gln_L[m]  -> glu_L[m] + nh4[m] 
HEX1	Glycolysis/gluconeogenesis	3098.3 or 80201.1 or 2645.3 or 3098.4 or 3099.1 or 2645.2 or 3098.5 or 2645.1 or 3098.1 or 3101.1 or 3098.2	479.018612521151	261.028971152656	1.83511665546507	L	[c]	atp[c] + glc_D[c]  -> h[c] + adp[c] + g6p[c] 
HMGCOASim	Cholesterol metabolism	3158.1	849.09898477157	517.775465313029	1.63989806712497	L	[m]	h2o[m] + accoa[m] + aacoa[m]  -> h[m] + coa[m] + hmgcoa[m] 
HMGLm	Cholesterol metabolism	3155.1 or 54511.1	849.098984771573	517.775465313029	1.63989806712498	L	[m]	hmgcoa[m]  -> accoa[m] + acac[m] 
HMGLx	Cholesterol metabolism	3155.1	849.098984771574	517.775465313029	1.63989806712498	L	[x]	hmgcoa[x]  -> accoa[x] + acac[x] 
HMR_0188	Fatty acid synthesis	2182.1 or 23205.1 or 2181.1 or 81616.1 or 11001.1 or 2180.1 or 23305.1 or 51703.1	389.01861252115	251.028971152656	1.54969607983845	L	[c]	atp[c] + coa[c] + ddca[c]  -> amp[c] + ppi[c] + ddcacoa[c] 
HMR_0192	Fatty acid synthesis	2182.1 or 23205.1 or 2181.1 or 81616.1 or 11001.1 or 2180.1 or 23305.1 or 51703.1	389.018612521151	251.028971152656	1.54969607983845	L	[c]	atp[c] + coa[c] + M03051[c]  -> amp[c] + ppi[c] + M03050[c] 
HMR_0200	Fatty acid synthesis	2182.1 or 23205.1 or 2181.1 or 81616.1 or 11001.1 or 2180.1 or 23305.1 or 51703.1	389.01861252115	251.028971152656	1.54969607983845	L	[c]	atp[c] + coa[c] + ttdcea[c]  -> amp[c] + ppi[c] + M00129[c] 
HMR_0204	Fatty acid synthesis	2182.1 or 23205.1 or 2181.1 or 81616.1 or 11001.1 or 2180.1 or 23305.1 or 51703.1	389.01861252115	251.028971152656	1.54969607983845	L	[c]	atp[c] + coa[c] + M00117[c]  -> amp[c] + ppi[c] + HC10784[c] 
HMR_0209	Fatty acid synthesis	2182.1 or 23205.1 or 2181.1 or 81616.1 or 11001.1 or 2180.1 or 23305.1 or 51703.1	389.018612521151	251.028971152656	1.54969607983845	L	[c]	atp[c] + coa[c] + M02745[c]  -> amp[c] + ppi[c] + M01141[c] 
HMR_0233	Fatty acid synthesis	2182.1 or 23205.1 or 2181.1 or 81616.1 or 11001.1 or 2180.1 or 23305.1 or 51703.1	389.018612521151	251.028971152656	1.54969607983845	L	[c]	atp[c] + coa[c] + M01197[c]  -> amp[c] + ppi[c] + M01191[c] 
HMR_0241	Fatty acid synthesis	2182.1 or 23205.1 or 2181.1 or 81616.1 or 11001.1 or 2180.1 or 23305.1 or 51703.1	389.01861252115	251.028971152656	1.54969607983845	L	[c]	atp[c] + coa[c] + M00003[c]  -> amp[c] + ppi[c] + M00004[c] 
HMR_0245	Fatty acid synthesis	2182.1 or 23205.1 or 2181.1 or 81616.1 or 11001.1 or 2180.1 or 23305.1 or 51703.1	389.01861252115	251.028971152656	1.54969607983845	L	[c]	atp[c] + coa[c] + M01238[c]  -> amp[c] + ppi[c] + M01237[c] 
HMR_0255	Fatty acid synthesis	2182.1 or 23205.1 or 2181.1 or 81616.1 or 11001.1 or 2180.1 or 23305.1 or 51703.1	389.018612521151	251.028971152656	1.54969607983845	L	[c]	atp[c] + coa[c] + M00019[c]  -> amp[c] + ppi[c] + M00020[c] 
HMR_0259	Fatty acid synthesis	2182.1 or 23205.1 or 2181.1 or 81616.1 or 11001.1 or 2180.1 or 23305.1 or 51703.1	389.01861252115	251.028971152656	1.54969607983845	L	[c]	atp[c] + coa[c] + vacc[c]  -> amp[c] + ppi[c] + vacccoa[c] 
HMR_0267	Fatty acid synthesis	2182.1 or 23205.1 or 2181.1 or 81616.1 or 11001.1 or 2180.1 or 23305.1 or 51703.1	389.01861252115	251.028971152656	1.54969607983845	L	[c]	atp[c] + coa[c] + elaid[c]  -> amp[c] + ppi[c] + M00127[c] 
HMR_0279	Fatty acid synthesis	2182.1 or 23205.1 or 2181.1 or 81616.1 or 11001.1 or 2180.1 or 23305.1 or 51703.1	389.01861252115	251.028971152656	1.54969607983845	L	[c]	atp[c] + coa[c] + M02613[c]  -> amp[c] + ppi[c] + M02612[c] 
HMR_0289	Fatty acid synthesis	2182.1 or 23205.1 or 2181.1 or 81616.1 or 11001.1 or 2180.1 or 23305.1 or 51703.1	389.01861252115	251.028971152656	1.54969607983845	L	[c]	atp[c] + coa[c] + M00017[c]  -> amp[c] + ppi[c] + M00018[c] 
HMR_0293	Fatty acid synthesis	2182.1 or 23205.1 or 2181.1 or 81616.1 or 11001.1 or 2180.1 or 23305.1 or 51703.1	389.018612521151	0	Inf	L	[c]	atp[c] + coa[c] + CE2510[c]  -> amp[c] + ppi[c] + CE5151[c] 
HMR_0297	Fatty acid synthesis	2182.1 or 23205.1 or 2181.1 or 81616.1 or 11001.1 or 2180.1 or 23305.1 or 51703.1	389.01861252115	251.028971152663	1.54969607983841	L	[c]	atp[c] + coa[c] + M01235[c]  -> amp[c] + ppi[c] + M01236[c] 
HMR_0301	Fatty acid synthesis	2182.1 or 23205.1 or 2181.1 or 81616.1 or 11001.1 or 2180.1 or 23305.1 or 51703.1	389.01861252115	251.028971152663	1.54969607983841	L	[c]	atp[c] + coa[c] + M01207[c]  -> amp[c] + ppi[c] + M00123[c] 
HMR_0305	Fatty acid synthesis	2182.1 or 23205.1 or 2181.1 or 81616.1 or 11001.1 or 2180.1 or 23305.1 or 51703.1	389.018612521151	251.028971152656	1.54969607983845	L	[c]	atp[c] + coa[c] + M02457[c]  -> h[c] + amp[c] + ppi[c] + M00101[c] 
HMR_0309	Fatty acid synthesis	2182.1 or 23205.1 or 2181.1 or 81616.1 or 11001.1 or 2180.1 or 23305.1 or 51703.1	389.018612521151	251.028971152656	1.54969607983845	L	[c]	atp[c] + coa[c] + M02053[c]  -> amp[c] + ppi[c] + M02052[c] 
HMR_0323	Fatty acid synthesis	2182.1 or 23205.1 or 2181.1 or 81616.1 or 11001.1 or 2180.1 or 23305.1 or 51703.1	389.018612521151	251.028971152656	1.54969607983845	L	[c]	atp[c] + coa[c] + M01582[c]  -> amp[c] + ppi[c] + M00006[c] 
HMR_0327	Fatty acid synthesis	2182.1 or 23205.1 or 2181.1 or 81616.1 or 11001.1 or 2180.1 or 23305.1 or 51703.1	389.01861252115	251.028971152656	1.54969607983845	L	[c]	atp[c] + coa[c] + M03045[c]  -> amp[c] + ppi[c] + M03047[c] 
HMR_0345	Fatty acid synthesis	2182.1 or 23205.1 or 2181.1 or 81616.1 or 11001.1 or 2180.1 or 23305.1 or 51703.1	389.018612521151	251.028971152656	1.54969607983845	L	[c]	atp[c] + coa[c] + M03153[c]  -> amp[c] + ppi[c] + M02112[c] 
HMR_0381	Fatty acid synthesis	2182.1 or 23205.1 or 2181.1 or 81616.1 or 11001.1 or 2180.1 or 23305.1 or 51703.1	389.01861252115	251.028971152663	1.54969607983841	L	[c]	atp[c] + coa[c] + M00010[c]  -> amp[c] + ppi[c] + M00012[c] 
HMR_0385	Fatty acid synthesis	2182.1 or 23205.1 or 2181.1 or 81616.1 or 11001.1 or 2180.1 or 23305.1 or 51703.1	389.018612521151	251.028971152656	1.54969607983845	L	[c]	atp[c] + coa[c] + M00341[c]  -> amp[c] + ppi[c] + M00343[c] 
HMR_0389	Fatty acid synthesis	2182.1 or 23205.1 or 2181.1 or 81616.1 or 11001.1 or 2180.1 or 23305.1 or 51703.1	389.018612521151	251.028971152663	1.54969607983841	L	[c]	atp[c] + coa[c] + M00260[c]  -> amp[c] + ppi[c] + CE4854[c] 
HMR_0393	Fatty acid synthesis	2182.1 or 23205.1 or 2181.1 or 81616.1 or 11001.1 or 2180.1 or 23305.1 or 51703.1	389.018612521152	251.028971152656	1.54969607983846	L	[c]	atp[c] + coa[c] + M00315[c]  -> amp[c] + ppi[c] + CE4855[c] 
HMR_0429	Fatty acid synthesis	2182.1 or 23205.1 or 2181.1 or 81616.1 or 11001.1 or 2180.1 or 23305.1 or 51703.1	389.018612521151	251.028971152656	1.54969607983845	L	[c]	atp[c] + coa[c] + M00008[c]  -> amp[c] + ppi[c] + CE4843[c] 
HMR_0433	Fatty acid synthesis	2182.1 or 23205.1 or 2181.1 or 81616.1 or 11001.1 or 2180.1 or 23305.1 or 51703.1	389.01861252115	251.028971152656	1.54969607983845	L	[c]	atp[c] + coa[c] + M00021[c]  -> amp[c] + ppi[c] + M00023[c] 
HMR_0437	Fatty acid synthesis	2182.1 or 23205.1 or 2181.1 or 81616.1 or 11001.1 or 2180.1 or 23305.1 or 51703.1	389.01861252115	251.028971152656	1.54969607983845	L	[c]	atp[c] + coa[c] + M00265[c]  -> amp[c] + ppi[c] + CE4847[c] 
HMR_1465	Cholesterol metabolism	2222.1	3.5	20.7494000685635	0.168679575719526	H	[c]	ppi[c] + HC01118[c]  <=> 2 frdp[c] 
HMR_1467	Cholesterol metabolism	2222.1	3.5	20.7494000685636	0.168679575719525	H	[c]	h[c] + nadph[c] + HC01118[c]  -> nadp[c] + ppi[c] + sql[c] 
HMR_1470	Cholesterol metabolism	6713.1	3.5	20.7494000685636	0.168679575719525	H	[c]	o2[c] + h[c] + nadph[c] + sql[c]  -> h2o[c] + nadp[c] + Ssq23epx[c] 
HMR_1473	Cholesterol metabolism	4047.1	3.5	20.7494000685636	0.168679575719525	H	[c]	Ssq23epx[c]  -> lanost[c] 
HMR_2259	Fatty acid synthesis	60481.1 or 64834.1 or 6785.1 or 83401.1 or 79993.1 or 79071.1 or 54898.1	435.381762029142	277.247151720248	1.57037415651598	L	[c]	h[c] + hpdcacoa[c] + malcoa[c]  -> co2[c] + coa[c] + M00887[c] 
HMR_2260	Fatty acid synthesis	51144.1	435.381762029142	277.247151720248	1.57037415651598	L	[c]	h[c] + nadph[c] + M00887[c]  -> nadp[c] + M00790[c] 
HMR_2261	Fatty acid synthesis	51495.1 or 192286.1 or 9200.1 or 401494.1 or 201562.1	435.381762029142	277.247151720248	1.57037415651598	L	[c]	M00790[c]  -> h2o[c] + M00054[c] 
HMR_2262	Fatty acid synthesis	9524.1 or 253017.1	435.381762029142	277.247151720248	1.57037415651598	L	[c]	h[c] + nadph[c] + M00054[c]  -> nadp[c] + M02612[c] 
HMR_2263	Fatty acid synthesis	60481.1 or 64834.1 or 6785.1 or 83401.1 or 79993.1 or 79071.1 or 54898.1	435.381762029143	277.247151720248	1.57037415651598	L	[c]	h[c] + malcoa[c] + M02612[c]  -> co2[c] + coa[c] + M00873[c] 
HMR_2264	Fatty acid synthesis	51144.1	435.381762029143	277.247151720248	1.57037415651598	L	[c]	h[c] + nadph[c] + M00873[c]  -> nadp[c] + M00778[c] 
HMR_2265	Fatty acid synthesis	51495.1 or 192286.1 or 9200.1 or 401494.1 or 201562.1	435.381762029143	277.247151720248	1.57037415651598	L	[c]	M00778[c]  -> h2o[c] + M00044[c] 
HMR_2266	Fatty acid synthesis	9524.1 or 253017.1	435.381762029143	277.247151720248	1.57037415651598	L	[c]	h[c] + nadph[c] + M00044[c]  -> nadp[c] + M02052[c] 
HMR_2342	Fatty acid synthesis	60481.1 or 64834.1 or 6785.1 or 83401.1 or 79993.1 or 79071.1 or 54898.1	435.381762029144	277.247151720248	1.57037415651599	L	[c]	h[c] + malcoa[c] + vacccoa[c]  -> co2[c] + coa[c] + M00843[c] 
HMR_2343	Fatty acid synthesis	51144.1	435.381762029144	277.247151720248	1.57037415651599	L	[c]	h[c] + nadph[c] + M00843[c]  -> nadp[c] + M00702[c] 
HMR_2344	Fatty acid synthesis	51495.1 or 192286.1 or 9200.1 or 401494.1 or 201562.1	435.381762029144	277.247151720248	1.57037415651599	L	[c]	M00702[c]  -> h2o[c] + M03014[c] 
HMR_2345	Fatty acid synthesis	9524.1 or 253017.1	435.381762029144	277.247151720248	1.57037415651599	L	[c]	h[c] + nadph[c] + M03014[c]  -> nadp[c] + M00018[c] 
HMR_2942	Fatty acid synthesis	2182.1 or 23205.1 or 2181.1 or 81616.1 or 11001.1 or 2180.1 or 23305.1 or 51703.1	389.01861252115	251.028971152656	1.54969607983845	L	[r]	atp[r] + coa[r] + ddca[r]  -> amp[r] + ppi[r] + ddcacoa[r] 
HMR_2943	Fatty acid synthesis	2182.1 or 23205.1 or 2181.1 or 81616.1 or 11001.1 or 2180.1 or 23305.1 or 51703.1	389.01861252115	251.028971152656	1.54969607983845	L	[r]	atp[r] + coa[r] + M03051[r]  -> amp[r] + ppi[r] + M03050[r] 
HMR_2944	Fatty acid synthesis	2182.1 or 23205.1 or 2181.1 or 81616.1 or 11001.1 or 2180.1 or 23305.1 or 51703.1	389.01861252115	251.028971152656	1.54969607983845	L	[r]	atp[r] + coa[r] + ttdca[r]  -> amp[r] + ppi[r] + tdcoa[r] 
HMR_2945	Fatty acid synthesis	2182.1 or 23205.1 or 2181.1 or 81616.1 or 11001.1 or 2180.1 or 23305.1 or 51703.1	389.018612521151	251.028971152656	1.54969607983845	L	[r]	atp[r] + coa[r] + M02745[r]  -> amp[r] + ppi[r] + M01141[r] 
HMR_2946	Fatty acid synthesis	2182.1 or 23205.1 or 2181.1 or 81616.1 or 11001.1 or 2180.1 or 23305.1 or 51703.1	389.018612521151	251.028971152656	1.54969607983845	L	[r]	atp[r] + coa[r] + ttdcea[r]  -> amp[r] + ppi[r] + M00129[r] 
HMR_2947	Fatty acid synthesis	2182.1 or 23205.1 or 2181.1 or 81616.1 or 11001.1 or 2180.1 or 23305.1 or 51703.1	389.018612521151	251.028971152656	1.54969607983845	L	[r]	atp[r] + coa[r] + M00117[r]  -> amp[r] + ppi[r] + HC10784[r] 
HMR_2948	Fatty acid synthesis	2182.1 or 23205.1 or 2181.1 or 81616.1 or 11001.1 or 2180.1 or 23305.1 or 51703.1	389.018612521151	251.028971152656	1.54969607983845	L	[r]	atp[r] + coa[r] + ptdca[r]  -> amp[r] + ppi[r] + ptdcacoa[r] 
HMR_2951	Fatty acid synthesis	2182.1 or 23205.1 or 2181.1 or 81616.1 or 11001.1 or 2180.1 or 23305.1 or 51703.1	389.018612521151	251.028971152656	1.54969607983845	L	[r]	atp[r] + coa[r] + M01197[r]  -> amp[r] + ppi[r] + M01191[r] 
HMR_2954	Fatty acid synthesis	2182.1 or 23205.1 or 2181.1 or 81616.1 or 11001.1 or 2180.1 or 23305.1 or 51703.1	389.018612521151	251.028971152656	1.54969607983845	L	[r]	atp[r] + coa[r] + hpdca[r]  -> amp[r] + ppi[r] + hpdcacoa[r] 
HMR_2955	Fatty acid synthesis	2182.1 or 23205.1 or 2181.1 or 81616.1 or 11001.1 or 2180.1 or 23305.1 or 51703.1	389.018612521151	251.028971152656	1.54969607983845	L	[r]	atp[r] + coa[r] + M00003[r]  -> amp[r] + ppi[r] + M00004[r] 
HMR_2956	Fatty acid synthesis	2182.1 or 23205.1 or 2181.1 or 81616.1 or 11001.1 or 2180.1 or 23305.1 or 51703.1	389.018612521151	251.028971152656	1.54969607983845	L	[r]	atp[r] + coa[r] + M01238[r]  -> amp[r] + ppi[r] + M01237[r] 
HMR_2957	Fatty acid synthesis	2182.1 or 23205.1 or 10965.1 or 2181.1 or 81616.1 or 11001.1 or 2180.1 or 23305.1 or 122970.1 or 51703.1	389.018612521151	251.028971152656	1.54969607983845	L	[r]	atp[r] + coa[r] + ocdca[r]  -> amp[r] + ppi[r] + stcoa[r] 
HMR_2961	Fatty acid synthesis	2182.1 or 23205.1 or 2181.1 or 81616.1 or 11001.1 or 2180.1 or 23305.1 or 51703.1	389.018612521151	251.028971152656	1.54969607983845	L	[r]	atp[r] + coa[r] + elaid[r]  -> amp[r] + ppi[r] + M00127[r] 
HMR_2962	Fatty acid synthesis	2182.1 or 23205.1 or 2181.1 or 81616.1 or 11001.1 or 2180.1 or 23305.1 or 51703.1	389.018612521151	251.028971152656	1.54969607983845	L	[r]	atp[r] + coa[r] + M00019[r]  -> amp[r] + ppi[r] + M00020[r] 
HMR_2963	Fatty acid synthesis	2182.1 or 23205.1 or 2181.1 or 81616.1 or 11001.1 or 2180.1 or 23305.1 or 51703.1	389.018612521151	251.028971152656	1.54969607983845	L	[r]	atp[r] + coa[r] + vacc[r]  -> amp[r] + ppi[r] + vacccoa[r] 
HMR_2964	Fatty acid synthesis	2182.1 or 23205.1 or 2181.1 or 81616.1 or 11001.1 or 2180.1 or 23305.1 or 51703.1	389.018612521151	251.028971152656	1.54969607983845	L	[r]	atp[r] + coa[r] + lneldc[r]  -> amp[r] + ppi[r] + lneldccoa[r] 
HMR_2965	Fatty acid synthesis	2182.1 or 23205.1 or 2181.1 or 81616.1 or 11001.1 or 2180.1 or 23305.1 or 51703.1	389.018612521151	251.028971152656	1.54969607983845	L	[r]	atp[r] + coa[r] + M02613[r]  -> amp[r] + ppi[r] + M02612[r] 
HMR_2966	Fatty acid synthesis	2182.1 or 23205.1 or 2181.1 or 81616.1 or 11001.1 or 2180.1 or 23305.1 or 51703.1	389.018612521151	251.028971152656	1.54969607983845	L	[r]	atp[r] + coa[r] + arach[r]  -> amp[r] + ppi[r] + arachcoa[r] 
HMR_2967	Fatty acid synthesis	2182.1 or 23205.1 or 2181.1 or 81616.1 or 11001.1 or 2180.1 or 23305.1 or 51703.1	389.018612521151	251.028971152656	1.54969607983845	L	[r]	atp[r] + coa[r] + CE2510[r]  -> amp[r] + ppi[r] + CE5151[r] 
HMR_2968	Fatty acid synthesis	2182.1 or 23205.1 or 2181.1 or 81616.1 or 11001.1 or 2180.1 or 23305.1 or 51703.1	389.018612521151	251.028971152656	1.54969607983845	L	[r]	atp[r] + coa[r] + M00017[r]  -> amp[r] + ppi[r] + M00018[r] 
HMR_2969	Fatty acid synthesis	2182.1 or 23205.1 or 2181.1 or 81616.1 or 11001.1 or 2180.1 or 23305.1 or 51703.1	389.018612521151	251.028971152656	1.54969607983845	L	[r]	atp[r] + coa[r] + M01235[r]  -> amp[r] + ppi[r] + M01236[r] 
HMR_2970	Fatty acid synthesis	2182.1 or 23205.1 or 2181.1 or 81616.1 or 11001.1 or 2180.1 or 23305.1 or 51703.1	389.018612521151	251.028971152656	1.54969607983845	L	[r]	atp[r] + coa[r] + M01207[r]  -> amp[r] + ppi[r] + M00123[r] 
HMR_2971	Fatty acid synthesis	2182.1 or 23205.1 or 2181.1 or 81616.1 or 11001.1 or 2180.1 or 23305.1 or 51703.1	389.018612521151	251.028971152656	1.54969607983845	L	[r]	atp[r] + coa[r] + M02457[r]  -> amp[r] + h[r] + ppi[r] + M00101[r] 
HMR_2972	Fatty acid synthesis	2182.1 or 23205.1 or 2181.1 or 81616.1 or 11001.1 or 2180.1 or 23305.1 or 51703.1	389.018612521151	251.028971152656	1.54969607983845	L	[r]	atp[r] + coa[r] + M02053[r]  -> amp[r] + ppi[r] + M02052[r] 
HMR_2973	Fatty acid synthesis	2182.1 or 23205.1 or 2181.1 or 81616.1 or 11001.1 or 2180.1 or 23305.1 or 51703.1	389.01861252115	251.028971152656	1.54969607983845	L	[r]	atp[r] + coa[r] + docosac[r]  -> amp[r] + ppi[r] + docoscoa[r] 
HMR_2974	Fatty acid synthesis	2182.1 or 23205.1 or 2181.1 or 81616.1 or 11001.1 or 2180.1 or 23305.1 or 51703.1	389.018612521151	251.028971152656	1.54969607983845	L	[r]	atp[r] + coa[r] + doco13ac[r]  -> amp[r] + ppi[r] + CE5155[r] 
HMR_2975	Fatty acid synthesis	2182.1 or 23205.1 or 2181.1 or 81616.1 or 11001.1 or 2180.1 or 23305.1 or 51703.1	389.018612521151	251.028971152656	1.54969607983845	L	[r]	atp[r] + coa[r] + M01582[r]  -> amp[r] + ppi[r] + M00006[r] 
HMR_2976	Fatty acid synthesis	2182.1 or 23205.1 or 2181.1 or 81616.1 or 11001.1 or 2180.1 or 23305.1 or 51703.1	389.018612521151	251.028971152656	1.54969607983845	L	[r]	atp[r] + coa[r] + M03045[r]  -> amp[r] + ppi[r] + M03047[r] 
HMR_2977	Fatty acid synthesis	2182.1 or 23205.1 or 2181.1 or 81616.1 or 11001.1 or 2180.1 or 23305.1 or 51703.1	389.018612521151	251.028971152656	1.54969607983845	L	[r]	atp[r] + coa[r] + lgnc[r]  -> amp[r] + ppi[r] + ttccoa[r] 
HMR_2978	Fatty acid synthesis	2182.1 or 23205.1 or 2181.1 or 81616.1 or 11001.1 or 2180.1 or 23305.1 or 51703.1	389.018612521151	251.028971152656	1.54969607983845	L	[r]	atp[r] + coa[r] + nrvnc[r]  -> amp[r] + ppi[r] + nrvnccoa[r] 
HMR_2979	Fatty acid synthesis	2182.1 or 23205.1 or 2181.1 or 81616.1 or 11001.1 or 2180.1 or 23305.1 or 51703.1	389.018612521151	251.028971152656	1.54969607983845	L	[r]	atp[r] + coa[r] + hexc[r]  -> amp[r] + ppi[r] + hexccoa[r] 
HMR_2980	Fatty acid synthesis	2182.1 or 23205.1 or 2181.1 or 81616.1 or 11001.1 or 2180.1 or 23305.1 or 51703.1	389.018612521151	251.028971152656	1.54969607983845	L	[r]	atp[r] + coa[r] + M03153[r]  -> amp[r] + ppi[r] + M02112[r] 
HMR_2982	Fatty acid synthesis	2182.1 or 23205.1 or 2181.1 or 81616.1 or 11001.1 or 2180.1 or 23305.1 or 51703.1	389.018612521151	251.028971152656	1.54969607983845	L	[r]	atp[r] + coa[r] + strdnc[r]  -> amp[r] + ppi[r] + strdnccoa[r] 
HMR_2983	Fatty acid synthesis	2182.1 or 23205.1 or 2181.1 or 81616.1 or 11001.1 or 2180.1 or 23305.1 or 51703.1	389.018612521151	251.028971152656	1.54969607983845	L	[r]	atp[r] + coa[r] + eicostet[r]  -> amp[r] + ppi[r] + eicostetcoa[r] 
HMR_2985	Fatty acid synthesis	2182.1 or 23205.1 or 2181.1 or 81616.1 or 11001.1 or 2180.1 or 23305.1 or 51703.1	389.018612521151	251.028971152656	1.54969607983845	L	[r]	atp[r] + coa[r] + clpnd[r]  -> amp[r] + ppi[r] + clpndcoa[r] 
HMR_2986	Fatty acid synthesis	2182.1 or 23205.1 or 2181.1 or 81616.1 or 11001.1 or 2180.1 or 23305.1 or 51703.1	389.018612521151	251.028971152656	1.54969607983845	L	[r]	atp[r] + coa[r] + tetpent3[r]  -> amp[r] + ppi[r] + tetpent3coa[r] 
HMR_2988	Fatty acid synthesis	2182.1 or 23205.1 or 2181.1 or 81616.1 or 11001.1 or 2180.1 or 23305.1 or 51703.1	389.018612521151	251.028971152656	1.54969607983845	L	[r]	atp[r] + coa[r] + crvnc[r]  -> amp[r] + ppi[r] + c226coa[r] 
HMR_2989	Fatty acid synthesis	2182.1 or 23205.1 or 2181.1 or 81616.1 or 11001.1 or 2180.1 or 23305.1 or 51703.1	389.018612521151	251.028971152656	1.54969607983845	L	[r]	atp[r] + coa[r] + M00010[r]  -> amp[r] + ppi[r] + M00012[r] 
HMR_2990	Fatty acid synthesis	2182.1 or 23205.1 or 2181.1 or 81616.1 or 11001.1 or 2180.1 or 23305.1 or 51703.1	389.018612521151	251.028971152656	1.54969607983845	L	[r]	atp[r] + coa[r] + M00341[r]  -> amp[r] + ppi[r] + M00343[r] 
HMR_2994	Fatty acid synthesis	2182.1 or 23205.1 or 2181.1 or 81616.1 or 11001.1 or 2180.1 or 23305.1 or 51703.1	389.018612521151	251.028971152655	1.54969607983845	L	[r]	atp[r] + coa[r] + dlnlcg[r]  -> amp[r] + ppi[r] + dlnlcgcoa[r] 
HMR_2998	Fatty acid synthesis	2182.1 or 23205.1 or 2181.1 or 81616.1 or 11001.1 or 2180.1 or 23305.1 or 51703.1	389.018612521151	251.028971152656	1.54969607983845	L	[r]	atp[r] + coa[r] + adrn[r]  -> amp[r] + ppi[r] + adrncoa[r] 
HMR_2999	Fatty acid synthesis	2182.1 or 23205.1 or 2181.1 or 81616.1 or 11001.1 or 2180.1 or 23305.1 or 51703.1	389.018612521151	251.028971152656	1.54969607983845	L	[r]	atp[r] + coa[r] + tettet6[r]  -> amp[r] + ppi[r] + tettet6coa[r] 
HMR_3001	Fatty acid synthesis	2182.1 or 23205.1 or 2181.1 or 81616.1 or 11001.1 or 2180.1 or 23305.1 or 51703.1	389.018612521151	251.028971152656	1.54969607983845	L	[r]	atp[r] + coa[r] + dcsptn1[r]  -> amp[r] + ppi[r] + dcsptn1coa[r] 
HMR_3002	Fatty acid synthesis	2182.1 or 23205.1 or 2181.1 or 81616.1 or 11001.1 or 2180.1 or 23305.1 or 51703.1	389.018612521151	251.028971152656	1.54969607983845	L	[r]	atp[r] + coa[r] + M00008[r]  -> amp[r] + ppi[r] + CE4843[r] 
HMR_3003	Fatty acid synthesis	2182.1 or 23205.1 or 2181.1 or 81616.1 or 11001.1 or 2180.1 or 23305.1 or 51703.1	389.018612521151	251.028971152656	1.54969607983845	L	[r]	atp[r] + coa[r] + M00021[r]  -> amp[r] + ppi[r] + M00023[r] 
HMR_3455	Fatty acid synthesis	3030.1 or 3032.1 or 10449.1	40	26.6666666666666	1.5	L	[m]	accoa[m] + CE2440[m]  <=> coa[m] + CE2439[m] 
HMR_3625	Cholesterol metabolism	6646.1 or 8435.1	389.01861252115	251.028971152656	1.54969607983845	L	[r]	chsterol[r] + ddcacoa[r]  -> coa[r] + M01498[r] 
HMR_3626	Cholesterol metabolism	6646.1 or 8435.1	389.01861252115	251.028971152656	1.54969607983845	L	[r]	chsterol[r] + M03050[r]  -> coa[r] + M01510[r] 
HMR_3627	Cholesterol metabolism	6646.1 or 8435.1	389.01861252115	251.028971152656	1.54969607983845	L	[r]	chsterol[r] + tdcoa[r]  -> coa[r] + M01501[r] 
HMR_3628	Cholesterol metabolism	6646.1 or 8435.1	389.018612521151	251.028971152656	1.54969607983845	L	[r]	chsterol[r] + M00129[r]  -> coa[r] + M01487[r] 
HMR_3629	Cholesterol metabolism	6646.1 or 8435.1	389.018612521151	251.028971152656	1.54969607983845	L	[r]	chsterol[r] + HC10784[r]  -> coa[r] + M01479[r] 
HMR_3630	Cholesterol metabolism	6646.1 or 8435.1	389.018612521151	251.028971152656	1.54969607983845	L	[r]	chsterol[r] + M01141[r]  -> coa[r] + M01470[r] 
HMR_3631	Cholesterol metabolism	6646.1 or 8435.1	389.018612521151	251.028971152656	1.54969607983845	L	[r]	chsterol[r] + ptdcacoa[r]  -> coa[r] + M01506[r] 
HMR_3633	Cholesterol metabolism	6646.1 or 8435.1	389.018612521151	251.028971152656	1.54969607983845	L	[r]	chsterol[r] + M01191[r]  -> coa[r] + M01477[r] 
HMR_3635	Cholesterol metabolism	6646.1 or 8435.1	389.018612521151	251.028971152656	1.54969607983845	L	[r]	chsterol[r] + hpdcacoa[r]  -> coa[r] + M01495[r] 
HMR_3636	Cholesterol metabolism	6646.1 or 8435.1	389.018612521151	251.028971152656	1.54969607983845	L	[r]	chsterol[r] + M00004[r]  -> coa[r] + M01454[r] 
HMR_3637	Cholesterol metabolism	6646.1 or 8435.1	389.018612521151	251.028971152656	1.54969607983845	L	[r]	chsterol[r] + M01237[r]  -> coa[r] + M01485[r] 
HMR_3639	Cholesterol metabolism	6646.1 or 8435.1	389.018612521151	251.028971152656	1.54969607983845	L	[r]	chsterol[r] + M00020[r]  -> coa[r] + M01464[r] 
HMR_3640	Cholesterol metabolism	6646.1 or 8435.1	389.018612521151	251.028971152656	1.54969607983845	L	[r]	chsterol[r] + vacccoa[r]  -> coa[r] + M01489[r] 
HMR_3642	Cholesterol metabolism	6646.1 or 8435.1	389.018612521151	251.028971152656	1.54969607983845	L	[r]	chsterol[r] + M00127[r]  -> coa[r] + M01486[r] 
HMR_3644	Cholesterol metabolism	6646.1 or 8435.1	389.018612521151	251.028971152656	1.54969607983845	L	[r]	chsterol[r] + lneldccoa[r]  -> coa[r] + M01474[r] 
HMR_3645	Cholesterol metabolism	6646.1 or 8435.1	389.018612521151	251.028971152656	1.54969607983845	L	[r]	chsterol[r] + M02612[r]  -> coa[r] + M01502[r] 
HMR_3646	Cholesterol metabolism	6646.1 or 8435.1	389.018612521151	251.028971152656	1.54969607983845	L	[r]	chsterol[r] + arachcoa[r]  -> coa[r] + M01492[r] 
HMR_3647	Cholesterol metabolism	6646.1 or 8435.1	389.018612521151	251.028971152656	1.54969607983845	L	[r]	chsterol[r] + M00018[r]  -> coa[r] + M01463[r] 
HMR_3648	Cholesterol metabolism	6646.1 or 8435.1	389.018612521151	251.028971152656	1.54969607983845	L	[r]	chsterol[r] + CE5151[r]  -> coa[r] + M01458[r] 
HMR_3649	Cholesterol metabolism	6646.1 or 8435.1	389.018612521151	251.028971152656	1.54969607983845	L	[r]	chsterol[r] + M01236[r]  -> coa[r] + M01484[r] 
HMR_3650	Cholesterol metabolism	6646.1 or 8435.1	389.018612521151	251.028971152656	1.54969607983845	L	[r]	chsterol[r] + M00123[r]  -> coa[r] + M01481[r] 
HMR_3651	Cholesterol metabolism	6646.1 or 8435.1	389.018612521151	251.028971152656	1.54969607983845	L	[r]	chsterol[r] + M00101[r]  -> coa[r] + M01469[r] 
HMR_3652	Cholesterol metabolism	6646.1 or 8435.1	389.018612521151	251.028971152656	1.54969607983845	L	[r]	chsterol[r] + M02052[r]  -> coa[r] + M01494[r] 
HMR_3654	Cholesterol metabolism	6646.1 or 8435.1	389.018612521151	251.028971152656	1.54969607983845	L	[r]	chsterol[r] + CE5155[r]  -> coa[r] + M01462[r] 
HMR_3655	Cholesterol metabolism	6646.1 or 8435.1	389.018612521151	251.028971152656	1.54969607983845	L	[r]	chsterol[r] + M00006[r]  -> coa[r] + M01457[r] 
HMR_3656	Cholesterol metabolism	6646.1 or 8435.1	389.018612521151	251.028971152656	1.54969607983845	L	[r]	chsterol[r] + M03047[r]  -> coa[r] + M01509[r] 
HMR_3657	Cholesterol metabolism	6646.1 or 8435.1	389.018612521151	251.028971152656	1.54969607983845	L	[r]	chsterol[r] + ttccoa[r]  -> coa[r] + M01508[r] 
HMR_3658	Cholesterol metabolism	6646.1 or 8435.1	389.018612521151	251.028971152656	1.54969607983845	L	[r]	chsterol[r] + nrvnccoa[r]  -> coa[r] + M01465[r] 
HMR_3659	Cholesterol metabolism	6646.1 or 8435.1	389.018612521151	251.028971152656	1.54969607983845	L	[r]	chsterol[r] + hexccoa[r]  -> coa[r] + M01496[r] 
HMR_3660	Cholesterol metabolism	6646.1 or 8435.1	389.018612521151	251.028971152656	1.54969607983845	L	[r]	chsterol[r] + M02112[r]  -> coa[r] + M01497[r] 
HMR_3663	Cholesterol metabolism	6646.1 or 8435.1	389.018612521151	251.028971152656	1.54969607983845	L	[r]	chsterol[r] + eicostetcoa[r]  -> coa[r] + M01480[r] 
HMR_3665	Cholesterol metabolism	6646.1 or 8435.1	389.018612521151	251.028971152656	1.54969607983845	L	[r]	chsterol[r] + clpndcoa[r]  -> coa[r] + M01475[r] 
HMR_3666	Cholesterol metabolism	6646.1 or 8435.1	389.018612521151	251.028971152656	1.54969607983845	L	[r]	chsterol[r] + tetpent3coa[r]  -> coa[r] + M01482[r] 
HMR_3667	Cholesterol metabolism	6646.1 or 8435.1	389.01861252115	251.028971152655	1.54969607983845	L	[r]	chsterol[r] + tethex3coa[r]  -> coa[r] + M01471[r] 
HMR_3668	Cholesterol metabolism	6646.1 or 8435.1	389.018612521151	251.028971152656	1.54969607983845	L	[r]	chsterol[r] + c226coa[r]  -> coa[r] + M01466[r] 
HMR_3669	Cholesterol metabolism	6646.1 or 8435.1	389.018612521151	251.028971152656	1.54969607983845	L	[r]	chsterol[r] + M00012[r]  -> coa[r] + M01455[r] 
HMR_3670	Cholesterol metabolism	6646.1 or 8435.1	389.018612521151	251.028971152656	1.54969607983845	L	[r]	chsterol[r] + M00343[r]  -> coa[r] + M01460[r] 
HMR_3677	Cholesterol metabolism	6646.1 or 8435.1	389.018612521151	251.028971152656	1.54969607983845	L	[r]	chsterol[r] + adrncoa[r]  -> coa[r] + M01476[r] 
HMR_3678	Cholesterol metabolism	6646.1 or 8435.1	389.018612521151	251.028971152656	1.54969607983845	L	[r]	chsterol[r] + tettet6coa[r]  -> coa[r] + M01483[r] 
HMR_3679	Cholesterol metabolism	6646.1 or 8435.1	389.01861252115	251.028971152655	1.54969607983845	L	[r]	chsterol[r] + tetpent6coa[r]  -> coa[r] + M01472[r] 
HMR_3680	Cholesterol metabolism	6646.1 or 8435.1	389.018612521151	251.028971152656	1.54969607983845	L	[r]	chsterol[r] + dcsptn1coa[r]  -> coa[r] + M01467[r] 
HMR_3681	Cholesterol metabolism	6646.1 or 8435.1	389.018612521151	251.028971152656	1.54969607983845	L	[r]	chsterol[r] + CE4843[r]  -> coa[r] + M01456[r] 
HMR_3682	Cholesterol metabolism	6646.1 or 8435.1	389.018612521151	251.028971152656	1.54969607983845	L	[r]	chsterol[r] + M00023[r]  -> coa[r] + M01461[r] 
HMR_3684	Cholesterol metabolism	3988.1 or 1056.1	389.01861252115	251.028971152656	1.54969607983845	L	[r]	h2o[r] + M01498[r]  -> h[r] + chsterol[r] + ddca[r] 
HMR_3685	Cholesterol metabolism	3988.1 or 1056.1	389.01861252115	251.028971152656	1.54969607983845	L	[r]	h2o[r] + M01510[r]  -> h[r] + chsterol[r] + M03051[r] 
HMR_3686	Cholesterol metabolism	3988.1 or 1056.1	389.01861252115	251.028971152656	1.54969607983845	L	[r]	h2o[r] + M01501[r]  -> h[r] + chsterol[r] + ttdca[r] 
HMR_3687	Cholesterol metabolism	3988.1 or 1056.1	389.018612521151	251.028971152656	1.54969607983845	L	[r]	h2o[r] + M01487[r]  -> h[r] + chsterol[r] + ttdcea[r] 
HMR_3688	Cholesterol metabolism	3988.1 or 1056.1	389.018612521151	251.028971152656	1.54969607983845	L	[r]	h2o[r] + M01479[r]  -> h[r] + chsterol[r] + M00117[r] 
HMR_3689	Cholesterol metabolism	3988.1 or 1056.1	389.018612521151	251.028971152656	1.54969607983845	L	[r]	h2o[r] + M01470[r]  -> h[r] + chsterol[r] + M02745[r] 
HMR_3690	Cholesterol metabolism	3988.1 or 1056.1	389.018612521151	251.028971152656	1.54969607983845	L	[r]	h2o[r] + M01506[r]  -> h[r] + chsterol[r] + ptdca[r] 
HMR_3692	Cholesterol metabolism	3988.1 or 1056.1	389.018612521151	251.028971152656	1.54969607983845	L	[r]	h2o[r] + M01477[r]  -> h[r] + chsterol[r] + M01197[r] 
HMR_3694	Cholesterol metabolism	3988.1 or 1056.1	389.018612521151	251.028971152656	1.54969607983845	L	[r]	h2o[r] + M01495[r]  -> h[r] + chsterol[r] + hpdca[r] 
HMR_3695	Cholesterol metabolism	3988.1 or 1056.1	389.018612521151	251.028971152656	1.54969607983845	L	[r]	h2o[r] + M01454[r]  -> h[r] + chsterol[r] + M00003[r] 
HMR_3696	Cholesterol metabolism	3988.1 or 1056.1	389.018612521151	251.028971152656	1.54969607983845	L	[r]	h2o[r] + M01485[r]  -> h[r] + chsterol[r] + M01238[r] 
HMR_3698	Cholesterol metabolism	3988.1 or 1056.1	389.018612521151	251.028971152656	1.54969607983845	L	[r]	h2o[r] + M01464[r]  -> h[r] + chsterol[r] + M00019[r] 
HMR_3699	Cholesterol metabolism	3988.1 or 1056.1	389.018612521151	251.028971152656	1.54969607983845	L	[r]	h2o[r] + M01489[r]  -> h[r] + chsterol[r] + vacc[r] 
HMR_3701	Cholesterol metabolism	3988.1 or 1056.1	389.018612521151	251.028971152656	1.54969607983845	L	[r]	h2o[r] + M01486[r]  -> h[r] + chsterol[r] + elaid[r] 
HMR_3703	Cholesterol metabolism	3988.1 or 1056.1	389.018612521151	251.028971152656	1.54969607983845	L	[r]	h2o[r] + M01474[r]  -> h[r] + chsterol[r] + lneldc[r] 
HMR_3704	Cholesterol metabolism	3988.1 or 1056.1	389.018612521151	251.028971152656	1.54969607983845	L	[r]	h2o[r] + M01502[r]  -> h[r] + chsterol[r] + M02613[r] 
HMR_3705	Cholesterol metabolism	3988.1 or 1056.1	389.018612521151	251.028971152656	1.54969607983845	L	[r]	h2o[r] + M01492[r]  -> h[r] + chsterol[r] + arach[r] 
HMR_3706	Cholesterol metabolism	3988.1 or 1056.1	389.018612521151	251.028971152656	1.54969607983845	L	[r]	h2o[r] + M01463[r]  -> h[r] + chsterol[r] + M00017[r] 
HMR_3707	Cholesterol metabolism	3988.1 or 1056.1	389.018612521151	251.028971152656	1.54969607983845	L	[r]	h2o[r] + M01458[r]  -> h[r] + chsterol[r] + CE2510[r] 
HMR_3708	Cholesterol metabolism	3988.1 or 1056.1	389.018612521151	251.028971152656	1.54969607983845	L	[r]	h2o[r] + M01484[r]  -> h[r] + chsterol[r] + M01235[r] 
HMR_3709	Cholesterol metabolism	3988.1 or 1056.1	389.018612521151	251.028971152656	1.54969607983845	L	[r]	h2o[r] + M01481[r]  -> h[r] + chsterol[r] + M01207[r] 
HMR_3710	Cholesterol metabolism	3988.1 or 1056.1	389.018612521151	251.028971152656	1.54969607983845	L	[r]	h2o[r] + M01469[r]  -> chsterol[r] + M02457[r] 
HMR_3711	Cholesterol metabolism	3988.1 or 1056.1	389.018612521151	251.028971152656	1.54969607983845	L	[r]	h2o[r] + M01494[r]  -> h[r] + chsterol[r] + M02053[r] 
HMR_3713	Cholesterol metabolism	3988.1 or 1056.1	389.018612521151	251.028971152656	1.54969607983845	L	[r]	h2o[r] + M01462[r]  -> h[r] + chsterol[r] + doco13ac[r] 
HMR_3714	Cholesterol metabolism	3988.1 or 1056.1	389.018612521151	251.028971152656	1.54969607983845	L	[r]	h2o[r] + M01457[r]  -> h[r] + chsterol[r] + M01582[r] 
HMR_3715	Cholesterol metabolism	3988.1 or 1056.1	389.018612521151	251.028971152656	1.54969607983845	L	[r]	h2o[r] + M01509[r]  -> h[r] + chsterol[r] + M03045[r] 
HMR_3716	Cholesterol metabolism	3988.1 or 1056.1	389.018612521151	251.028971152656	1.54969607983845	L	[r]	h2o[r] + M01508[r]  -> h[r] + chsterol[r] + lgnc[r] 
HMR_3717	Cholesterol metabolism	3988.1 or 1056.1	389.018612521151	251.028971152656	1.54969607983845	L	[r]	h2o[r] + M01465[r]  -> h[r] + chsterol[r] + nrvnc[r] 
HMR_3718	Cholesterol metabolism	3988.1 or 1056.1	389.018612521151	251.028971152656	1.54969607983845	L	[r]	h2o[r] + M01496[r]  -> h[r] + chsterol[r] + hexc[r] 
HMR_3719	Cholesterol metabolism	3988.1 or 1056.1	389.018612521151	251.028971152656	1.54969607983845	L	[r]	h2o[r] + M01497[r]  -> h[r] + chsterol[r] + M03153[r] 
HMR_3722	Cholesterol metabolism	3988.1 or 1056.1	389.018612521151	251.028971152656	1.54969607983845	L	[r]	h2o[r] + M01480[r]  -> h[r] + chsterol[r] + eicostet[r] 
HMR_3724	Cholesterol metabolism	3988.1 or 1056.1	389.018612521151	251.028971152656	1.54969607983845	L	[r]	h2o[r] + M01475[r]  -> h[r] + chsterol[r] + clpnd[r] 
HMR_3725	Cholesterol metabolism	3988.1 or 1056.1	389.018612521151	251.028971152656	1.54969607983845	L	[r]	h2o[r] + M01482[r]  -> h[r] + chsterol[r] + tetpent3[r] 
HMR_3726	Cholesterol metabolism	3988.1 or 1056.1	389.01861252115	251.028971152655	1.54969607983845	L	[r]	h2o[r] + M01471[r]  -> h[r] + chsterol[r] + tethex3[r] 
HMR_3727	Cholesterol metabolism	3988.1 or 1056.1	389.018612521151	251.028971152656	1.54969607983845	L	[r]	h2o[r] + M01466[r]  -> h[r] + chsterol[r] + crvnc[r] 
HMR_3728	Cholesterol metabolism	3988.1 or 1056.1	389.018612521151	251.028971152656	1.54969607983845	L	[r]	h2o[r] + M01455[r]  -> h[r] + chsterol[r] + M00010[r] 
HMR_3729	Cholesterol metabolism	3988.1 or 1056.1	389.018612521151	251.028971152656	1.54969607983845	L	[r]	h2o[r] + M01460[r]  -> h[r] + chsterol[r] + M00341[r] 
HMR_3736	Cholesterol metabolism	3988.1 or 1056.1	389.018612521151	251.028971152656	1.54969607983845	L	[r]	h2o[r] + M01476[r]  -> h[r] + chsterol[r] + adrn[r] 
HMR_3737	Cholesterol metabolism	3988.1 or 1056.1	389.018612521151	251.028971152656	1.54969607983845	L	[r]	h2o[r] + M01483[r]  -> h[r] + chsterol[r] + tettet6[r] 
HMR_3738	Cholesterol metabolism	3988.1 or 1056.1	389.01861252115	251.028971152655	1.54969607983845	L	[r]	h2o[r] + M01472[r]  -> h[r] + chsterol[r] + tetpent6[r] 
HMR_3739	Cholesterol metabolism	3988.1 or 1056.1	389.018612521151	251.028971152656	1.54969607983845	L	[r]	h2o[r] + M01467[r]  -> h[r] + chsterol[r] + dcsptn1[r] 
HMR_3740	Cholesterol metabolism	3988.1 or 1056.1	389.018612521151	251.028971152656	1.54969607983845	L	[r]	h2o[r] + M01456[r]  -> h[r] + chsterol[r] + M00008[r] 
HMR_3741	Cholesterol metabolism	3988.1 or 1056.1	389.018612521151	251.028971152656	1.54969607983845	L	[r]	h2o[r] + M01461[r]  -> h[r] + chsterol[r] + M00021[r] 
HMR_6549	Inositol phosphate metabolism	3631.1 or 8821.1	758.265651438241	487.593744882921	1.5551176761308	L	[c]	h2o[c] + pail34p_hs[c]  -> pi[c] + pail3p_hs[c] 
HMR_6564	Inositol phosphate metabolism	9562.1	758.265651438243	487.593744882921	1.5551176761308	L	[c]	h2o[c] + mi1345p[c]  -> pi[c] + mi145p[c] 
HMR_6580	Inositol phosphate metabolism	8395.1 or 8394.1 or 138429.1 or 23396.1	758.265651438239	487.593744882921	1.55511767613079	L	[g]	atp[g] + pail_hs[g]  -> h[g] + adp[g] + pail5p_hs[g] 
HMR_6584	Inositol phosphate metabolism	93492.1 or 5728.1	758.265651438239	487.593744882921	1.55511767613079	L	[g]	h2o[g] + pail5p_hs[g]  -> pi[g] + pail_hs[g] 
HMR_7652	Inositol phosphate metabolism	51447.1 or 23262.1 or 117283.1 or 9677.1 or 9807.1	758.265651438241	487.593744882921	1.5551176761308	L	[c]	atp[c] + minohp[c]  -> adp[c] + ppmi12346p[c] 
HMR_9802	Glutamate metabolism	27165.1	778.26565143824	507.59374488292	1.53324515773486	L	[c]	h2o[c] + gln_L[c]  -> nh4[c] + glu_L[c] 
HYPOE	Vitamin B6 metabolism	57026.1	758.265651438241	487.593744882923	1.55511767613079	L	[c]	h2o[c] + pyam5p[c]  -> pi[c] + pydam[c] 
MI1345PP	Inositol phosphate metabolism	3635.1 or 8867.2 or 3636.1 or 27124.2 or 8867.1 or 27124.1 or 3633.1 or 56623.1 or 3632.1	382.466159052453	249.764614376945	1.53130642627877	L	[c]	h2o[c] + mi1345p[c]  -> pi[c] + mi134p[c] 
MI134PP	Inositol phosphate metabolism	3628.1	382.466159052453	249.764614376945	1.53130642627877	L	[c]	h2o[c] + mi134p[c]  -> pi[c] + mi34p[c] 
MI145PK	Inositol phosphate metabolism	3706.1 or 80271.1 or 3707.1	758.26565143824	487.593744882921	1.55511767613079	L	[c]	atp[c] + mi145p[c]  -> h[c] + adp[c] + mi1345p[c] 
MI14P4P	Inositol phosphate metabolism	51477.1	771.598984771573	504.690519076468	1.52885571574342	L	[c]	h2o[c] + mi14p[c]  -> pi[c] + mi1p_D[c] 
MI14PP	Inositol phosphate metabolism	3628.1	764.932318104907	499.529228753889	1.53130642627877	L	[c]	h2o[c] + mi14p[c]  -> pi[c] + mi4p_D[c] 
MI1PP	Inositol phosphate metabolism	3612.1 or 3613.1 or 8776.1 or 8898.1	764.932318104908	499.529228753889	1.53130642627877	L	[c]	h2o[c] + mi1p_D[c]  -> pi[c] + inost[c] 
MI1PS	Inositol phosphate metabolism	51477.1	236.800062959902	137.778069775055	1.71870649187143	L	[c]	g6p[c]  -> mi1p_D[c] 
MI34PP	Inositol phosphate metabolism	3631.2 or 3631.1 or 8821.1	382.466159052453	249.764614376945	1.53130642627877	L	[c]	h2o[c] + mi34p[c]  -> pi[c] + mi3p_D[c] 
MI3PP	Inositol phosphate metabolism	3612.1 or 3613.1	382.466159052453	249.764614376945	1.53130642627877	L	[c]	h2o[c] + mi3p_D[c]  -> pi[c] + inost[c] 
MI4PP	Inositol phosphate metabolism	3612.1 or 3613.1	764.932318104907	499.529228753889	1.53130642627877	L	[c]	h2o[c] + mi4p_D[c]  -> pi[c] + inost[c] 
NTD1	Pyrimidine catabolism	30833.1 or 51251.1 	758.26565143824	487.593744882922	1.55511767613079	L	[c]	h2o[c] + dump[c]  -> pi[c] + duri[c] 
NTD2l	Pyrimidine catabolism	53.1 or 55.1 or 51205.1 or 54.1	758.26565143824	487.593744882922	1.55511767613079	L	[l]	h2o[l] + ump[l]  -> pi[l] + uri[l] 
NTD3	Pyrimidine catabolism	93034.1 or 30833.1 or 93034.2 or 2978.1 or 84618.1 or 51251.1 or 4907.1	757.170655064056	487.593744882922	1.55287196156682	L	[c]	h2o[c] + dcmp[c]  -> pi[c] + dcyt[c] 
NTD4	Pyrimidine catabolism	51251.1 or 22978.1 or 84618.1 or 30833.1 or 4907.1 or 93034.1	758.265651438242	487.593744882922	1.5551176761308	L	[c]	h2o[c] + cmp[c]  -> pi[c] + cytd[c] 
NTD4l	Pyrimidine catabolism	53.1 or 55.1 or 51205.1 or 54.1	758.265651438241	487.59374488292	1.5551176761308	L	[l]	h2o[l] + cmp[l]  -> pi[l] + cytd[l] 
NTD5	Pyrimidine catabolism	30833.1 or 22978.1 or 84618.1 or 51251.1 or 4907.1 or 93034.1	758.265651438241	487.593744882921	1.5551176761308	L	[c]	h2o[c] + dtmp[c]  -> pi[c] + thymd[c] 
NTD5l	Pyrimidine catabolism	53.1 or 55.1 or 51205.1 or 54.1	758.265651438238	487.593744882921	1.55511767613079	L	[l]	h2o[l] + dtmp[l]  -> pi[l] + thymd[l] 
PDHm	Glycolysis/gluconeogenesis	( 1738.1 and 8050.1 ) and ( 5161.1 and 5162.1 ) and ( 1737.1 ) or ( 1738.1 and 8050.1 ) and ( 5160.1 and 5162.1 ) and ( 1737.1 )	582.197546531303	382.004136115811	1.52406084512865	L	[m]	nad[m] + coa[m] + pyr[m]  -> nadh[m] + co2[m] + accoa[m] 
PDXPP	Vitamin B6 metabolism	57026.1	758.265651438243	487.59374488292	1.5551176761308	L	[c]	h2o[c] + pdx5p[c]  -> pi[c] + pydxn[c] 
PGK	Glycolysis/gluconeogenesis	5230.1 or 375056.1 or 5232.1	871.313461390556	487.593744882921	1.78696603583332	L	[c]	atp[c] + 3pg[c]  <=> adp[c] + 13dpg[c] 
PGM	Glycolysis/gluconeogenesis	669.1 or 5223.1 or 5224.2 or 5224.1 or 669.2	871.469711390554	487.916325528082	1.78610484174176	L	[c]	2pg[c]  <=> 3pg[c] 
PGMT	Glycolysis/gluconeogenesis	5236.1 or 55276.1	389.018612521151	251.028971152656	1.54969607983845	L	[c]	g1p[c]  <=> g6p[c] 
PI345P5P	Inositol phosphate metabolism	3633.1 or 27124.1 or 3635.1 or 3636.1 or 8871.1 or 56623.1 or 8867.2 or 27124.2 or 8867.1 or 3632.1	758.265651438241	487.593744882922	1.55511767613079	L	[c]	h2o[c] + pail345p_hs[c]  -> pi[c] + pail34p_hs[c] 
PI34P5K	Inositol phosphate metabolism	8394.1 or 23396.1 or 8395.1	758.26565143824	487.593744882921	1.55511767613079	L	[c]	atp[c] + pail34p_hs[c]  -> h[c] + adp[c] + pail345p_hs[c] 
PI3P4K	Inositol phosphate metabolism	55361.1 or 5297.1 or 8394.1 or 23396.1 or 8395.1 or 5298.1	758.265651438241	487.593744882921	1.5551176761308	L	[c]	atp[c] + pail3p_hs[c]  -> h[c] + adp[c] + pail34p_hs[c] 
PI3P5K	Inositol phosphate metabolism	8394.1 or 23396.1 or 8395.1	758.265651438241	487.593744882922	1.5551176761308	L	[c]	atp[c] + pail3p_hs[c]  -> h[c] + adp[c] + pail35p_hs[c] 
PI4P3K	Inositol phosphate metabolism	(5291.1 and 5295.3) or (5296.1 and 5290.1) or (5293.1 and 5296.1) or (5287.1) or (5286.1) or (5293.1 and 8503.1) or (5293.1 and 5295.3) or (5291.1 and 8503.1) or (5295.2 and 5290.1) or (5288.1) or (5291.1 and 5295.1) or (5296.1 and 5291.1) or (23533.1 and 5294.1) or (5293.1 and 5295.1) or (5295.2 and 5293.1) or (5290.1 and 8503.1) or (5290.1 and 5295.3) or (10870.1 and 5294.1) or (5295.2 and 5291.1) or (5290.1 and 5295.1)	758.265651438241	487.593744882922	1.55511767613079	L	[c]	atp[c] + pail4p_hs[c]  -> h[c] + adp[c] + pail34p_hs[c] 
PI5P4K	Inositol phosphate metabolism	5297.1 or 55361.1 or 5298.1	758.265651438241	243.79687244146	3.1102353522616	L	[c]	atp[c] + pail5p_hs[c]  -> h[c] + adp[c] + pail45p_hs[c] 
PIK3	Inositol phosphate metabolism	(5295.2 and 5291.1) or (23533.1 and 5294.1) or (5290.1 and 5295.1) or (5293.1 and 5295.3) or 5287.1 or 5286.1 or (5293.1 and 5296.1) or (5295.2 and 5293.1) or (5296.1 and 5291.1) or (5290.1 and 5295.3) or 5288.1 or (5290.1 and 8503.1) or (5291.1 and 5295.3) or (10870.1 and 5294.1) or (5291.1 and 8503.1) or (5293.1 and 5295.1) or (5296.1 and 5290.1) or 5289.1 or (5293.1 and 8503.1) or (5291.1 and 5295.1) or (5295.2 and 5290.1)	758.265651438241	487.593744882921	1.5551176761308	L	[c]	atp[c] + pail_hs[c]  -> h[c] + adp[c] + pail3p_hs[c] 
PIPLC	Inositol phosphate metabolism	23236.2 or 5336.1 or 23007.1 or 113026.1 or 89869.1 or 84812.1 or 9651.1 or 5335.1 or 51196.1 or 257068.1 or 5332.2 or 5331.1 or 5335.2 or 5334.1 or 5332.1 or 5330.1 or 23236.1 or 5333.1	771.598984771574	504.69051907647	1.52885571574342	L	[c]	h2o[c] + pail_hs[c]  -> h[c] + dag_hs[c] + mi1p_D[c] 
PMI12346PH	Inositol phosphate metabolism	117283.1 or 9807.2 or 9807.1	758.265651438241	487.59374488292	1.5551176761308	L	[c]	h2o[c] + ppmi12346p[c]  -> h[c] + pi[c] + minohp[c] 
PMI12346PHn	Inositol phosphate metabolism	51447.3 or 9807.2 or 51447.4 or 51447.6 or 9807.1 or 51447.5 or 117283.1 or 51447.1 or 51447.2	758.26565143824	487.593744882921	1.5551176761308	L	[n]	h2o[n] + ppmi12346p[n]  -> h[n] + minohp[n] + pi[n] 
PYDAMK	Vitamin B6 metabolism	8566.1	758.265651438241	487.593744882921	1.5551176761308	L	[c]	atp[c] + pydam[c]  -> h[c] + adp[c] + pyam5p[c] 
PYDXK	Vitamin B6 metabolism	8566.1	764.932318104907	492.755035205501	1.55235819718391	L	[c]	atp[c] + pydx[c]  -> h[c] + adp[c] + pydx5p[c] 
PYDXNK	Vitamin B6 metabolism	8566.1	758.26565143824	487.593744882921	1.55511767613079	L	[c]	atp[c] + pydxn[c]  -> h[c] + adp[c] + pdx5p[c] 
PYDXPP	Vitamin B6 metabolism	57026.1	758.265651438241	487.593744882922	1.55511767613079	L	[c]	h2o[c] + pydx5p[c]  -> pi[c] + pydx[c] 
PYNP2r	Pyrimidine catabolism	7378.2 or 151531.1 or 7378.1	1648.30600494224	1025.18748976584	1.60780932404737	L	[c]	pi[c] + uri[c]  <=> ura[c] + r1p[c] 
RE0344C	Fatty acid synthesis	641372.1 or 641371.1 or 570.1	397.351945854484	259.809458957533	1.52939753405757	L	[c]	h2o[c] + stcoa[c]  <=> h[c] + coa[c] + ocdca[c] 
RE0565C	Fatty acid synthesis	6785.1 or 79071.1 or 60481.1 or 54898.1 	438.8601486059	279.780485053582	1.56858741781741	L	[c]	h[c] + stcoa[c] + malcoa[c]  -> co2[c] + coa[c] + CE2251[c] 
RE0566C	Fatty acid synthesis		438.8601486059	279.780485053582	1.56858741781741	L	[c]	h[c] + nadph[c] + CE2251[c]  <=> nadp[c] + CE2247[c] 
RE0567C	Fatty acid synthesis		438.8601486059	279.780485053582	1.56858741781741	L	[c]	CE2247[c]  <=> h2o[c] + CE2243[c] 
RE0568C	Fatty acid synthesis	9045.1	438.8601486059	279.780485053582	1.56858741781741	L	[c]	h[c] + nadph[c] + CE2243[c]  <=> nadp[c] + arachcoa[c] 
RE0578C	Fatty acid synthesis	641372.1 or 641371.1 or 570.1	389.018612521151	251.028971152656	1.54969607983845	L	[c]	h2o[c] + docoscoa[c]  <=> h[c] + coa[c] + docosac[c] 
r0178	Glutamate metabolism	7915.1	1262.14044793433	600.926260243058	2.10032500064788	L	[m]	h2o[m] + nad[m] + sucsal[m]  <=> 2 h[m] + nadh[m] + succ[m] 
r0354	Glycolysis/gluconeogenesis	2645.1 or 3098.1 or 3099.1 or 3101.1	479.018612521152	261.028971152655	1.83511665546508	L	[c]	itp[c] + glc_D[c]  -> h[c] + idp[c] + g6p[c] 
r0355	Glycolysis/gluconeogenesis	2645.1 or 3098.1 or 3099.1 or 3101.1	479.018612521151	261.028971152656	1.83511665546507	L	[c]	datp[c] + glc_D[c]  -> h[c] + dadp[c] + g6p[c] 
r0365	Propanoate metabolism		758.26565143824	487.593744882919	1.5551176761308	L	[m]	nad[m] + 3hpp[m]  -> h[m] + nadh[m] + msa[m] 
